ubicageo_f,numeral,nombre1,instresp_f
1001,1,NO APLICA,0
1002,1,NO APLICA,0
1003,1,NO APLICA,0
1004,1,NO APLICA,0
1005,1,NO APLICA,0
1006,1,C2,3
1007,1,NO APLICA,0
1008,1,NO APLICA,0
1009,1,NO APLICA,0
1010,1,NO APLICA,0
1011,1,NO APLICA,0
2001,1,CENTRO DE COMANDO CONTROL COMUNICACION Y COMPUTO,2
2002,1,CENTRO DE CONTROL COMANDO COMUNICACION Y COMPUTO,1
2003,1,CENTRO DE CONTROL COMANDO COMUNICACION COMPUTO CALIDAD Y CONTACTO CIUDADANO,2
2004,1,CENTRO DE CONTROL COMANDO COMUNICACION Y COMPUTO,2
2005,1,NO APLICA,0
2006,1,NO APLICA,0
2007,1,NO APLICA,0
3001,1,NO APLICA,0
3002,1,NO APLICA,0
3003,1,NO APLICA,0
3008,1,CENTRO DE CONTROL Y MONITOREO,3
3009,1,NO APLICA,0
4001,1,NO APLICA,0
4002,1,NO APLICA,0
4003,1,NO APLICA,0
4004,1,NO APLICA,0
4005,1,NO APLICA,0
4006,1,NO APLICA,0
4007,1,NO APLICA,0
4008,1,NO APLICA,0
4009,1,NO APLICA,0
4010,1,NO APLICA,0
4011,1,COMANDANCIA DE SEGURIDAD PUBLICA,3
4012,1,NO APLICA,0
4013,1,NO APLICA,0
5001,1,NO APLICA,0
5002,1,TELEFONISTA,3
5003,1,NO APLICA,0
5004,1,NO APLICA,0
5005,1,NO APLICA,0
5006,1,NO APLICA,0
5007,1,NO APLICA,0
5008,1,NO APLICA,0
5009,1,SALA DE EMERGENCIAS,3
5010,1,NO APLICA,0
5011,1,NO APLICA,0
5012,1,NO APLICA,0
5013,1,NO APLICA,0
5014,1,SISTEMA DE EMERGENCIA C-4,1
5015,1,NO APLICA,0
5016,1,NO APLICA,0
5017,1,CENTRO DE CONTROL Y COMANDO,3
5018,1,CENTRO DE ATENCION DE LLAMADAS DE EMERGENCIA RADIO,3
5019,1,COMANDANCIA,3
5020,1,NO APLICA,0
5021,1,NO APLICA,0
5022,1,NO APLICA,0
5023,1,NO APLICA,0
5024,1,NO APLICA,0
5025,1,NO APLICA,0
5026,1,NO APLICA,0
5027,1,NO APLICA,0
5028,1,DIRECCION DE SEGURIDAD PUBLICA Y VIALIDAD MUNICIPAL,3
5029,1,NO APLICA,0
5030,1,CENTRAL DE RADIO,3
5030,2,CENTRO DE CONTROL Y COMANDO,3
5031,1,NO APLICA,0
5032,1,NO APLICA,0
5033,1,DIRECCION DE SEGURIDAD PUBLICA MUNICIPAL,3
5034,1,NO APLICA,0
5035,1,CENTRO DE CONTROL Y COMANDO 2,3
5036,1,NO APLICA,0
5037,1,DIRECCION DE SEGURIDAD PUBLICA MUNICIPAL,3
5038,1,NO APLICA,0
6001,1,NO APLICA,0
6002,1,CENTRO DE COMUNICACION Y CONTROL,3
6003,1,CENTRO DE COMUNICACION Y VIDEOVIGILANCIA C2,3
6004,1,NO APLICA,0
6005,1,NO APLICA,0
6006,1,NO APLICA,0
6007,1,SUBCENTRO C5I MANZANILLO,1
6008,1,CENTRAL,3
6009,1,SUBCENTRO C5 TECOMAN,2
6010,1,NO APLICA,0
7001,1,NO APLICA,0
7002,1,NO APLICA,0
7003,1,NO IDENTIFICADO,97
7004,1,NO APLICA,0
7005,1,NO APLICA,0
7006,1,NO APLICA,0
7007,1,NO APLICA,0
7008,1,911,1
7008,2,COMANDANCIA,3
7009,1,CENTRO DE MONITOREO,3
7010,1,NO APLICA,0
7011,1,NO APLICA,0
7012,1,NO APLICA,0
7013,1,NO APLICA,0
7014,1,NO APLICA,0
7015,1,NO APLICA,0
7016,1,NO APLICA,0
7017,1,CENTRO DE ATENCION DE LLAMADAS DE EMERGENCIAS CINTALAPA,3
7018,1,NO APLICA,0
7019,1,NO APLICA,0
7020,1,COMANDANCIA MUNICIPAL,3
7021,1,NO APLICA,0
7022,1,NO APLICA,0
7023,1,NO APLICA,0
7024,1,NO APLICA,0
7025,1,NO APLICA,0
7026,1,NO APLICA,0
7027,1,NO APLICA,0
7028,1,NO APLICA,0
7029,1,NO APLICA,0
7030,1,NO APLICA,0
7031,1,NO APLICA,0
7032,1,OFICINA SEGURIDAD PUBLICA H AYUNTAMIENTO,2
7033,1,NO APLICA,0
7034,1,NO APLICA,0
7035,1,NO APLICA,0
7036,1,NO IDENTIFICADO,97
7037,1,NO APLICA,0
7038,1,NO APLICA,0
7039,1,NO APLICA,0
7040,1,NO APLICA,0
7041,1,NO APLICA,0
7042,1,NO APLICA,0
7043,1,NO APLICA,0
7044,1,NO APLICA,0
7045,1,NO APLICA,0
7046,1,NO APLICA,0
7047,1,NO APLICA,0
7048,1,NO APLICA,0
7049,1,NO APLICA,0
7050,1,NO APLICA,0
7051,1,C4,3
7052,1,NO APLICA,0
7053,1,INSTITUCIONES ENCARGADAS DE LA FUNCION DE SEGURIDAD PUBLICA DEL MUNICIPIO,3
7054,1,NO APLICA,0
7055,1,NO APLICA,0
7056,1,NO APLICA,0
7057,1,NO APLICA,0
7058,1,NO APLICA,0
7059,1,NO APLICA,0
7060,1,NO APLICA,0
7061,1,NO APLICA,0
7062,1,NO APLICA,0
7063,1,NO APLICA,0
7064,1,NO APLICA,0
7065,1,CENTRO DE ATENCION DE LLAMADAS DE EMERGENCIA 911,2
7066,1,NO APLICA,0
7067,1,NO APLICA,0
7068,1,NO APLICA,0
7069,1,COMANDANCIA MUNICIPAL,3
7070,1,NO APLICA,0
7071,1,SEGURIDAD CIUDADANA C4,3
7072,1,NO APLICA,0
7073,1,NO APLICA,0
7074,1,NO APLICA,0
7075,1,NO APLICA,0
7076,1,NO APLICA,0
7077,1,NO APLICA,0
7078,1,CALLE 911,1
7079,1,NO APLICA,0
7080,1,NO APLICA,0
7081,1,NO APLICA,0
7082,1,NO APLICA,0
7083,1,NO APLICA,0
7084,1,NO APLICA,0
7085,1,NO APLICA,0
7086,1,COMANDANCIA MUNICIPAL,3
7087,1,NO APLICA,0
7088,1,NO APLICA,0
7089,1,RADIO OPERADOR CONDOR,3
7090,1,NO APLICA,0
7091,1,NO APLICA,0
7092,1,NO APLICA,0
7093,1,NO APLICA,0
7094,1,NO APLICA,0
7096,1,NO APLICA,0
7097,1,ESCUDO URBANO C5,3
7098,1,NO APLICA,0
7099,1,NO APLICA,0
7100,1,NO APLICA,0
7101,1,CENTRO DE OPERACIONES BASE GAMMA DENUNCIAS Y EMERGENCIAS,3
7102,1,ATENCION DE EMERGENCIAS,3
7103,1,NO APLICA,0
7104,1,NO APLICA,0
7105,1,NO APLICA,0
7106,1,NO APLICA,0
7107,1,911,1
7108,1,NO APLICA,0
7109,1,NO APLICA,0
7110,1,NO APLICA,0
7111,1,NO APLICA,0
7112,1,NO IDENTIFICADO,97
7113,1,NO APLICA,0
7114,1,NO APLICA,0
7115,1,NO APLICA,0
7116,1,NO APLICA,0
7117,1,NO APLICA,0
7118,1,NO APLICA,0
7119,1,NO APLICA,0
7120,1,NO APLICA,0
7121,1,NO APLICA,0
7122,1,NO APLICA,0
7123,1,NO APLICA,0
7124,1,NO APLICA,0
7125,1,NO APLICA,0
8001,1,DIRECCION DE SEGURIDAD PUBLICA MUNICIPAL,3
8002,1,NO APLICA,0
8003,1,SEGURIDAD PUBLICA,3
8004,1,COMANDANCIA AQUILES SERDAN CHIHUAHUA,3
8005,1,DIRECCION DE SEGURIDAD PUBLICA MUNICIPAL,3
8006,1,NO APLICA,0
8007,1,NO APLICA,0
8008,1,NO APLICA,0
8009,1,NO APLICA,0
8010,1,NO APLICA,0
8011,1,CENTRO DE CONTROL COMANDO COMUNICACION Y COMPUTO,3
8012,1,NO APLICA,0
8013,1,NO APLICA,0
8014,1,NO APLICA,0
8015,1,NO IDENTIFICADO,97
8016,1,NO APLICA,0
8017,1,CENTRO DE CONTROL COMANDO COMUNICACIONES Y COMPUTO,3
8018,1,NO APLICA,0
8019,1,CENTRO DE EMERGENCIA Y RESPUESTA INMEDIATA 911,3
8020,1,NO APLICA,0
8021,1,CENTRO DE CONTROL COMPUTO Y COMANDO,4
8022,1,NO APLICA,0
8023,1,COMANDANCIA LAGUNITAS,2
8024,1,NO APLICA,0
8025,1,NO APLICA,0
8026,1,NO APLICA,0
8027,1,NO APLICA,0
8028,1,NO APLICA,0
8029,1,NO APLICA,0
8030,1,NO APLICA,0
8031,1,NO APLICA,0
8032,1,SUB CENTRO C4 PARRAL,3
8033,1,NO APLICA,0
8034,1,NO APLICA,0
8035,1,INSTITUCION ENCARGADA DE LA FUNCION DE SEGURIDAD PUBLICA DEL MUNICIPIO,3
8036,1,C4,3
8037,1,CENTRO DE EMERGENCIAS Y RESPUESTA INMEDIATA CERI-911,3
8038,1,NO APLICA,0
8039,1,NO APLICA,0
8040,1,COMANDANCIA DE SEGURIDAD PUBLICA MUNICIPAL,3
8041,1,NO APLICA,0
8042,1,NO APLICA,0
8043,1,NO APLICA,0
8044,1,NO APLICA,0
8045,1,C4,3
8046,1,NO APLICA,0
8047,1,NO APLICA,0
8048,1,NO IDENTIFICADO,97
8049,1,NO APLICA,0
8050,1,CENTRO DE CONTROL COMANDO Y COMUNICACION C 4,3
8051,1,NO APLICA,0
8052,1,EMERGENCIAS 911,3
8053,1,NO APLICA,0
8054,1,NO APLICA,0
8055,1,NO APLICA,0
8056,1,NO APLICA,0
8057,1,NO APLICA,0
8058,1,NO APLICA,0
8059,1,NO IDENTIFICADO,97
8060,1,NO APLICA,0
8061,1,NO APLICA,0
8062,1,NO APLICA,0
8063,1,NO APLICA,0
8064,1,NO APLICA,0
8065,1,NO APLICA,0
8066,1,NO APLICA,0
8067,1,NO APLICA,0
9002,1,NO APLICA,0
9003,1,NO APLICA,0
9004,1,NO APLICA,0
9005,1,NO APLICA,0
9006,1,NO APLICA,0
9007,1,NO APLICA,0
9008,1,NO APLICA,0
9009,1,NO APLICA,0
9010,1,NO APLICA,0
9011,1,NO APLICA,0
9012,1,NO APLICA,0
9013,1,NO APLICA,0
9014,1,NO APLICA,0
9015,1,NO APLICA,0
9016,1,NO APLICA,0
9017,1,NO APLICA,0
10001,1,NO APLICA,0
10002,1,NO APLICA,0
10003,1,NO APLICA,0
10004,1,NO APLICA,0
10005,1,NO APLICA,0
10006,1,NO APLICA,0
10007,1,CENTRO DE CONTROL Y MONITOREO,1
10008,1,NO APLICA,0
10009,1,NO APLICA,0
10010,1,NO APLICA,0
10011,1,NO APLICA,0
10012,1,NO APLICA,0
10013,1,NO APLICA,0
10014,1,NO APLICA,0
10015,1,NO APLICA,0
10016,1,NO APLICA,0
10017,1,NO APLICA,0
10018,1,NO APLICA,0
10019,1,NO APLICA,0
10020,1,NO APLICA,0
10021,1,NO APLICA,0
10022,1,NO APLICA,0
10023,1,CENTRO DE COMANDO CONTROL COMUNICACION Y COMPUTO,2
10023,2,CABINA DE RADIO,3
10024,1,NO APLICA,0
10025,1,NO APLICA,0
10026,1,NO APLICA,0
10027,1,NO APLICA,0
10028,1,NO APLICA,0
10029,1,NO APLICA,0
10030,1,NO APLICA,0
10031,1,NO APLICA,0
10032,1,NO APLICA,0
10033,1,NO APLICA,0
10034,1,NO APLICA,0
10035,1,NO APLICA,0
10036,1,NO APLICA,0
10037,1,NO APLICA,0
10038,1,NO APLICA,0
10039,1,NO APLICA,0
11001,1,CENTRO DE ATENCION DE LLAMADAS DE EMERGENCIA,3
11002,1,CENTRO DE ATENCION DE LLAMADAS DE EMERGENCIAS,3
11003,1,CENTRO DE COMANDO CONTROL COMUNICACIONES Y COMPUTO,3
11004,1,CENTRO DE EMERGENCIA 911,3
11005,1,C4 APASEO EL GRANDE,3
11006,1,NO APLICA,0
11007,1,CENTRO DE MANDO CONTROL COMUNICACION Y COMPUTO,3
11008,1,NO IDENTIFICADO,97
11009,1,CENTRAL EMERGENCIAS 911,3
11010,1,CENTRO DE ATENCION DE LLAMADAS DE EMERGENCIA 9-1-1,3
11011,1,CENTRAL DE EMERGENCIAS 911,3
11012,1,CENTRAL DE EMERGENCIAS 9-1-1,3
11013,1,CENTRAL DE ATENCION DE LLAMADAS DE EMERGENCIA 911,3
11014,1,CENTRO DE ATENCION DE LLAMADAS DE EMERGENCIA,3
11015,1,CENTRO DE ATENCION A LLAMADAS DE EMERGENCIA 911,3
11016,1,SISTEMA DE EMERGENCIAS 911,3
11017,1,CENTRO DE COMUNICACIONES DEL MUNICIPIO,3
11018,1,CENTRAL DE LLAMADAS DE EMERGENCIAS,3
11019,1,CENTRO DE EMERGENCIAS 911 JERECUARO,3
11020,1,DIRECCION GENERAL DEL CENTRO DE COMPUTO COMANDO COMUNICACIONES Y CONTROL,3
11021,1,CENTRAL DE EMERGENCIAS 911 MOROLEON,3
11022,1,CENTRO DE ATENCION DE EMERGENCIAS DE OCAMPO GUANAJUATO,3
11023,1,CENTRO DE COMUNICACION Y MONITOREO,3
11024,1,NO IDENTIFICADO,97
11025,1,CENTRO DE ATENCION DE LLAMADAS DE EMERGENCIAS 911,3
11026,1,CENTRAL DE EMERGENCIAS 911 C4 ROMITA,3
11027,1,SISTEMA DE EMERGENCIAS 9-1-1 SALAMANCA GUANAJUATO,3
11028,1,CENTRO DE ATENCION DE LLAMADAS DE EMERGENCIA DEL 911,3
11029,1,CENTRAL DE ATENCION A LLAMADAS DE EMERGENCIA,3
11030,1,CENTRAL DE EMERGENCIAS SAN FELIPE GUANAJUATO,3
11031,1,AREA DEL 911,3
11032,1,CENTRO DE LLAMADAS DE EMERGENCIA 911 SAN JOSE ITURBIDE,3
11033,1,CENTRAL DE EMERGENCIA 9-1-1,3
11034,1,CENTRAL DE EMERGENCIAS SANTACATARINA GUANAJUATO,3
11035,1,NO IDENTIFICADO,97
11036,1,CENTRAL DE EMERGENCIAS 9-1-1,3
11037,1,C4,3
11038,1,NO IDENTIFICADO,97
11039,1,CENTRO DE ATENCION DE LLAMADAS DE EMERGENCIA,3
11040,1,CENTRAL DE EMERGENCIAS 911,3
11041,1,CENTRAL DE EMERGENCIAS 911 URIANGATO,3
11042,1,CENTRAL DE EMERGENCIAS C CUATRO,3
11043,1,CENTRO DE ATENCION DE LLAMADAS DE EMERGENCIA,3
11044,1,CENTRAL DE LLAMADAS DE EMERGENCIA 911,3
11045,1,NO APLICA,0
11046,1,CENTRO DE ATENCION DE LLAMADAS DE EMERGENCIAS 911,3
12001,1,CENTRO DE ATENCION A EMERGENCIAS URBANAS,3
12002,1,NO APLICA,0
12003,1,NO APLICA,0
12004,1,COMANDANCIA,3
12005,1,NO APLICA,0
12006,1,NO APLICA,0
12007,1,NO APLICA,0
12008,1,NO APLICA,0
12009,1,NO APLICA,0
12010,1,NO APLICA,0
12011,1,NO APLICA,0
12012,1,NO APLICA,0
12013,1,CENTRO DE ATENCION DE LLAMADAS DE EMERGENCIA DE AZOYU,3
12014,1,DIRECCION DE SEGURIDAD PUBLICA,3
12015,1,NO APLICA,0
12016,1,NO APLICA,0
12017,1,NO APLICA,0
12018,1,NO APLICA,0
12019,1,NO APLICA,0
12020,1,NO APLICA,0
12021,1,COMANDANCIA,3
12022,1,NO APLICA,0
12023,1,NO APLICA,0
12024,1,NO APLICA,0
12025,1,NO APLICA,0
12026,1,NO APLICA,0
12027,1,NO APLICA,0
12028,1,PUESTO DE MANDO INTEGRAL,3
12029,1,CENTRO DE COMPUTO CONTROL Y COMANDO,1
12029,2,CENTRO DE CONTROL Y COMANDO,3
12030,1,NO APLICA,0
12031,1,NO APLICA,0
12032,1,NO APLICA,0
12033,1,NO APLICA,0
12034,1,NO APLICA,0
12035,1,NO APLICA,0
12036,1,NO APLICA,0
12037,1,NO APLICA,0
12038,1,NO APLICA,0
12039,1,NO APLICA,0
12040,1,NO APLICA,0
12041,1,NO APLICA,0
12042,1,NO APLICA,0
12043,1,NO APLICA,0
12044,1,NO APLICA,0
12045,1,NO APLICA,0
12046,1,NO APLICA,0
12047,1,NO APLICA,0
12048,1,NO APLICA,0
12049,1,NO APLICA,0
12050,1,NO APLICA,0
12051,1,NO APLICA,0
12052,1,CENTRO DE ATENCION DE LLAMADAS DEL CUARTEL DE LA POLICIA PREVENTIVA MUNICIPAL,3
12053,1,NO APLICA,0
12054,1,NO APLICA,0
12055,1,NO APLICA,0
12056,1,NO APLICA,0
12057,1,NO APLICA,0
12058,1,NO APLICA,0
12059,1,NO APLICA,0
12060,1,NO APLICA,0
12061,1,NO APLICA,0
12062,1,NO APLICA,0
12063,1,NO APLICA,0
12064,1,NO APLICA,0
12065,1,NO APLICA,0
12066,1,NO APLICA,0
12067,1,COMANDANCIA MUNICIPAL,3
12068,1,NO APLICA,0
12069,1,NO APLICA,0
12070,1,NO APLICA,0
12071,1,NO APLICA,0
12072,1,NO APLICA,0
12073,1,NO APLICA,0
12074,1,NO APLICA,0
12075,1,CENTRO DE MANDO GENERAL LAZARO CARDENAS DEL RIO,3
12076,1,NO APLICA,0
12077,1,NO APLICA,0
12078,1,NO APLICA,0
12079,1,NO APLICA,0
12080,1,NO APLICA,0
12081,1,NO APLICA,0
12082,1,NO APLICA,0
12083,1,NO APLICA,0
12084,1,NO APLICA,0
12085,1,NO APLICA,0
13001,1,NO APLICA,0
13002,1,NO APLICA,0
13003,1,CENTRO DE COMANDO Y CONTROL,3
13004,1,NO APLICA,0
13005,1,CENTRAL DE RADIO,3
13006,1,NO APLICA,0
13007,1,NO APLICA,0
13008,1,NO APLICA,0
13009,1,SEGURIDAD PUBLICA Y TRANSITO MUNICIPAL DE EL ARENAL,3
13010,1,NO APLICA,0
13011,1,NO APLICA,0
13012,1,NO APLICA,0
13013,1,NO APLICA,0
13014,1,NO APLICA,0
13015,1,NO APLICA,0
13016,1,CENTRO DE ATENCION CIUDADANO C2,3
13016,2,SEGURIDAD PUBLICA TRANSITO Y VIALIDAD MUNICIPAL,3
13017,1,NO APLICA,0
13018,1,NO APLICA,0
13019,1,DIRECCION DE SEGURIDAD PUBLICA TRANSITO Y VIALIDAD,3
13020,1,NO APLICA,0
13021,1,NO APLICA,0
13022,1,NO APLICA,0
13023,1,NO APLICA,0
13024,1,NO APLICA,0
13025,1,NO APLICA,0
13026,1,NO APLICA,0
13027,1,NO APLICA,0
13028,1,NO APLICA,0
13029,1,PALACIO MUNICIPAL,3
13030,1,NO APLICA,0
13031,1,NO APLICA,0
13032,1,NO APLICA,0
13033,1,NO APLICA,0
13034,1,DIRECCION DE SEGURIDAD PUBLICA Y TRANSITO MUNICIPAL DE LOLOTLA,3
13035,1,NO APLICA,0
13036,1,NO APLICA,0
13037,1,NO APLICA,0
13038,1,NO APLICA,0
13039,1,NO APLICA,0
13040,1,NO APLICA,0
13041,1,DIRECCION DE SEGURIDAD PUBLICA Y TRANSITO MUNICIPAL,3
13042,1,NO APLICA,0
13043,1,NO APLICA,0
13044,1,NO APLICA,0
13045,1,DIRECCION DE SEGURIDAD PUBLICA Y TRANSITO MUNICIPAL,3
13046,1,NO APLICA,0
13047,1,NO APLICA,0
13048,1,CENTRO DE COMANDO Y COMUNICACIONES COMUNICACION Y CONTROL,3
13049,1,NO APLICA,0
13050,1,NO APLICA,0
13051,1,CENTRO DE COMANDO Y CONTROL C2,3
13052,1,NO APLICA,0
13053,1,NO APLICA,0
13054,1,LA COMANDANCIA,4
13055,1,TORRE DE CONTROL DE LLAMADAS DEL AREA DE SEGURIDAD PUBLICA,1
13056,1,NO APLICA,0
13057,1,NO APLICA,0
13058,1,NO APLICA,0
13059,1,NO APLICA,0
13060,1,NO APLICA,0
13061,1,NO APLICA,0
13062,1,NO APLICA,0
13063,1,NO APLICA,0
13064,1,NO APLICA,0
13065,1,NO APLICA,0
13066,1,NO APLICA,0
13067,1,NO APLICA,0
13068,1,NO APLICA,0
13069,1,CENTRO DE COMANDO Y COMUNICACIONES DE TIZAYUCA,3
13070,1,DIRECCION DE SEGURIDAD PUBLICA Y TRANSITO MUNICIPAL DE TLAHUELILPAN,3
13071,1,NO APLICA,0
13072,1,NO APLICA,0
13073,1,NO APLICA,0
13074,1,SEGURICHAT,3
13075,1,CENTRAL DE RADIO,3
13076,1,SUBCENTRO C4 911,1
13076,2,CENTRAL DE RADIO LOCAL,3
13077,1,TULANCINGO AVANZA SEGURO,3
13077,2,GUARDIA CENTRAL NUMERO DIRECTO,3
13078,1,NO APLICA,0
13079,1,NO APLICA,0
13080,1,NO APLICA,0
13081,1,NO APLICA,0
13082,1,CABINA DE RADIO OPERADOR,3
13083,1,CENTRO DE CONTROL COMANDO Y UNIDAD DE ANALISIS C2 ZEMPOALA,1
13084,1,NO APLICA,0
14001,1,NO APLICA,0
14002,1,NO APLICA,0
14003,1,COMISARIA,3
14004,1,DIRECCION DE SEGURIDAD PUBLICA,3
14005,1,SEGURIDAD PUBLICA,3
14006,1,NO APLICA,0
14007,1,NO APLICA,0
14008,1,CABINA,3
14009,1,CABINA DE SEGURIDAD PUBLICA MUNICIPAL,3
14010,1,NO APLICA,0
14011,1,NO APLICA,0
14012,1,NO APLICA,0
14013,1,NO APLICA,0
14014,1,NO APLICA,0
14015,1,NO APLICA,0
14016,1,NO APLICA,0
14017,1,NO APLICA,0
14018,1,NO APLICA,0
14019,1,NO APLICA,0
14020,1,NO APLICA,0
14021,1,NO APLICA,0
14022,1,NO APLICA,0
14023,1,CENTRO DE ATENCION DE LLAMADAS DE EMERGENCIA REGION SUR,1
14024,1,CABINA DE RADIO,3
14025,1,CENTRO DE LLAMADAS,1
14026,1,NO APLICA,0
14027,1,NO APLICA,0
14028,1,NO APLICA,0
14029,1,NO APLICA,0
14030,1,COMISARIA DE SEGURIDAD PUBLICA DE CHAPALA,3
14030,2,MODULO AJIJIC CHAPALA JALISCO,3
14030,3,MODULO ATOTONILQUILLO CHAPALA JALISCO,3
14031,1,DIRECCION DE SEGURIDAD PUBLICA,3
14032,1,COMANDANCIA,3
14033,1,SEGURIDAD PUBLICA MUNICIPAL,3
14034,1,NO APLICA,0
14035,1,NO APLICA,0
14036,1,NO APLICA,0
14037,1,CENTRO DE ATENCION DE LLAMADAS DE EMERGENCIA,2
14038,1,NO APLICA,0
14039,1,C5 GUADALAJARA,4
14040,1,NO APLICA,0
14041,1,NO APLICA,0
14042,1,NO APLICA,0
14043,1,NO APLICA,0
14044,1,CENTRO DE COMUNICACIONES DE SEGURIDAD PUBLICA,3
14045,1,NO APLICA,0
14046,1,NO APLICA,0
14047,1,CABINA CENTRAL,3
14048,1,NO APLICA,0
14049,1,NO APLICA,0
14050,1,NO APLICA,0
14051,1,C2 JUANACATLAN,3
14052,1,NO APLICA,0
14053,1,NO APLICA,0
14054,1,NO APLICA,0
14055,1,NO APLICA,0
14056,1,NO APLICA,0
14057,1,NO APLICA,0
14058,1,CENTRO DE ATENCION DE LLAMADAS DE EMERGENCIA CALLE 911 SIERRA OCCIDENTAL,2
14059,1,NO APLICA,0
14060,1,NO APLICA,0
14061,1,NO APLICA,0
14062,1,NO APLICA,0
14063,1,CENTRO DE ATENCION DE LLAMADAS DE EMERGENCIA,2
14064,1,NO APLICA,0
14065,1,NO APLICA,0
14066,1,NO APLICA,0
14067,1,NO IDENTIFICADO,97
14068,1,NO APLICA,0
14069,1,NO APLICA,0
14070,1,CENTRO DE TELECOMUNICACIONES MUNICIPAL,3
14071,1,NO APLICA,0
14072,1,NO APLICA,0
14073,1,NO APLICA,0
14074,1,NO APLICA,0
14075,1,NO APLICA,0
14076,1,NO APLICA,0
14077,1,NO APLICA,0
14078,1,NO APLICA,0
14079,1,NO APLICA,0
14080,1,NO APLICA,0
14081,1,911,1
14082,1,COMISARIA DE SEGURIDAD PUBLICA,3
14083,1,UNIDAD DE TELECOMUNICACION DE LA COMISARIA,3
14084,1,NO APLICA,0
14085,1,NO APLICA,0
14086,1,NO APLICA,0
14087,1,NO APLICA,0
14088,1,NO APLICA,0
14089,1,NO APLICA,0
14090,1,NO APLICA,0
14091,1,NO APLICA,0
14092,1,NO APLICA,0
14093,1,CENTRO DE ATENCION DE LLAMADAS DE EMERGENCIA,1
14094,1,NO APLICA,0
14095,1,COMISARIA DE SEGURIDAD PUBLICA,3
14096,1,CABINA DE MANDO,3
14097,1,CENTRO DE COMANDO CONTROL COMUNICACION Y COMPUTO DE TLAJOMULCO DE ZUÃ‘IGA,3
14098,1,CENTRAL DE COMUNICACIONES E INFORMACION,3
14099,1,NO APLICA,0
14100,1,NO APLICA,0
14101,1,CENTRO MUNICIPAL DE COMUNICACIONES Y EMERGENCIAS C2,3
14102,1,NO APLICA,0
14103,1,NO APLICA,0
14104,1,NO APLICA,0
14105,1,NO APLICA,0
14106,1,NO APLICA,0
14107,1,NO APLICA,0
14108,1,NO APLICA,0
14109,1,COMISARIA DE SEGURIDAD PUBLICA Y MOVILIDAD MUNICIPAL,3
14110,1,NO APLICA,0
14111,1,NO APLICA,0
14112,1,NO APLICA,0
14113,1,NO APLICA,0
14114,1,NO APLICA,0
14115,1,CALLE NORTE,1
14116,1,NO APLICA,0
14117,1,BARANDILLA,3
14118,1,NO APLICA,0
14119,1,NO APLICA,0
14120,1,CENTRO DE CONTROL COMANDO COMPUTO COMUNICACIONES Y COORDINACION DE ZAPOPAN C5,3
14121,1,EMERGENCIAS,2
14121,2,EMERGENCIAS SEGURIDAD PUBLICA,3
14121,3,EMERGENCIAS TRANSITO Y VIALIDAD,3
14122,1,NO APLICA,0
14123,1,NO APLICA,0
14124,1,CABINA DE RADIOCOMUNICACIONES,3
14125,1,COMISARIA DE SEGURIDAD PUBLICA DE SAN IGNACIO CERRO GORDO,3
15001,1,NO APLICA,0
15002,1,CENTRO DE MANDO DE LA DIRECCION DE SEGURIDAD PUBLICA MUNICIPAL DE ACOLMAN,3
15003,1,NO APLICA,0
15004,1,NO APLICA,0
15005,1,NO APLICA,0
15006,1,CENTRO DE CONTROL Y COMANDO,3
15007,1,C2,3
15008,1,NO APLICA,0
15009,1,CENTRO DE MANDO Y COMUNICACION COMANDO Y CONTROL,3
15010,1,NO APLICA,0
15011,1,NO APLICA,0
15012,1,CENTRO DE CONTROL Y COMANDO,3
15013,1,CENTRO DE CONTROL COMANDO COMPUTO Y COMUNICACIONES,3
15014,1,RADIO OPERADOR DE LA COMISARIA MUNICIPAL DE ATLACOMULCO,3
15015,1,NO APLICA,0
15016,1,BASE,3
15017,1,NO APLICA,0
15018,1,NO APLICA,0
15019,1,NO APLICA,0
15020,1,CENTRO DE EMERGENCIAS Y MONITOREO C 4,3
15021,1,NO APLICA,0
15022,1,NO APLICA,0
15023,1,NO APLICA,0
15024,1,CENTRO DE MANDO DE LA DIRECCION DE SEGURIDAD PUBLICA Y TRANSITO MUNICIPAL,3
15025,1,NO APLICA,0
15026,1,CENTRO DE MANDO,3
15027,1,NO APLICA,0
15028,1,CENTRO DE LLAMADAS DE LA COMANDANCIA,3
15029,1,CENTROS DE COMANDO CONTROL COMUNICACIONES Y COMPUTO,3
15030,1,NO APLICA,0
15031,1,NO APLICA,0
15032,1,NO APLICA,0
15033,1,CENTRO DE MANDO,3
15034,1,CENTRO DE CONTROL Y COMANDO,3
15035,1,CENTRO DE COMANDO Y COMUNICACIONES C2,3
15036,1,NO APLICA,0
15037,1,CENTRO DE COMANDO Y CONTROL 2,3
15037,2,CENTRO DE COMANDO Y CONTROL 4,3
15038,1,NO APLICA,0
15039,1,SISTEMA MUNICIPAL DE TECNOLOGIA POLICIAL,3
15040,1,CENTRO DE MANDO Y MONITOREO C2,2
15041,1,NO APLICA,0
15042,1,DIRECCION DE SEGURIDAD PUBLICA DESARROLLO VIAL Y TRANSITO,4
15043,1,NO APLICA,0
15044,1,NO APLICA,0
15045,1,NO APLICA,0
15046,1,NO APLICA,0
15047,1,NO APLICA,0
15048,1,CENTRO DE MANDO C2,3
15048,2,MUJERES SIN VIOLENCIA JOCOTITLAN,3
15049,1,SEGURIDAD PUBLICA Y PROTECCION CIVIL,3
15050,1,NO APLICA,0
15051,1,NO APLICA,0
15052,1,NO APLICA,0
15053,1,NO APLICA,0
15054,1,CENTRO DE MANDO MUNICIPAL DE METEPEC,3
15055,1,COMANDANCIA,3
15056,1,CENTRO DE MANDO Y CONTROL,3
15057,1,CENTRO DE CONTROL COMANDO COMUNICACIONES Y COMPUTO,3
15058,1,UNIDAD DE PUESTO DE MANDO CENTRO DE COMANDO CONTROL COMUNICACIONES COMPUTO E INTELIGENCIA,3
15059,1,CENTRO DE COMANDO Y COMUNICACIONES C2,3
15060,1,CENTRO COMANDO Y COMUNICACIONES,3
15061,1,CENTRAL DE EMERGENCIAS NOPALTEPEC,3
15062,1,C2,3
15063,1,NO APLICA,0
15064,1,NO APLICA,0
15065,1,NO APLICA,0
15066,1,NO APLICA,0
15067,1,NO APLICA,0
15068,1,NO APLICA,0
15069,1,NO APLICA,0
15070,1,CENTRO DE COMANDO Y CONTROL C2,3
15071,1,NO APLICA,0
15072,1,NO APLICA,0
15073,1,NO APLICA,0
15074,1,NO APLICA,0
15075,1,CENTRO DE MANDO,3
15076,1,CENTRO DE MANDO DE COMUNICACION,3
15077,1,NO APLICA,0
15078,1,NO APLICA,0
15079,1,NO APLICA,0
15080,1,NO APLICA,0
15081,1,CENTRO DE MANDO Y COMUNICACION TECAMAC,3
15082,1,CENTRO DE COMPUTO Y MANDO,3
15083,1,NO APLICA,0
15084,1,NO APLICA,0
15085,1,NO APLICA,0
15086,1,NO APLICA,0
15087,1,NO APLICA,0
15088,1,NO APLICA,0
15089,1,NO APLICA,0
15090,1,COORDINACION DE CENTRO DE MANDO C2,3
15091,1,CENTRO DE MONITOREO SUPERVISION Y VIGILANCIA,3
15092,1,ATENCION A URGENCIAS CENTRO DE MANDO Y COMUNICACIONES,3
15093,1,NO APLICA,0
15094,1,NO APLICA,0
15095,1,NO APLICA,0
15096,1,COMISARIA DE SEGURIDAD PUBLICA Y VIALIDAD,3
15096,2,COMISARIA DE SEGURIDAD PUBLICA Y VIALIDAD SEGURICHAT,3
15097,1,NO APLICA,0
15098,1,NO APLICA,0
15099,1,AREA DE RADIO COMUNICACION Y DESPACHO DE AUXILIOS,3
15100,1,CENTRO DE COMANDO Y CONTROL DEL AYUNTAMIENTO DE TEZOYUCA,1
15101,1,CENTRO DE MANDO MUNICIPAL C2 TIANGUISTENCO,3
15102,1,NO APLICA,0
15103,1,NO APLICA,0
15104,1,CENTRAL DE EMERGENCIAS CENTRO DE COMANDO CONTROL COMUNICACIONES Y COMPUTO ZONA PONIENTE,3
15104,2,CENTRAL DE EMERGENCIAS CENTRO DE COMANDO CONTROL COMUNICACIONES Y COMPUTO ZONA ORIENTE,3
15105,1,COMANDANCIA MUNICIPAL,3
15106,1,CENTRO DE MANDO MUNICIPAL,3
15107,1,NO IDENTIFICADO,97
15108,1,CENTRO DE MANDO Y MONITOREO,3
15109,1,CENTRO DE EMERGENCIAS C4 TULTITLAN,3
15109,2,BASE JUAREZ,3
15110,1,NO APLICA,0
15111,1,CENTRO DE MANDO Y MONITOREO,3
15112,1,NO APLICA,0
15113,1,NO APLICA,0
15114,1,NO APLICA,0
15115,1,CENTRO DE CONTROL Y COMANDO,3
15116,1,NO APLICA,0
15117,1,NO APLICA,0
15118,1,CENTRO DE MANDO MUNICIPAL,2
15119,1,DIRECCION DE SEGURIDAD PUBLICA C2,3
15120,1,CENTRO DE RESPUESTA DE EMERGENCIA ZUMPANGO,3
15121,1,CENTRO DE LLAMADAS 911,3
15122,1,CENTRO DE MANDO,3
15123,1,CENTRO DE ATENCION DE LLAMADAS DE EMERGENCIA,3
15124,1,CENTRO DE MANDO,3
15125,1,CENTRO DE COMUNICACIONES 2,3
16001,1,BASE POLICIAL DE SEGURIDAD DE ACUITZIO,3
16002,1,NO APLICA,0
16003,1,NO APLICA,0
16004,1,NO APLICA,0
16005,1,NO APLICA,0
16006,1,RADIO,3
16007,1,NO APLICA,0
16008,1,NO APLICA,0
16009,1,NO APLICA,0
16010,1,NO APLICA,0
16011,1,NO APLICA,0
16012,1,NO APLICA,0
16013,1,NO APLICA,0
16014,1,NO APLICA,0
16015,1,NO APLICA,0
16016,1,NO APLICA,0
16017,1,NO APLICA,0
16018,1,NO APLICA,0
16019,1,NO APLICA,0
16020,1,NO APLICA,0
16021,1,NO APLICA,0
16022,1,NO APLICA,0
16023,1,NO APLICA,0
16024,1,NO APLICA,0
16025,1,SEGURIDAD PUBLICA,3
16026,1,NO APLICA,0
16027,1,NO APLICA,0
16028,1,NO APLICA,0
16029,1,NO APLICA,0
16030,1,NO APLICA,0
16031,1,NO APLICA,0
16032,1,NO APLICA,0
16033,1,NO APLICA,0
16034,1,NO APLICA,0
16035,1,NO APLICA,0
16036,1,NO APLICA,0
16037,1,NO APLICA,0
16038,1,COMANDANCIA DE SEGURIDAD PUBLICA MUNICIPAL,1
16039,1,NO APLICA,0
16040,1,NO APLICA,0
16041,1,NO APLICA,0
16042,1,NO APLICA,0
16043,1,AREA DE RADIO OPERACION,3
16044,1,NO APLICA,0
16045,1,NO APLICA,0
16046,1,NO APLICA,0
16047,1,NO APLICA,0
16048,1,BASE DE LA DIRECCION DE SEGURIDAD PUBLICA MUNICIPAL,3
16049,1,NO APLICA,0
16050,1,NO APLICA,0
16051,1,NO DISPONIBLE,98
16052,1,NO APLICA,0
16053,1,BASE DE RADIO HALCON,3
16054,1,NO APLICA,0
16055,1,NO APLICA,0
16056,1,NO APLICA,0
16057,1,DIRECCION DE SEGURIDAD PUBLICA NOCUPETARO,3
16058,1,NO APLICA,0
16059,1,NO APLICA,0
16060,1,NO APLICA,0
16061,1,NO APLICA,0
16062,1,NO APLICA,0
16063,1,NO APLICA,0
16064,1,NO APLICA,0
16065,1,NO APLICA,0
16066,1,NO APLICA,0
16067,1,COMANDANCIA DE SEGURIDAD PUBLICA,3
16068,1,NO APLICA,0
16069,1,NO APLICA,0
16070,1,NO APLICA,0
16071,1,NO APLICA,0
16072,1,NO APLICA,0
16073,1,DIRECCION DE SEGURIDAD PUBLICA,3
16074,1,NO APLICA,0
16075,1,NO APLICA,0
16076,1,NO APLICA,0
16077,1,COMANDANCIA SAN LUCAS,3
16077,2,COMANDANCIA RIVA PALACIO,3
16078,1,NO APLICA,0
16079,1,NO APLICA,0
16080,1,NO APLICA,0
16081,1,NO APLICA,0
16082,1,BARANDILLA,3
16083,1,NO APLICA,0
16084,1,NO APLICA,0
16085,1,NO APLICA,0
16086,1,NO APLICA,0
16087,1,NO APLICA,0
16088,1,CENTRO DE OPERACIONES POLICIALES,3
16089,1,NO APLICA,0
16090,1,NO APLICA,0
16091,1,NO APLICA,0
16092,1,NO APLICA,0
16093,1,NO APLICA,0
16094,1,NO APLICA,0
16095,1,NO APLICA,0
16096,1,NO APLICA,0
16097,1,NO APLICA,0
16098,1,NO APLICA,0
16099,1,NO APLICA,0
16100,1,NO IDENTIFICADO,97
16101,1,NO APLICA,0
16102,1,COORDINACION DE SERVICIOS DE URGENCIAS,1
16103,1,NO APLICA,0
16104,1,NO APLICA,0
16105,1,NO APLICA,0
16106,1,NO APLICA,0
16107,1,CENTRO DE EMERGENCIAS,1
16108,1,CENTRO DE COMANDO Y CONTROL C2,3
16109,1,NO APLICA,0
16110,1,NO APLICA,0
16111,1,NO APLICA,0
16112,1,SECRETARIA DE SEGURIDAD PUBLICA MUNICIPAL,3
16113,1,NO APLICA,0
17001,1,NO APLICA,0
17002,1,NO APLICA,0
17003,1,NO APLICA,0
17004,1,RADIO CONTROL,1
17005,1,NO APLICA,0
17006,1,NO APLICA,0
17007,1,NO APLICA,0
17008,1,COMANDANCIA EMILIANO ZAPATA,3
17009,1,NO APLICA,0
17010,1,NO APLICA,0
17011,1,RADIO CONTROL,3
17012,1,NO APLICA,0
17013,1,NO APLICA,0
17014,1,NO APLICA,0
17015,1,DIRECCION DE SEGURIDAD PUBLICA MUNICIPAL DE MIACATLAN MORELOS,3
17016,1,NO APLICA,0
17017,1,SEGURIDAD PUBLICA,3
17018,1,911,3
17019,1,NO APLICA,0
17020,1,RADIO COMUNICACION,3
17021,1,NO APLICA,0
17022,1,NO APLICA,0
17023,1,NO APLICA,0
17024,1,DIRECCION DE SEGURIDAD PUBLICA TRANSITO MUNICIPAL Y PROTECCION CIUDADANA DEL MUNICIPIO DE TLALTIZAPAN DE ZAPATA MORELOS,3
17025,1,BASE CANTORA,3
17026,1,COMANDANCIA TLAYACAPAN,3
17027,1,SEGURIDAD PUBLICA DE TOTOLAPAN,3
17028,1,NO APLICA,0
17029,1,NO APLICA,0
17030,1,NO APLICA,0
17031,1,NO APLICA,0
17032,1,MODULO TLACOTEPEC,3
17032,2,DIRECCION DE SEGURIDAD PUBLICA,3
17033,1,COMANDANCIA TEMOAC,3
17034,1,NO APLICA,0
17035,1,NO APLICA,0
17036,1,PLAZA PRINCIPAL,1
18001,1,NO APLICA,0
18002,1,NO APLICA,0
18003,1,NO APLICA,0
18004,1,NO IDENTIFICADO,97
18005,1,NO APLICA,0
18006,1,NO APLICA,0
18007,1,NO APLICA,0
18008,1,NO APLICA,0
18009,1,NO APLICA,0
18010,1,NO APLICA,0
18011,1,NO APLICA,0
18012,1,NO APLICA,0
18013,1,NO APLICA,0
18014,1,NO APLICA,0
18015,1,NO APLICA,0
18016,1,NO APLICA,0
18017,1,CABINA DE RADIO,3
18018,1,NO APLICA,0
18019,1,NO APLICA,0
18020,1,NO APLICA,0
19001,1,NO APLICA,0
19002,1,NO APLICA,0
19003,1,NO APLICA,0
19004,1,CENTRO DE COMANDO CONTROL COMUNICACIONES Y COMPUTO,3
19005,1,NO APLICA,0
19006,1,NO APLICA,0
19007,1,NO APLICA,0
19008,1,NO APLICA,0
19009,1,CENTRO DE CONTROL COMANDO Y COMPUTO,3
19010,1,C4,3
19011,1,SEGURIDAD PUBLICA Y VIALIDAD MUNICIPAL,3
19012,1,NO APLICA,0
19013,1,NUMERO DE BARANDILLA PARA EMERGENCIAS,3
19014,1,NO APLICA,0
19015,1,NO APLICA,0
19016,1,NO APLICA,0
19017,1,NO IDENTIFICADO,97
19018,1,CENTRO DE CONTROL COMANDO COMUNICACIONES Y COMPUTO CIV DE GARCIA,3
19019,1,CENTRO DE CONTROL COMANDO COMUNICACIONES E INTELIGENCIA,3
19020,1,NO APLICA,0
19021,1,CENTRO DE LLAMADAS DE EMERGENCIA,4
19022,1,NO APLICA,0
19023,1,NO APLICA,0
19024,1,SECRETARIA DE SEGURIDAD PUBLICA DE GENERAL ZARAGOZA NUEVO LEON,3
19025,1,NO APLICA,0
19026,1,NO APLICA,0
19027,1,SECRETARIA DE SEGURIDAD PUBLICA TRANSITO Y VIALIDAD MUNICIPAL,3
19028,1,NO APLICA,0
19029,1,SECRETARIA DE SEGURIDAD PUBLICA Y TRANSITO MUNICIPAL,3
19030,1,CENTRO DE ATENCION DE DENUNCIAS,3
19031,1,NO APLICA,0
19032,1,NO APLICA,0
19033,1,CENTRAL DE RADIO,3
19034,1,NO APLICA,0
19035,1,NO APLICA,0
19036,1,SECRETARIA DE SEGURIDAD PUBLICA MUNICIPAL,3
19037,1,NO APLICA,0
19038,1,NO APLICA,0
19039,1,CENTRO DE COMANDO CONTROL COMUNICACIONES Y COMPUTO,3
19040,1,NO APLICA,0
19041,1,CENTRO DE CONTROL COMANDO COMPUTO Y COMUNICACION,3
19042,1,NO APLICA,0
19043,1,NO APLICA,0
19044,1,NO APLICA,0
19045,1,SECRETARIA DE SEGURIDAD PUBLICA VIALIDAD Y TRANSITO,1
19046,1,CENTRAL DE EMERGENCIAS,3
19047,1,NO APLICA,0
19048,1,CENTRO DE CONTROL COMANDO COMUNICACION Y COMPUTO CIV,3
19049,1,CENTRO DE COMANDO CONTROL COMUNICACION Y COMPUTO,3
19050,1,NO APLICA,0
19051,1,NO IDENTIFICADO,97
20001,1,NO APLICA,0
20002,1,NO APLICA,0
20003,1,NO APLICA,0
20004,1,NO APLICA,0
20005,1,NO APLICA,0
20006,1,NO APLICA,0
20007,1,NO APLICA,0
20008,1,NO APLICA,0
20009,1,NO APLICA,0
20010,1,NO APLICA,0
20011,1,NO APLICA,0
20012,1,NO APLICA,0
20013,1,BASE DE POLICIA,3
20014,1,NO APLICA,0
20015,1,NO APLICA,0
20016,1,NO APLICA,0
20017,1,NO APLICA,0
20018,1,NO APLICA,0
20019,1,NO APLICA,0
20020,1,NO APLICA,0
20021,1,NO APLICA,0
20022,1,NO APLICA,0
20023,1,CABINA DE CONTROL Y COMANDO DE LA COMISARIA DE SEGURIDAD PUBLICA,3
20024,1,NO APLICA,0
20025,1,NO APLICA,0
20026,1,NO APLICA,0
20027,1,NO APLICA,0
20028,1,BASE DE LA POLICIA MUNICIPAL,3
20029,1,NO APLICA,0
20030,1,NO APLICA,0
20031,1,NO APLICA,0
20032,1,NO APLICA,0
20033,1,NO APLICA,0
20034,1,NO APLICA,0
20035,1,NO APLICA,0
20036,1,NO APLICA,0
20037,1,NO APLICA,0
20038,1,NO APLICA,0
20039,1,CENTRO DE CONTROL Y COMANDO DE LA MIXTECA C2,1
20040,1,NO APLICA,0
20041,1,NO APLICA,0
20042,1,NO APLICA,0
20043,1,CENTRO DE LLAMADAS DE EMERGENCIA MUNICIPAL,3
20044,1,NO APLICA,0
20045,1,NO APLICA,0
20046,1,NO APLICA,0
20047,1,NO APLICA,0
20048,1,NO APLICA,0
20049,1,NO APLICA,0
20050,1,NO APLICA,0
20051,1,NO APLICA,0
20052,1,NO APLICA,0
20053,1,NO APLICA,0
20054,1,NO APLICA,0
20055,1,NO APLICA,0
20056,1,NO APLICA,0
20057,1,NO APLICA,0
20058,1,NO APLICA,0
20059,1,CENTRO DE CONTROL Y COMANDO C2,3
20060,1,NO APLICA,0
20061,1,NO APLICA,0
20062,1,NO APLICA,0
20063,1,NO APLICA,0
20064,1,NO APLICA,0
20065,1,NO APLICA,0
20066,1,NO APLICA,0
20067,1,CONTROL C2,1
20068,1,DIRECCION DE SEGURIDAD PUBLICA,3
20069,1,NO APLICA,0
20070,1,NO APLICA,0
20071,1,NO APLICA,0
20072,1,NO APLICA,0
20073,1,C2 MIXTECA REGION PUTLA,3
20074,1,NO APLICA,0
20075,1,NO APLICA,0
20076,1,NO APLICA,0
20077,1,NO APLICA,0
20078,1,NO APLICA,0
20079,1,CENTRO DE MANDO Y CONTROL C2,4
20080,1,NO APLICA,0
20081,1,NO APLICA,0
20082,1,NO APLICA,0
20083,1,NO IDENTIFICADO,97
20084,1,NO APLICA,0
20085,1,NO APLICA,0
20086,1,NO APLICA,0
20087,1,NO APLICA,0
20088,1,NO APLICA,0
20089,1,NO APLICA,0
20090,1,NO APLICA,0
20091,1,NO APLICA,0
20092,1,NO APLICA,0
20093,1,NO APLICA,0
20094,1,NO APLICA,0
20095,1,NO APLICA,0
20096,1,NO APLICA,0
20097,1,NO APLICA,0
20098,1,NO APLICA,0
20099,1,NO APLICA,0
20100,1,NO APLICA,0
20101,1,NO APLICA,0
20102,1,NO APLICA,0
20103,1,NO APLICA,0
20104,1,NO APLICA,0
20105,1,NO APLICA,0
20106,1,NO APLICA,0
20107,1,NO APLICA,0
20108,1,NO APLICA,0
20109,1,NO APLICA,0
20110,1,NO APLICA,0
20111,1,NO APLICA,0
20112,1,NO APLICA,0
20113,1,NO APLICA,0
20114,1,NO APLICA,0
20115,1,NO APLICA,0
20116,1,NO APLICA,0
20117,1,NO APLICA,0
20118,1,NO APLICA,0
20119,1,NO APLICA,0
20120,1,NO APLICA,0
20121,1,NO APLICA,0
20122,1,NO APLICA,0
20123,1,NO APLICA,0
20124,1,NO APLICA,0
20125,1,NO APLICA,0
20126,1,NO APLICA,0
20127,1,NO APLICA,0
20128,1,NO APLICA,0
20129,1,NO APLICA,0
20130,1,NO APLICA,0
20131,1,NO APLICA,0
20132,1,NO APLICA,0
20133,1,NO APLICA,0
20134,1,NO APLICA,0
20135,1,NO APLICA,0
20136,1,NO APLICA,0
20137,1,NO APLICA,0
20138,1,NO APLICA,0
20139,1,NO APLICA,0
20140,1,NO APLICA,0
20141,1,NO APLICA,0
20142,1,NO APLICA,0
20143,1,NO APLICA,0
20144,1,NO APLICA,0
20145,1,NO APLICA,0
20146,1,NO APLICA,0
20147,1,NO APLICA,0
20148,1,NO APLICA,0
20149,1,NO APLICA,0
20150,1,NO APLICA,0
20151,1,NO APLICA,0
20152,1,NO APLICA,0
20153,1,NO APLICA,0
20154,1,NO APLICA,0
20155,1,NO APLICA,0
20156,1,NO APLICA,0
20157,1,CENTRO C2,1
20158,1,NO APLICA,0
20159,1,NO APLICA,0
20160,1,NO APLICA,0
20161,1,NO APLICA,0
20162,1,NO APLICA,0
20163,1,NO APLICA,0
20164,1,NO APLICA,0
20165,1,NO APLICA,0
20166,1,NO APLICA,0
20167,1,NO APLICA,0
20168,1,NO APLICA,0
20169,1,NO APLICA,0
20170,1,NO APLICA,0
20171,1,NO APLICA,0
20172,1,NO APLICA,0
20173,1,NO APLICA,0
20174,1,NO APLICA,0
20175,1,NO APLICA,0
20176,1,NO APLICA,0
20177,1,NO APLICA,0
20178,1,NO APLICA,0
20179,1,NO APLICA,0
20180,1,NO APLICA,0
20181,1,NO APLICA,0
20182,1,NO APLICA,0
20183,1,NO APLICA,0
20184,1,BASE DE RADIO,3
20185,1,NO APLICA,0
20186,1,NO APLICA,0
20187,1,NO APLICA,0
20188,1,NO APLICA,0
20189,1,NO APLICA,0
20190,1,NO APLICA,0
20191,1,NO APLICA,0
20192,1,NO APLICA,0
20193,1,NO APLICA,0
20194,1,NO APLICA,0
20195,1,NO APLICA,0
20196,1,NO APLICA,0
20197,1,NO APLICA,0
20198,1,NO APLICA,0
20199,1,NO APLICA,0
20200,1,NO APLICA,0
20201,1,NO APLICA,0
20202,1,NO APLICA,0
20203,1,NO APLICA,0
20204,1,NO APLICA,0
20205,1,NO APLICA,0
20206,1,NO APLICA,0
20207,1,NO APLICA,0
20208,1,NO APLICA,0
20209,1,NO APLICA,0
20210,1,NO APLICA,0
20211,1,NO APLICA,0
20212,1,NO APLICA,0
20213,1,NO APLICA,0
20214,1,NO APLICA,0
20215,1,NO APLICA,0
20216,1,NO APLICA,0
20217,1,NO APLICA,0
20218,1,NO APLICA,0
20219,1,NO APLICA,0
20220,1,NO APLICA,0
20221,1,NO APLICA,0
20222,1,NO APLICA,0
20223,1,NO APLICA,0
20224,1,NO APLICA,0
20225,1,NO APLICA,0
20226,1,NO APLICA,0
20227,1,NO APLICA,0
20228,1,NO APLICA,0
20229,1,NO APLICA,0
20230,1,NO APLICA,0
20231,1,NO APLICA,0
20232,1,NO APLICA,0
20233,1,NO APLICA,0
20234,1,NO APLICA,0
20235,1,NO APLICA,0
20236,1,NO APLICA,0
20237,1,NO APLICA,0
20238,1,NO APLICA,0
20239,1,NO APLICA,0
20240,1,NO APLICA,0
20241,1,NO APLICA,0
20242,1,NO APLICA,0
20243,1,NO APLICA,0
20244,1,NO APLICA,0
20245,1,NO APLICA,0
20246,1,NO APLICA,0
20247,1,NO APLICA,0
20248,1,NO APLICA,0
20249,1,NO APLICA,0
20250,1,NO APLICA,0
20251,1,NO APLICA,0
20252,1,NO APLICA,0
20253,1,NO APLICA,0
20254,1,NO APLICA,0
20255,1,NO APLICA,0
20256,1,NO APLICA,0
20257,1,NO APLICA,0
20258,1,NO APLICA,0
20259,1,NO APLICA,0
20260,1,NO APLICA,0
20261,1,NO APLICA,0
20262,1,NO APLICA,0
20263,1,NO APLICA,0
20264,1,NO APLICA,0
20265,1,NO APLICA,0
20266,1,NO APLICA,0
20267,1,NO APLICA,0
20268,1,NO APLICA,0
20269,1,NO APLICA,0
20270,1,NO APLICA,0
20271,1,NO APLICA,0
20272,1,NO APLICA,0
20273,1,NO APLICA,0
20274,1,NO APLICA,0
20275,1,NO APLICA,0
20276,1,NO APLICA,0
20277,1,NO APLICA,0
20278,1,NO APLICA,0
20279,1,NO APLICA,0
20280,1,NO APLICA,0
20281,1,NO APLICA,0
20282,1,NO APLICA,0
20283,1,NO APLICA,0
20284,1,NO APLICA,0
20285,1,NO APLICA,0
20286,1,NO APLICA,0
20287,1,NO APLICA,0
20288,1,NO APLICA,0
20289,1,NO APLICA,0
20290,1,NO APLICA,0
20291,1,NO APLICA,0
20292,1,NO APLICA,0
20293,1,NO APLICA,0
20294,1,BASE DE POLICIA MUNICIPAL DE SAN PABLO HUITZO,3
20295,1,NO APLICA,0
20296,1,NO APLICA,0
20297,1,NO APLICA,0
20298,1,NO APLICA,0
20299,1,NO APLICA,0
20300,1,NO APLICA,0
20301,1,NO APLICA,0
20302,1,NO APLICA,0
20303,1,NO APLICA,0
20304,1,NO APLICA,0
20305,1,NO APLICA,0
20306,1,NO APLICA,0
20307,1,NO APLICA,0
20308,1,NO APLICA,0
20309,1,NO APLICA,0
20310,1,NO APLICA,0
20311,1,NO APLICA,0
20312,1,NO APLICA,0
20313,1,NO APLICA,0
20314,1,NO APLICA,0
20315,1,NO APLICA,0
20316,1,NO APLICA,0
20317,1,NO APLICA,0
20318,1,ATENCION CIUDADANA,3
20319,1,NO APLICA,0
20320,1,NO APLICA,0
20321,1,NO APLICA,0
20322,1,NO APLICA,0
20323,1,NO APLICA,0
20324,1,CENTRO C2 DEL MUNICIPIO DE SAN PEDRO POCHUTLA,3
20325,1,NO APLICA,0
20326,1,NO APLICA,0
20327,1,NO APLICA,0
20328,1,NO APLICA,0
20329,1,NO APLICA,0
20330,1,NO APLICA,0
20331,1,NO APLICA,0
20332,1,NO APLICA,0
20333,1,NO APLICA,0
20334,1,NO APLICA,0
20335,1,NO APLICA,0
20336,1,NO APLICA,0
20337,1,NO APLICA,0
20338,1,NO APLICA,0
20339,1,NO APLICA,0
20340,1,NO APLICA,0
20341,1,NO APLICA,0
20342,1,NO APLICA,0
20343,1,NO APLICA,0
20344,1,NO APLICA,0
20345,1,NO APLICA,0
20346,1,NO APLICA,0
20347,1,NO APLICA,0
20348,1,NO APLICA,0
20349,1,NO APLICA,0
20350,1,BASE DE RADIO CONTROL,3
20351,1,NO APLICA,0
20352,1,NO APLICA,0
20353,1,NO APLICA,0
20354,1,NO APLICA,0
20355,1,NO APLICA,0
20356,1,NO APLICA,0
20357,1,NO APLICA,0
20358,1,NO APLICA,0
20359,1,NO APLICA,0
20360,1,NO APLICA,0
20361,1,NO APLICA,0
20362,1,NO APLICA,0
20363,1,NO APLICA,0
20364,1,NO APLICA,0
20365,1,NO APLICA,0
20366,1,NO APLICA,0
20367,1,NO APLICA,0
20368,1,NO APLICA,0
20369,1,NO APLICA,0
20370,1,NO APLICA,0
20371,1,NO APLICA,0
20372,1,NO APLICA,0
20373,1,NO APLICA,0
20374,1,NO APLICA,0
20375,1,CENTRO DE ATENCION DE LLAMADAS DE EMERGENCIA DE SANTA CRUZ AMILPAS,3
20376,1,NO APLICA,0
20377,1,NO APLICA,0
20378,1,NO APLICA,0
20379,1,NO APLICA,0
20380,1,NO APLICA,0
20381,1,NO APLICA,0
20382,1,NO APLICA,0
20383,1,NO APLICA,0
20384,1,NO APLICA,0
20385,1,COMANDANCIA DE LA POLICIA MUNICIPAL,3
20386,1,NO APLICA,0
20387,1,NO APLICA,0
20388,1,NO APLICA,0
20389,1,NO APLICA,0
20390,1,NO APLICA,0
20391,1,NO APLICA,0
20392,1,NO APLICA,0
20393,1,NO APLICA,0
20394,1,NO APLICA,0
20395,1,NO APLICA,0
20396,1,NO APLICA,0
20397,1,NO APLICA,0
20398,1,NO APLICA,0
20399,1,CENTRO DE CONTROL,3
20399,2,C2 MUNICIPAL,3
20400,1,NO APLICA,0
20401,1,NO APLICA,0
20402,1,NO APLICA,0
20403,1,NO APLICA,0
20404,1,NO APLICA,0
20405,1,NO APLICA,0
20406,1,NO APLICA,0
20407,1,NO APLICA,0
20408,1,NO APLICA,0
20409,1,NO APLICA,0
20410,1,NO APLICA,0
20411,1,NO APLICA,0
20412,1,NO APLICA,0
20413,1,911,2
20414,1,NO APLICA,0
20415,1,NO APLICA,0
20416,1,NO APLICA,0
20417,1,NO APLICA,0
20418,1,PERSONAL DE GUARDIA,3
20419,1,NO APLICA,0
20420,1,NO APLICA,0
20421,1,NO APLICA,0
20422,1,NO APLICA,0
20423,1,NO APLICA,0
20424,1,NO APLICA,0
20425,1,NO APLICA,0
20426,1,NO APLICA,0
20427,1,NO APLICA,0
20428,1,NO APLICA,0
20429,1,NO APLICA,0
20430,1,NO APLICA,0
20431,1,NO APLICA,0
20432,1,NO APLICA,0
20433,1,NO APLICA,0
20434,1,NO APLICA,0
20435,1,NO APLICA,0
20436,1,NO APLICA,0
20437,1,NO APLICA,0
20438,1,NO APLICA,0
20439,1,NO APLICA,0
20440,1,NO APLICA,0
20441,1,NO APLICA,0
20442,1,NO APLICA,0
20443,1,NO APLICA,0
20444,1,NO APLICA,0
20445,1,NO APLICA,0
20446,1,NO APLICA,0
20447,1,NO APLICA,0
20448,1,NO APLICA,0
20449,1,NO APLICA,0
20450,1,NO APLICA,0
20451,1,NO APLICA,0
20452,1,NO APLICA,0
20453,1,NO APLICA,0
20454,1,NO APLICA,0
20455,1,NO APLICA,0
20456,1,NO APLICA,0
20457,1,NO APLICA,0
20458,1,NO APLICA,0
20459,1,NO APLICA,0
20460,1,NO APLICA,0
20461,1,NO APLICA,0
20462,1,NO APLICA,0
20463,1,NO APLICA,0
20464,1,NO APLICA,0
20465,1,NO APLICA,0
20466,1,NO APLICA,0
20467,1,NO APLICA,0
20468,1,NO APLICA,0
20469,1,NO APLICA,0
20470,1,NO APLICA,0
20471,1,NO APLICA,0
20472,1,NO APLICA,0
20473,1,NO APLICA,0
20474,1,NO APLICA,0
20475,1,NO APLICA,0
20476,1,NO APLICA,0
20477,1,NO APLICA,0
20478,1,NO APLICA,0
20479,1,NO APLICA,0
20480,1,NO APLICA,0
20481,1,NO APLICA,0
20482,1,NO APLICA,0
20483,1,NO APLICA,0
20484,1,NO APLICA,0
20485,1,NO APLICA,0
20486,1,NO APLICA,0
20487,1,NO APLICA,0
20488,1,NO APLICA,0
20489,1,NO APLICA,0
20490,1,NO APLICA,0
20491,1,NO APLICA,0
20492,1,NO APLICA,0
20493,1,NO APLICA,0
20494,1,NO APLICA,0
20495,1,NO IDENTIFICADO,97
20496,1,NO APLICA,0
20497,1,NO APLICA,0
20498,1,NO APLICA,0
20499,1,NO APLICA,0
20500,1,NO APLICA,0
20501,1,NO APLICA,0
20502,1,NO APLICA,0
20503,1,NO APLICA,0
20504,1,NO APLICA,0
20505,1,NO APLICA,0
20506,1,NO APLICA,0
20507,1,NO APLICA,0
20508,1,NO APLICA,0
20509,1,NO APLICA,0
20510,1,NO APLICA,0
20511,1,NO APLICA,0
20512,1,NO APLICA,0
20513,1,NO APLICA,0
20514,1,NO APLICA,0
20515,1,NO APLICA,0
20516,1,NO APLICA,0
20517,1,NO APLICA,0
20518,1,NO APLICA,0
20519,1,NO APLICA,0
20520,1,NO APLICA,0
20521,1,NO APLICA,0
20522,1,NO APLICA,0
20523,1,NO APLICA,0
20524,1,NO APLICA,0
20525,1,NO APLICA,0
20526,1,NO APLICA,0
20527,1,NO APLICA,0
20528,1,NO APLICA,0
20529,1,NO APLICA,0
20530,1,NO APLICA,0
20531,1,NO APLICA,0
20532,1,NO APLICA,0
20533,1,NO APLICA,0
20534,1,NO APLICA,0
20535,1,NO APLICA,0
20536,1,NO APLICA,0
20537,1,NO APLICA,0
20538,1,NO APLICA,0
20539,1,NO APLICA,0
20540,1,NO APLICA,0
20541,1,NO APLICA,0
20542,1,NO APLICA,0
20543,1,NO APLICA,0
20544,1,NO APLICA,0
20545,1,NO APLICA,0
20546,1,NO APLICA,0
20547,1,NO APLICA,0
20548,1,NO APLICA,0
20549,1,NO APLICA,0
20550,1,NO APLICA,0
20551,1,NO APLICA,0
20552,1,NO APLICA,0
20553,1,NO APLICA,0
20554,1,NO APLICA,0
20555,1,BASE DE LA POLICIA MUNICIPAL,3
20556,1,NO APLICA,0
20557,1,NO APLICA,0
20558,1,NO APLICA,0
20559,1,NO APLICA,0
20560,1,NO APLICA,0
20561,1,NO APLICA,0
20562,1,NO APLICA,0
20563,1,NO APLICA,0
20564,1,NO APLICA,0
20565,1,CENTRO DE CONTROL Y COMANDO C2,3
20566,1,NO APLICA,0
20567,1,NO APLICA,0
20568,1,NO APLICA,0
20569,1,NO APLICA,0
20570,1,CENTRO DE CONTROL Y COMANDO,3
21001,1,NO APLICA,0
21002,1,NO APLICA,0
21003,1,NO APLICA,0
21004,1,NO APLICA,0
21005,1,NO APLICA,0
21006,1,NO APLICA,0
21007,1,NO APLICA,0
21008,1,NO APLICA,0
21009,1,NO APLICA,0
21010,1,CABINA,3
21011,1,NO APLICA,0
21012,1,NO APLICA,0
21013,1,NO APLICA,0
21014,1,NO APLICA,0
21015,1,CENTRO DE CONTROL Y COMANDO C 2,3
21016,1,NO APLICA,0
21017,1,NO APLICA,0
21018,1,NO APLICA,0
21019,1,C CUATRO,3
21020,1,NO APLICA,0
21021,1,NO APLICA,0
21022,1,NO APLICA,0
21023,1,NO APLICA,0
21024,1,NO APLICA,0
21025,1,NO APLICA,0
21026,1,NO APLICA,0
21027,1,NO APLICA,0
21028,1,NO APLICA,0
21029,1,NO APLICA,0
21030,1,NO APLICA,0
21031,1,NO APLICA,0
21032,1,NO APLICA,0
21033,1,NO APLICA,0
21034,1,CABINA DE SEGURIDAD PUBLICA,3
21034,2,SALA DE 911,2
21035,1,NO APLICA,0
21036,1,NO APLICA,0
21037,1,NO APLICA,0
21038,1,NO APLICA,0
21039,1,NO APLICA,0
21040,1,NO APLICA,0
21041,1,COMPLEJO DE SEGURIDAD PUBLICA DE CUAUTLANCINGO C2,3
21042,1,NO APLICA,0
21043,1,NO APLICA,0
21044,1,NO APLICA,0
21045,1,NO APLICA,0
21046,1,COMANDANCIA,3
21047,1,NO APLICA,0
21048,1,NO APLICA,0
21049,1,NO APLICA,0
21050,1,NO APLICA,0
21051,1,OPERADOR CHIETLA,3
21052,1,NO APLICA,0
21053,1,CENTRO DE SEGURIDAD PUBLICA,3
21054,1,NO APLICA,0
21055,1,NO APLICA,0
21056,1,NO APLICA,0
21057,1,NO APLICA,0
21058,1,NO APLICA,0
21059,1,NO APLICA,0
21060,1,NO APLICA,0
21061,1,NO APLICA,0
21062,1,NO APLICA,0
21063,1,NO APLICA,0
21064,1,NO APLICA,0
21065,1,NO APLICA,0
21066,1,NO APLICA,0
21067,1,NO APLICA,0
21068,1,NO APLICA,0
21069,1,NO APLICA,0
21070,1,NO APLICA,0
21071,1,CENTRO DE EMERGENCIA Y RESPUESTA INMEDIATA HUAUCHINANGO,3
21072,1,NO APLICA,0
21073,1,NO APLICA,0
21074,1,CENTRO DE CONTROL Y COMANDO,3
21075,1,NO APLICA,0
21076,1,NO APLICA,0
21077,1,NO APLICA,0
21078,1,NO APLICA,0
21079,1,NO APLICA,0
21080,1,NO APLICA,0
21081,1,NO APLICA,0
21082,1,NO APLICA,0
21083,1,NO APLICA,0
21084,1,COMANDANCIA MUNICIPAL,3
21085,1,NO APLICA,0
21086,1,NO APLICA,0
21087,1,NO APLICA,0
21088,1,NO APLICA,0
21089,1,NO APLICA,0
21090,1,CENTRO DE COMANDO Y CONTROL C2,3
21091,1,NO APLICA,0
21092,1,NO APLICA,0
21093,1,NO APLICA,0
21094,1,CENTRO DE EMERGENCIA,3
21095,1,NO APLICA,0
21096,1,NO APLICA,0
21097,1,NO APLICA,0
21098,1,NO APLICA,0
21099,1,NO APLICA,0
21100,1,NO APLICA,0
21101,1,NO APLICA,0
21102,1,NO APLICA,0
21103,1,NO APLICA,0
21104,1,NO APLICA,0
21105,1,NO APLICA,0
21106,1,NO APLICA,0
21107,1,NO APLICA,0
21108,1,NO APLICA,0
21109,1,NO APLICA,0
21110,1,NO APLICA,0
21111,1,NO APLICA,0
21112,1,NO APLICA,0
21113,1,NO APLICA,0
21114,1,DIRECCION DE EMERGENCIAS Y RESPUESTA INMEDIATA,3
21115,1,NO APLICA,0
21116,1,NO APLICA,0
21117,1,NO APLICA,0
21118,1,NO APLICA,0
21119,1,COORDINACION DEL CENTRO DE EMERGENCIAS,3
21120,1,NO APLICA,0
21121,1,NO APLICA,0
21122,1,NO APLICA,0
21123,1,NO APLICA,0
21124,1,NO APLICA,0
21125,1,NO APLICA,0
21126,1,CABINA DE SEGURIDAD PUBLICA,3
21127,1,NO APLICA,0
21128,1,NO APLICA,0
21129,1,NO APLICA,0
21130,1,NO APLICA,0
21131,1,NO APLICA,0
21132,1,CENTRO DE RESPUESTA INMEDIATA,3
21133,1,NO APLICA,0
21134,1,NO APLICA,0
21135,1,NO APLICA,0
21136,1,NO APLICA,0
21137,1,NO APLICA,0
21138,1,NO APLICA,0
21139,1,NO APLICA,0
21140,1,CENTRO DE CONTROL Y COMANDO C2,3
21141,1,NO APLICA,0
21142,1,NO APLICA,0
21143,1,NO APLICA,0
21144,1,CENTRO DE RESPUESTA INMEDIATA CERI,3
21145,1,NO APLICA,0
21146,1,NO APLICA,0
21147,1,NO APLICA,0
21148,1,NO APLICA,0
21149,1,NO APLICA,0
21150,1,NO APLICA,0
21151,1,NO APLICA,0
21152,1,NO APLICA,0
21153,1,SEGURIDAD PUBLICA TECALI DE HERRERA,3
21154,1,CENTRO ESTRATEGICO DE RESPUESTA INMEDIATA,3
21155,1,NO APLICA,0
21156,1,CENTRO DE EMERGENCIAS Y RESPUESTA INMEDIATA DE TEHUACAN,3
21157,1,NO APLICA,0
21158,1,NO APLICA,0
21159,1,NO APLICA,0
21160,1,NO APLICA,0
21161,1,NO APLICA,0
21162,1,NO APLICA,0
21163,1,NO APLICA,0
21164,1,CERI CENTRO DE RESPUESTA INMEDIATA,3
21165,1,NO APLICA,0
21166,1,NO APLICA,0
21167,1,NO APLICA,0
21168,1,NO APLICA,0
21169,1,NO APLICA,0
21170,1,NO APLICA,0
21171,1,NO APLICA,0
21172,1,NO APLICA,0
21173,1,NO APLICA,0
21174,1,CENTRO DE EMERGENCIAS Y ATENCION INMEDIATA,3
21175,1,NO APLICA,0
21176,1,NO APLICA,0
21177,1,NO APLICA,0
21178,1,NO APLICA,0
21179,1,NO APLICA,0
21180,1,NO APLICA,0
21181,1,NO APLICA,0
21182,1,NO APLICA,0
21183,1,NO APLICA,0
21184,1,NO APLICA,0
21185,1,NO APLICA,0
21186,1,NO APLICA,0
21187,1,NO APLICA,0
21188,1,CENTRO DE LLAMADAS DE TOCHIMILCO,3
21189,1,COMANDANCIA MUNICIPAL,3
21190,1,NO APLICA,0
21191,1,NO APLICA,0
21192,1,NO APLICA,0
21193,1,NO APLICA,0
21194,1,NO APLICA,0
21195,1,NO APLICA,0
21196,1,NO APLICA,0
21197,1,NO APLICA,0
21198,1,NO APLICA,0
21199,1,COMANDANCIA MUNICIPAL,3
21200,1,NO APLICA,0
21201,1,NO APLICA,0
21202,1,NO APLICA,0
21203,1,NO APLICA,0
21204,1,NO APLICA,0
21205,1,NO APLICA,0
21206,1,NO APLICA,0
21207,1,NO APLICA,0
21208,1,CENTRO ESTRATEGICO DE MONITOREO Y COMUNICACION,3
21209,1,NO APLICA,0
21210,1,NO APLICA,0
21211,1,NO APLICA,0
21212,1,NO APLICA,0
21213,1,NO APLICA,0
21214,1,NO APLICA,0
21215,1,NO APLICA,0
21216,1,NO APLICA,0
21217,1,NO APLICA,0
22001,1,LINEA DE EMERGENCIA,3
22002,1,LINEA DE EMERGENCIAS 911 PINAL,3
22003,1,CENTRO DE CONTROL COMANDO COMUNICACIONES Y COMPUTO,3
22004,1,DIRECCION DE SEGURIDAD PUBLICA MUNICIPAL DE CADEREYTA DE MONTES,1
22005,1,CENTRO DE ATENCION DE LLAMADAS DE EMERGENCIAS 9-1-1 COLON,3
22006,1,DEPARTAMENTO DEL SISTEMA DE EMERGENCIAS 911,3
22007,1,CECOM,3
22008,1,CENTRO DE CONTROL COMANDO COMUNICACIONES Y COMPUTO,3
22009,1,COMANDANCIA MUNICIPAL DE JALPAN DE SERRA,3
22010,1,CASA DE JUSTICIA,3
22011,1,CENTRO DE CONTROL COMANDO COMPUTO COMUNICACIONES E INTELIGENCIA C4I,3
22012,1,CENTRO DE CONTROL COMANDO COMUNICACIONES Y COMPUTO PEDRO ESCOBEDO,3
22013,1,SISTEMA COMPUTER AIDED DISPATCH 911,1
22014,1,CENTRO DE COMANDO CONTROL COMUNICACION Y COMPUTO,3
22015,1,LINEA DE EMERGENCIA 911,3
22016,1,CENTRO DE CONTROL COMANDO COMUNICACIONES Y COMPUTO,3
22017,1,CENTRO DE COMANDO CONTROL COMUNICACION Y COMPUTO,3
22018,1,LINEA DE EMERGENCIA 911,3
23001,1,NO APLICA,0
23002,1,NO APLICA,0
23003,1,NO APLICA,0
23004,1,NO APLICA,0
23005,1,NO APLICA,0
23006,1,NO APLICA,0
23007,1,NO APLICA,0
23008,1,NO APLICA,0
23009,1,NO APLICA,0
23010,1,NO APLICA,0
23011,1,NO APLICA,0
24001,1,NO APLICA,0
24002,1,NO APLICA,0
24003,1,NO APLICA,0
24004,1,NO APLICA,0
24005,1,NO APLICA,0
24006,1,NO APLICA,0
24007,1,NO APLICA,0
24008,1,NO APLICA,0
24009,1,NO APLICA,0
24010,1,NO APLICA,0
24011,1,NO APLICA,0
24012,1,NO APLICA,0
24013,1,SUB CENTRO C4 CIUDAD VALLES,1
24014,1,NO APLICA,0
24015,1,NO APLICA,0
24016,1,NO APLICA,0
24017,1,NO APLICA,0
24018,1,NO APLICA,0
24019,1,NO APLICA,0
24020,1,SUB CENTRO C 4 MATEHUALA,1
24021,1,NO APLICA,0
24022,1,NO APLICA,0
24023,1,NO APLICA,0
24024,1,SUB CENTRO C4 RIOVERDE,1
24025,1,NO APLICA,0
24026,1,NO APLICA,0
24027,1,NO APLICA,0
24028,1,C4 SAN LUIS POTOSI,1
24029,1,NO APLICA,0
24030,1,NO APLICA,0
24031,1,NO APLICA,0
24032,1,NO APLICA,0
24033,1,NO APLICA,0
24034,1,NO APLICA,0
24035,1,NO APLICA,0
24036,1,NO APLICA,0
24037,1,NO APLICA,0
24038,1,NO APLICA,0
24039,1,NO APLICA,0
24040,1,CENTRAL DE COMUNICACIONES,3
24041,1,NO APLICA,0
24042,1,NO APLICA,0
24043,1,NO APLICA,0
24044,1,NO APLICA,0
24045,1,NO APLICA,0
24046,1,NO APLICA,0
24047,1,NO APLICA,0
24048,1,NO APLICA,0
24049,1,NO APLICA,0
24050,1,NO APLICA,0
24051,1,NO APLICA,0
24052,1,NO APLICA,0
24053,1,NO APLICA,0
24054,1,NO APLICA,0
24055,1,NO APLICA,0
24056,1,NO APLICA,0
24057,1,NO APLICA,0
24058,1,NO APLICA,0
25001,1,NO APLICA,0
25002,1,NO APLICA,0
25003,1,DIRECCION DE SEGURIDAD PUBLICA Y TRANSITO MUNICIPAL,3
25004,1,911,1
25005,1,DIRECCION DE SEGURIDAD PUBLICA Y TRANSITO MUNICIPAL,3
25006,1,NO APLICA,0
25007,1,NO APLICA,0
25008,1,NO APLICA,0
25009,1,NO APLICA,0
25010,1,NO APLICA,0
25011,1,NO APLICA,0
25012,1,NO APLICA,0
25013,1,NO APLICA,0
25014,1,NO APLICA,0
25015,1,PLATAFORMA MEXICO,3
25016,1,NO APLICA,0
25017,1,NO APLICA,0
25018,1,NO IDENTIFICADO,97
26001,1,NO APLICA,0
26002,1,CENTRO DE CONTROL COMANDO COMUNICACION COMPUTO E INTELIGENCIA,1
26003,1,NO APLICA,0
26004,1,NO APLICA,0
26005,1,NO APLICA,0
26006,1,NO APLICA,0
26007,1,NO APLICA,0
26008,1,NO APLICA,0
26009,1,NO APLICA,0
26010,1,NO APLICA,0
26011,1,NO APLICA,0
26012,1,NO APLICA,0
26013,1,NO APLICA,0
26014,1,NO APLICA,0
26015,1,NO APLICA,0
26016,1,NO APLICA,0
26017,1,CENTRO DE CONTROL COMANDO COMUNICACION COMPUTO COORDINACION E INTELIGENCIA CABORCA,2
26018,1,NO APLICA,0
26019,1,COMISARIA GENERAL DE LA POLICIA PREVENTIVA Y TRANSITO MUNICIPAL,2
26020,1,NO APLICA,0
26021,1,NO APLICA,0
26022,1,NO APLICA,0
26023,1,NO APLICA,0
26024,1,NO APLICA,0
26025,1,NO APLICA,0
26026,1,NO APLICA,0
26027,1,NO APLICA,0
26028,1,NO APLICA,0
26029,1,NO APLICA,0
26030,1,NO APLICA,0
26031,1,NO APLICA,0
26032,1,NO APLICA,0
26033,1,CENTRO DE COMANDO CONTROL Y COMUNICACIONES,2
26034,1,NO APLICA,0
26035,1,NO APLICA,0
26036,1,NO APLICA,0
26037,1,NO APLICA,0
26038,1,NO APLICA,0
26039,1,COMISARIA DE SEGURIDAD PUBLICA Y TRANSITO MUNICIPAL,3
26040,1,NO APLICA,0
26041,1,NO APLICA,0
26042,1,EL CENTRO DE COMANDO CONTROL COMPUTO COMUNICACIONES Y CONTACTO CIUDADANO DE LA CDMX,1
26043,1,NO APLICA,0
26044,1,NO APLICA,0
26045,1,NO APLICA,0
26046,1,NO APLICA,0
26047,1,NO APLICA,0
26048,1,NO APLICA,0
26049,1,NO APLICA,0
26050,1,NO APLICA,0
26051,1,NO APLICA,0
26052,1,NO APLICA,0
26053,1,NO APLICA,0
26054,1,NO APLICA,0
26055,1,CENTRO DE CONTROL COMUNICACION COMPUTO COORDINACION E INTELIGENCIA,2
26056,1,NO APLICA,0
26057,1,NO APLICA,0
26058,1,NO APLICA,0
26059,1,NO APLICA,0
26060,1,NO APLICA,0
26061,1,NO APLICA,0
26062,1,NO APLICA,0
26063,1,NO APLICA,0
26064,1,NO APLICA,0
26065,1,NO APLICA,0
26066,1,NO APLICA,0
26067,1,NO APLICA,0
26068,1,NO APLICA,0
26069,1,NO APLICA,0
26070,1,NO APLICA,0
26071,1,NO APLICA,0
26072,1,NO APLICA,0
27001,1,CENTRAL DE COMUNICACION DE BALANCAN,3
27002,1,CENTRAL DE RADIO,3
27003,1,NO APLICA,0
27004,1,NO APLICA,0
27005,1,CENTRAL DE RADIOS,3
27006,1,CENTRAL DE RADIO,3
27007,1,NO APLICA,0
27008,1,NO APLICA,0
27009,1,NO APLICA,0
27010,1,NO APLICA,0
27011,1,DIRECCION DE SEGURIDAD PUBLICA MUNICIPAL,3
27012,1,DIRECCION DE SEGURIDAD PUBLICA,3
27013,1,DIRECCION DE SEGURIDAD PUBLICA,3
27014,1,COMANDANCIA DE LA DIRECCION DE SEGURIDAD PUBLICA PARAISO TABASCO,3
27015,1,NO APLICA,0
27016,1,NO APLICA,0
27017,1,NO APLICA,0
28001,1,NO APLICA,0
28002,1,NO APLICA,0
28003,1,NO APLICA,0
28004,1,NO APLICA,0
28005,1,NO APLICA,0
28006,1,NO APLICA,0
28007,1,NO APLICA,0
28008,1,NO APLICA,0
28009,1,NO APLICA,0
28010,1,NO APLICA,0
28011,1,NO APLICA,0
28012,1,NO APLICA,0
28013,1,NO APLICA,0
28014,1,NO APLICA,0
28015,1,NO APLICA,0
28016,1,NO APLICA,0
28017,1,NO APLICA,0
28018,1,NO APLICA,0
28019,1,NO APLICA,0
28020,1,NO APLICA,0
28021,1,NO APLICA,0
28022,1,NO APLICA,0
28023,1,NO APLICA,0
28024,1,NO APLICA,0
28025,1,NO APLICA,0
28026,1,NO APLICA,0
28027,1,NO APLICA,0
28028,1,NO APLICA,0
28029,1,NO APLICA,0
28030,1,NO APLICA,0
28031,1,NO APLICA,0
28032,1,NO APLICA,0
28033,1,NO APLICA,0
28034,1,NO APLICA,0
28035,1,NO APLICA,0
28036,1,NO APLICA,0
28037,1,NO APLICA,0
28038,1,NO APLICA,0
28039,1,NO APLICA,0
28040,1,NO APLICA,0
28041,1,NO APLICA,0
28042,1,NO APLICA,0
28043,1,NO APLICA,0
29001,1,NO APLICA,0
29002,1,SEGURIDAD PUBLICA MUNICIPAL,3
29003,1,NO APLICA,0
29004,1,NO APLICA,0
29005,1,CENTRO DE UNIDAD DE CONTROL Y COMANDO,3
29006,1,NO APLICA,0
29007,1,NO APLICA,0
29008,1,NO APLICA,0
29009,1,NO APLICA,0
29010,1,NO APLICA,0
29011,1,NO APLICA,0
29012,1,NO APLICA,0
29013,1,BARANDILLA,3
29014,1,NO APLICA,0
29015,1,NO APLICA,0
29016,1,NO APLICA,0
29017,1,NO APLICA,0
29018,1,CENTRO DE ATENCION DE LLAMADAS DE EMERGENCIA,3
29019,1,NO APLICA,0
29020,1,NO APLICA,0
29021,1,NO APLICA,0
29022,1,NO APLICA,0
29023,1,NO APLICA,0
29024,1,NO APLICA,0
29025,1,CENTRO DE COMANDO Y CONTROL C,3
29026,1,NO APLICA,0
29027,1,NO APLICA,0
29028,1,NO APLICA,0
29029,1,NO APLICA,0
29030,1,BASE COMANDANCIA COMPLEJO,3
29031,1,NO APLICA,0
29032,1,NO APLICA,0
29033,1,TLAXCALA 01,3
29033,2,NUMERO DE EMERGENCIA INTERNO,3
29034,1,BARANDILLA,3
29035,1,NO APLICA,0
29036,1,NO APLICA,0
29037,1,NO APLICA,0
29038,1,DIRECCION DE SEGURIDAD PUBLICA,3
29039,1,NO APLICA,0
29040,1,DIRECCION DE SEGURIDAD PUBLICA Y VIALIDAD MUNICIPAL,3
29041,1,CENTRO DE MANDO Y MONITOREO,3
29042,1,NO APLICA,0
29043,1,CENTRO DE COMANDO Y VIDEOVIGILANCIA,3
29044,1,BARANDILLA,3
29045,1,NO APLICA,0
29046,1,NO APLICA,0
29047,1,NO APLICA,0
29048,1,BARANDILLA DE LA DIRECCION DE SEGURIDAD PUBLICA Y VIALIDAD,3
29049,1,NO APLICA,0
29050,1,NO APLICA,0
29051,1,NO APLICA,0
29052,1,NO APLICA,0
29053,1,NO APLICA,0
29054,1,NO APLICA,0
29055,1,NO APLICA,0
29056,1,NO APLICA,0
29057,1,NO APLICA,0
29058,1,NO APLICA,0
29059,1,NO APLICA,0
29060,1,NO APLICA,0
30001,1,NO APLICA,0
30002,1,NO APLICA,0
30003,1,NO APLICA,0
30004,1,NO APLICA,0
30005,1,NO APLICA,0
30006,1,NO IDENTIFICADO,97
30007,1,NO APLICA,0
30008,1,NO APLICA,0
30009,1,NO APLICA,0
30010,1,NO APLICA,0
30011,1,NO APLICA,0
30012,1,NO APLICA,0
30013,1,NO APLICA,0
30014,1,NO IDENTIFICADO,97
30015,1,NO APLICA,0
30016,1,NO IDENTIFICADO,97
30017,1,NO APLICA,0
30018,1,NO APLICA,0
30019,1,NO APLICA,0
30020,1,NO APLICA,0
30021,1,NO APLICA,0
30022,1,NO APLICA,0
30023,1,NO APLICA,0
30024,1,NO APLICA,0
30025,1,NO APLICA,0
30026,1,NO APLICA,0
30027,1,NO APLICA,0
30028,1,CENTRO DE LLAMADAS DE EMERGENCIA,1
30029,1,NO APLICA,0
30030,1,NO APLICA,0
30031,1,NO APLICA,0
30032,1,NO APLICA,0
30033,1,NO APLICA,0
30034,1,NO APLICA,0
30035,1,NO APLICA,0
30036,1,NO APLICA,0
30037,1,NO APLICA,0
30038,1,CENTRO DE COMANDO Y CONTROL,3
30039,1,DEPARTAMENTO DE COMUNICACIONES Y SISTEMAS,3
30040,1,NO APLICA,0
30041,1,NO APLICA,0
30042,1,NO APLICA,0
30043,1,NO APLICA,0
30044,1,NO APLICA,0
30045,1,NO APLICA,0
30046,1,NO APLICA,0
30047,1,NO APLICA,0
30048,1,NO APLICA,0
30049,1,NO APLICA,0
30050,1,NO APLICA,0
30051,1,NO APLICA,0
30052,1,NO APLICA,0
30053,1,NO APLICA,0
30054,1,NO APLICA,0
30055,1,NO APLICA,0
30056,1,NO APLICA,0
30057,1,NO APLICA,0
30058,1,NO APLICA,0
30059,1,NO APLICA,0
30060,1,NO APLICA,0
30061,1,BARANDILLA O CABINA DE RADIO,3
30062,1,NO APLICA,0
30063,1,NO APLICA,0
30064,1,NO APLICA,0
30065,1,NO APLICA,0
30066,1,NO APLICA,0
30067,1,NO APLICA,0
30068,1,NO APLICA,0
30069,1,NO APLICA,0
30070,1,NO APLICA,0
30071,1,NO APLICA,0
30072,1,NO APLICA,0
30073,1,NO APLICA,0
30074,1,NO IDENTIFICADO,97
30075,1,NO IDENTIFICADO,97
30076,1,NO APLICA,0
30077,1,NO APLICA,0
30078,1,NO APLICA,0
30079,1,NO APLICA,0
30080,1,NO APLICA,0
30081,1,COMANDANCIA DE POLICIA MUNICIPAL IXHUATLANCILLO VERACRUZ,3
30082,1,NO IDENTIFICADO,97
30083,1,NO APLICA,0
30084,1,NO APLICA,0
30085,1,NO APLICA,0
30086,1,NO APLICA,0
30087,1,CENTRO DE COMANDO Y CONTROL C2,3
30088,1,NO APLICA,0
30089,1,NO APLICA,0
30090,1,NO APLICA,0
30091,1,NO APLICA,0
30092,1,NO IDENTIFICADO,97
30093,1,NO IDENTIFICADO,97
30094,1,COMANDANCIA MUNICIPAL,3
30095,1,NO APLICA,0
30096,1,NO APLICA,0
30097,1,NO APLICA,0
30098,1,NO APLICA,0
30099,1,NO IDENTIFICADO,97
30100,1,NO APLICA,0
30101,1,NO APLICA,0
30102,1,NO APLICA,0
30103,1,NO APLICA,0
30104,1,NO APLICA,0
30105,1,NO IDENTIFICADO,97
30106,1,NO APLICA,0
30107,1,NO APLICA,0
30108,1,C2,3
30109,1,NO APLICA,0
30110,1,NO APLICA,0
30111,1,NO APLICA,0
30112,1,NO APLICA,0
30113,1,NO APLICA,0
30114,1,NO APLICA,0
30115,1,NO APLICA,0
30116,1,NO APLICA,0
30117,1,NO APLICA,0
30118,1,C5I CENTRO DE CONTROL COMANDO COMUNICACIONES,3
30119,1,NO APLICA,0
30120,1,NO APLICA,0
30121,1,NO APLICA,0
30122,1,NO APLICA,0
30123,1,NO APLICA,0
30124,1,FARO 1,3
30125,1,NO IDENTIFICADO,97
30126,1,NO APLICA,0
30127,1,NO APLICA,0
30128,1,NO APLICA,0
30129,1,NO APLICA,0
30130,1,NO APLICA,0
30131,1,RADIO CONTROL POLICIA MUNICIPAL,9
30132,1,NO APLICA,0
30133,1,COMANDANCIA DE SEGURIDAD PUBLICA,3
30134,1,NO APLICA,0
30135,1,NO APLICA,0
30136,1,NO APLICA,0
30137,1,NO APLICA,0
30138,1,NO IDENTIFICADO,97
30139,1,NO APLICA,0
30140,1,NO APLICA,0
30141,1,NO APLICA,0
30142,1,NO APLICA,0
30143,1,SEGURIDAD PUBLICA MUNICIPAL,3
30144,1,NO IDENTIFICADO,97
30145,1,NO APLICA,0
30146,1,NO APLICA,0
30147,1,NO APLICA,0
30148,1,NO APLICA,0
30149,1,NO APLICA,0
30150,1,NO APLICA,0
30151,1,NO APLICA,0
30152,1,NO APLICA,0
30153,1,NO APLICA,0
30154,1,NO APLICA,0
30155,1,NO APLICA,0
30156,1,NO APLICA,0
30157,1,NO APLICA,0
30158,1,NO APLICA,0
30159,1,NO APLICA,0
30160,1,NO APLICA,0
30161,1,NO APLICA,0
30162,1,NO APLICA,0
30163,1,NO APLICA,0
30164,1,NO APLICA,0
30165,1,NO APLICA,0
30166,1,NO APLICA,0
30167,1,NO APLICA,0
30168,1,NO APLICA,0
30169,1,NO IDENTIFICADO,97
30170,1,NO APLICA,0
30171,1,NO APLICA,0
30172,1,NO APLICA,0
30173,1,NO APLICA,0
30174,1,NO APLICA,0
30175,1,NO APLICA,0
30176,1,NO APLICA,0
30177,1,NO APLICA,0
30178,1,NO APLICA,0
30179,1,NO APLICA,0
30180,1,NO APLICA,0
30181,1,NO APLICA,0
30182,1,NO IDENTIFICADO,97
30183,1,NO APLICA,0
30184,1,NO APLICA,0
30185,1,NO APLICA,0
30186,1,NO APLICA,0
30187,1,NO APLICA,0
30188,1,NO APLICA,0
30189,1,NO APLICA,0
30190,1,NO APLICA,0
30191,1,NO APLICA,0
30192,1,NO APLICA,0
30193,1,NO APLICA,0
30194,1,NO APLICA,0
30195,1,NO APLICA,0
30196,1,BASE CONDOR,3
30197,1,NO APLICA,0
30198,1,NO APLICA,0
30199,1,NO APLICA,0
30200,1,NO APLICA,0
30201,1,NO APLICA,0
30202,1,NO APLICA,0
30203,1,NO APLICA,0
30204,1,NO APLICA,0
30205,1,NO APLICA,0
30206,1,NO APLICA,0
30207,1,NO APLICA,0
30208,1,NO APLICA,0
30209,1,NO APLICA,0
30210,1,NO APLICA,0
30211,1,NO APLICA,0
30212,1,NO APLICA,0
31001,1,NO APLICA,0
31002,1,NO APLICA,0
31003,1,NO APLICA,0
31004,1,NO APLICA,0
31005,1,NO APLICA,0
31006,1,NO APLICA,0
31007,1,NO APLICA,0
31008,1,NO APLICA,0
31009,1,NO APLICA,0
31010,1,NO APLICA,0
31011,1,NO APLICA,0
31012,1,NO APLICA,0
31013,1,NO APLICA,0
31014,1,NO APLICA,0
31015,1,NO APLICA,0
31016,1,NO APLICA,0
31017,1,NO APLICA,0
31018,1,NO APLICA,0
31019,1,NO APLICA,0
31020,1,NO APLICA,0
31021,1,NO APLICA,0
31022,1,NO APLICA,0
31023,1,NO APLICA,0
31024,1,NO APLICA,0
31025,1,NO APLICA,0
31026,1,NO APLICA,0
31027,1,NO APLICA,0
31028,1,NO APLICA,0
31029,1,NO APLICA,0
31030,1,NO APLICA,0
31031,1,NO APLICA,0
31032,1,NO APLICA,0
31033,1,NO APLICA,0
31034,1,NO APLICA,0
31035,1,NO APLICA,0
31036,1,NO APLICA,0
31037,1,NO APLICA,0
31038,1,NO APLICA,0
31039,1,NO APLICA,0
31040,1,NO APLICA,0
31041,1,NO APLICA,0
31042,1,NO APLICA,0
31043,1,NO APLICA,0
31044,1,NO APLICA,0
31045,1,NO APLICA,0
31046,1,NO APLICA,0
31047,1,NO APLICA,0
31048,1,NO APLICA,0
31049,1,NO APLICA,0
31050,1,CENTRAL DE COMUNICACIONES Y CONTROL DE MANDO,3
31051,1,NO APLICA,0
31052,1,NO APLICA,0
31053,1,NO APLICA,0
31054,1,NO APLICA,0
31055,1,NO APLICA,0
31056,1,NO APLICA,0
31057,1,NO APLICA,0
31058,1,NO APLICA,0
31059,1,CENTRAL DE MANDO,3
31060,1,NO APLICA,0
31061,1,NO APLICA,0
31062,1,NO APLICA,0
31063,1,NO APLICA,0
31064,1,NO APLICA,0
31065,1,NO APLICA,0
31066,1,NO APLICA,0
31067,1,NO APLICA,0
31068,1,NO APLICA,0
31069,1,NO APLICA,0
31070,1,NO APLICA,0
31071,1,NO APLICA,0
31072,1,NO APLICA,0
31073,1,NO APLICA,0
31074,1,NO APLICA,0
31075,1,NO APLICA,0
31076,1,NO APLICA,0
31077,1,NO APLICA,0
31078,1,NO APLICA,0
31079,1,NO APLICA,0
31080,1,NO APLICA,0
31081,1,NO APLICA,0
31082,1,NO APLICA,0
31083,1,NO APLICA,0
31084,1,NO APLICA,0
31085,1,NO APLICA,0
31086,1,NO APLICA,0
31087,1,NO APLICA,0
31088,1,NO APLICA,0
31089,1,NO APLICA,0
31090,1,NO APLICA,0
31091,1,NO APLICA,0
31092,1,NO APLICA,0
31093,1,NO APLICA,0
31094,1,NO APLICA,0
31095,1,NO APLICA,0
31096,1,NO APLICA,0
31097,1,NO APLICA,0
31098,1,NO APLICA,0
31099,1,NO APLICA,0
31100,1,NO APLICA,0
31101,1,NO APLICA,0
31102,1,NO APLICA,0
31103,1,NO APLICA,0
31104,1,NO APLICA,0
31105,1,NO APLICA,0
31106,1,NO APLICA,0
32001,1,NO APLICA,0
32002,1,NO APLICA,0
32003,1,NO APLICA,0
32004,1,NO APLICA,0
32005,1,SISTEMA DE EMERGENCIAS 911,1
32006,1,NO APLICA,0
32007,1,NO APLICA,0
32008,1,NO APLICA,0
32009,1,NO IDENTIFICADO,97
32010,1,CENTRO DE COMANDO CONTROL COMPUTO COMUNICACIONES Y CONTACTO CIUDADANO,1
32010,2,RADIO BASE DE LA DIRECCION DE SEGURIDAD PUBLICA MUNICIPAL,3
32011,1,NO APLICA,0
32012,1,NO APLICA,0
32013,1,NO APLICA,0
32014,1,NO APLICA,0
32015,1,NO APLICA,0
32016,1,NO APLICA,0
32017,1,SISTEMA DE EMERGENCIAS,3
32018,1,NO APLICA,0
32019,1,NO APLICA,0
32020,1,911,3
32021,1,NO APLICA,0
32022,1,NO APLICA,0
32023,1,NO APLICA,0
32024,1,NO APLICA,0
32025,1,SEGURIDAD PUBLICA,3
32026,1,NO APLICA,0
32027,1,NO APLICA,0
32028,1,NO APLICA,0
32029,1,NO APLICA,0
32030,1,NO APLICA,0
32031,1,NO APLICA,0
32032,1,DIRECCION DE SEGURIDAD PUBLICA,3
32033,1,NO APLICA,0
32034,1,CENTRO DE COMANDO CONTROL COMUNICACION Y COMPUTO,3
32035,1,NO APLICA,0
32036,1,BASE DIRECCION DE SEGURIDAD PUBLICA MUNICIPAL,1
32037,1,NO APLICA,0
32038,1,NO APLICA,0
32039,1,NO APLICA,0
32040,1,NO APLICA,0
32041,1,NO APLICA,0
32042,1,SISTEMA DE EMERGENCIA C2,3
32043,1,NO APLICA,0
32044,1,NO APLICA,0
32045,1,NO APLICA,0
32046,1,NO APLICA,0
32047,1,NO APLICA,0
32048,1,NO APLICA,0
32049,1,CENTRO 911,3
32050,1,NO APLICA,0
32051,1,CENTRO DE LLAMADAS DE EMERGENCIA VILLA DE COS,4
32052,1,DIRECCION DE SEGURIDAD PUBLICA MUNICIPAL,3
32053,1,NO APLICA,0
32054,1,NO APLICA,0
32055,1,RADIO OPERADOR,3
32056,1,BASE RADIO,3
32057,1,SISTEMA DE EMERGENCIA MUNICIPAL,3
32058,1,NO APLICA,0
