ubicageo_f,aniorefe_b,pprfue1,pprfue2,pprfue3
1001,1,NSS,NSS,NSS
1001,2,NSS,NSS,NSS
1002,1,202,0,0
1002,2,241,0,0
1003,1,120,0,0
1003,2,110,0,0
1004,1,0,0,0
1004,2,0,0,0
1005,1,500,0,0
1005,2,449,0,0
1006,1,0,0,0
1006,2,0,0,0
1007,1,175,0,0
1007,2,78,0,0
1008,1,0,0,0
1008,2,0,0,0
1009,1,0,0,0
1009,2,0,0,0
1010,1,0,0,0
1010,2,0,0,0
1011,1,0,0,0
1011,2,0,0,0
2001,1,0,0,0
2001,2,0,0,0
2002,1,0,0,0
2002,2,0,0,0
2003,1,NSS,NSS,NSS
2003,2,NSS,NSS,NSS
2004,1,29,10,2
2004,2,222,33,15
2005,1,23,0,0
2005,2,51,0,0
2006,1,NA,NA,NA
2006,2,0,0,0
2007,1,NA,NA,NA
2007,2,208,0,0
3001,1,NA,NA,NA
3001,2,0,0,0
3002,1,NSS,NSS,NSS
3002,2,NSS,NSS,NSS
3003,1,72,0,0
3003,2,201,0,0
3008,1,NA,NA,NA
3008,2,NA,NA,NA
3009,1,9,0,0
3009,2,9,0,0
4001,1,50,0,0
4001,2,54,0,0
4002,1,NA,NA,NA
4002,2,1177,0,0
4003,1,196,0,0
4003,2,499,0,0
4004,1,103,0,0
4004,2,101,0,0
4005,1,9,0,0
4005,2,11,0,0
4006,1,NA,NA,NA
4006,2,70,0,0
4007,1,5,0,0
4007,2,30,0,0
4008,1,NA,NA,NA
4008,2,NA,NA,NA
4009,1,137,0,0
4009,2,152,0,0
4010,1,9,0,0
4010,2,20,0,0
4011,1,16,0,0
4011,2,21,0,0
4012,1,NA,NA,NA
4012,2,NA,NA,NA
4013,1,NA,NA,NA
4013,2,NA,NA,NA
5001,1,NA,NA,NA
5001,2,NA,NA,NA
5002,1,0,0,0
5002,2,0,0,0
5003,1,NSS,NSS,NSS
5003,2,0,0,0
5004,1,NA,NA,NA
5004,2,NA,NA,NA
5005,1,NA,NA,NA
5005,2,NA,NA,NA
5006,1,NSS,NSS,NSS
5006,2,0,0,0
5007,1,10,0,0
5007,2,7,0,0
5008,1,NA,NA,NA
5008,2,NA,NA,NA
5009,1,0,0,0
5009,2,0,0,0
5010,1,NSS,NSS,NSS
5010,2,NA,NA,NA
5011,1,0,0,0
5011,2,0,0,0
5012,1,NA,NA,NA
5012,2,NA,NA,NA
5013,1,NA,NA,NA
5013,2,NA,NA,NA
5014,1,65,10,0
5014,2,80,16,0
5015,1,NA,NA,NA
5015,2,NA,NA,NA
5016,1,0,0,0
5016,2,0,0,0
5017,1,NSS,NSS,NSS
5017,2,0,0,0
5018,1,NSS,NSS,NSS
5018,2,0,0,0
5019,1,NSS,NSS,NSS
5019,2,0,0,0
5020,1,NA,NA,NA
5020,2,611,0,0
5021,1,NSS,NSS,NSS
5021,2,0,0,0
5022,1,12,0,0
5022,2,9,0,0
5023,1,0,0,0
5023,2,0,0,0
5024,1,61,0,0
5024,2,135,0,0
5025,1,0,0,0
5025,2,0,0,0
5026,1,NA,NA,NA
5026,2,NA,NA,NA
5027,1,NA,NA,NA
5027,2,NA,NA,NA
5028,1,441,0,0
5028,2,474,0,0
5029,1,NSS,NSS,NSS
5029,2,NA,NA,NA
5030,1,NSS,NSS,NSS
5030,2,NSS,NSS,NSS
5031,1,0,0,0
5031,2,0,0,0
5032,1,NSS,NSS,NSS
5032,2,0,0,0
5033,1,NA,NA,NA
5033,2,NA,NA,NA
5034,1,0,0,0
5034,2,0,0,0
5035,1,1987,0,0
5035,2,4608,0,0
5036,1,0,0,0
5036,2,0,0,0
5037,1,NSS,NSS,NSS
5037,2,NA,NA,NA
5038,1,NA,NA,NA
5038,2,0,0,0
6001,1,4,0,0
6001,2,16,0,0
6002,1,387,0,0
6002,2,202,0,0
6003,1,0,0,0
6003,2,0,0,0
6004,1,0,0,0
6004,2,0,0,0
6005,1,0,0,0
6005,2,0,0,0
6006,1,4,0,0
6006,2,2,0,0
6007,1,0,0,0
6007,2,0,0,0
6008,1,0,0,0
6008,2,0,0,0
6009,1,0,0,0
6009,2,0,0,0
6010,1,0,0,0
6010,2,0,0,0
7001,1,NA,NA,NA
7001,2,NA,NA,NA
7002,1,NA,NA,NA
7002,2,NA,NA,NA
7003,1,NA,NA,NA
7003,2,NA,NA,NA
7004,1,NSS,NSS,NSS
7004,2,3,3,0
7005,1,NA,NA,NA
7005,2,4,0,0
7006,1,NA,NA,NA
7006,2,NA,NA,NA
7007,1,NA,NA,NA
7007,2,NA,NA,NA
7008,1,NA,NA,NA
7008,2,NA,NA,NA
7009,1,NA,NA,NA
7009,2,NA,NA,NA
7010,1,NA,NA,NA
7010,2,NA,NA,NA
7011,1,NA,NA,NA
7011,2,NA,NA,NA
7012,1,60,0,0
7012,2,50,0,0
7013,1,NA,NA,NA
7013,2,0,0,0
7014,1,NA,NA,NA
7014,2,0,0,0
7015,1,5,5,0
7015,2,8,8,0
7016,1,NA,NA,NA
7016,2,NA,NA,NA
7017,1,0,0,0
7017,2,0,0,0
7018,1,0,0,0
7018,2,0,0,0
7019,1,38,0,0
7019,2,55,0,0
7020,1,0,0,0
7020,2,0,0,0
7021,1,4,4,0
7021,2,22,22,0
7022,1,NA,NA,NA
7022,2,NA,NA,NA
7023,1,0,0,0
7023,2,0,0,0
7024,1,10,0,0
7024,2,5,0,0
7025,1,NSS,NSS,NSS
7025,2,NA,NA,NA
7026,1,NA,NA,NA
7026,2,NA,NA,NA
7027,1,0,0,0
7027,2,0,0,0
7028,1,NA,NA,NA
7028,2,NA,NA,NA
7029,1,NA,NA,NA
7029,2,NA,NA,NA
7030,1,NA,NA,NA
7030,2,0,0,0
7031,1,0,0,0
7031,2,0,0,0
7032,1,14,0,0
7032,2,6,0,0
7033,1,NA,NA,NA
7033,2,NA,NA,NA
7034,1,NA,NA,NA
7034,2,NA,NA,NA
7035,1,NA,NA,NA
7035,2,0,0,0
7036,1,NA,NA,NA
7036,2,NA,NA,NA
7037,1,NSS,NSS,NSS
7037,2,11,0,0
7038,1,NA,NA,NA
7038,2,NA,NA,NA
7039,1,NA,NA,NA
7039,2,2,0,0
7040,1,NA,NA,NA
7040,2,0,0,0
7041,1,NA,NA,NA
7041,2,0,0,0
7042,1,0,0,0
7042,2,0,0,0
7043,1,NSS,NSS,NSS
7043,2,9,0,0
7044,1,10,0,0
7044,2,20,0,0
7045,1,NA,NA,NA
7045,2,NA,NA,NA
7046,1,0,0,0
7046,2,0,0,0
7047,1,NA,NA,NA
7047,2,NA,NA,NA
7048,1,0,0,0
7048,2,2,0,0
7049,1,NA,NA,NA
7049,2,NA,NA,NA
7050,1,NSS,NSS,NSS
7050,2,NSS,NSS,NSS
7051,1,0,0,0
7051,2,0,0,0
7052,1,30,0,0
7052,2,14,0,0
7053,1,NA,NA,NA
7053,2,NA,NA,NA
7054,1,0,0,0
7054,2,4,0,0
7055,1,0,0,0
7055,2,0,0,0
7056,1,NA,NA,NA
7056,2,NA,NA,NA
7057,1,0,0,0
7057,2,0,0,0
7058,1,NA,NA,NA
7058,2,NA,NA,NA
7059,1,NSS,NSS,NSS
7059,2,0,0,0
7060,1,NA,NA,NA
7060,2,NA,NA,NA
7061,1,NSS,NSS,NSS
7061,2,0,0,0
7062,1,NA,NA,NA
7062,2,NA,NA,NA
7063,1,NA,NA,NA
7063,2,NA,NA,NA
7064,1,NA,NA,NA
7064,2,NSS,NSS,NSS
7065,1,0,0,0
7065,2,0,0,0
7066,1,NSS,NSS,NSS
7066,2,NA,NA,NA
7067,1,NA,NA,NA
7067,2,NA,NA,NA
7068,1,NA,NA,NA
7068,2,NA,NA,NA
7069,1,NA,NA,NA
7069,2,0,0,0
7070,1,NA,NA,NA
7070,2,NA,NA,NA
7071,1,NA,NA,NA
7071,2,2,0,0
7072,1,0,0,0
7072,2,0,0,0
7073,1,0,0,0
7073,2,0,0,0
7074,1,NA,NA,NA
7074,2,0,0,0
7075,1,NA,NA,NA
7075,2,NA,NA,NA
7076,1,0,0,0
7076,2,0,0,0
7077,1,NSS,NSS,NSS
7077,2,NSS,NSS,NSS
7078,1,294,0,0
7078,2,198,0,0
7079,1,NA,NA,NA
7079,2,NA,NA,NA
7080,1,NSS,NSS,NSS
7080,2,NA,NA,NA
7081,1,NA,NA,NA
7081,2,NA,NA,NA
7082,1,NA,NA,NA
7082,2,0,0,0
7083,1,NA,NA,NA
7083,2,NA,NA,NA
7084,1,NA,NA,NA
7084,2,NA,NA,NA
7085,1,NA,NA,NA
7085,2,NA,NA,NA
7086,1,NA,NA,NA
7086,2,NA,NA,NA
7087,1,0,0,0
7087,2,0,0,0
7088,1,NA,NA,NA
7088,2,NA,NA,NA
7089,1,67,0,0
7089,2,74,0,0
7090,1,NA,NA,NA
7090,2,NA,NA,NA
7091,1,NA,NA,NA
7091,2,NA,NA,NA
7092,1,NA,NA,NA
7092,2,0,0,0
7093,1,NA,NA,NA
7093,2,NA,NA,NA
7094,1,NSS,NSS,NSS
7094,2,NA,NA,NA
7096,1,0,0,0
7096,2,0,0,0
7097,1,0,0,0
7097,2,0,0,0
7098,1,NA,NA,NA
7098,2,NA,NA,NA
7099,1,NA,NA,NA
7099,2,NA,NA,NA
7100,1,0,0,0
7100,2,0,0,0
7101,1,0,0,0
7101,2,0,0,0
7102,1,0,0,0
7102,2,0,0,0
7103,1,0,0,0
7103,2,0,0,0
7104,1,NA,NA,NA
7104,2,NA,NA,NA
7105,1,NA,NA,NA
7105,2,NA,NA,NA
7106,1,NA,NA,NA
7106,2,NA,NA,NA
7107,1,NSS,NSS,NSS
7107,2,NA,NA,NA
7108,1,0,0,0
7108,2,0,0,0
7109,1,0,0,0
7109,2,0,0,0
7110,1,NA,NA,NA
7110,2,0,0,0
7111,1,NA,NA,NA
7111,2,NA,NA,NA
7112,1,NA,NA,NA
7112,2,NA,NA,NA
7113,1,NA,NA,NA
7113,2,NA,NA,NA
7114,1,NA,NA,NA
7114,2,NA,NA,NA
7115,1,NA,NA,NA
7115,2,NA,NA,NA
7116,1,NA,NA,NA
7116,2,NA,NA,NA
7117,1,NA,NA,NA
7117,2,0,0,0
7118,1,NA,NA,NA
7118,2,NA,NA,NA
7119,1,NA,NA,NA
7119,2,NA,NA,NA
7120,1,NA,NA,NA
7120,2,NA,NA,NA
7121,1,NA,NA,NA
7121,2,NA,NA,NA
7122,1,NA,NA,NA
7122,2,NA,NA,NA
7123,1,NA,NA,NA
7123,2,NA,NA,NA
7124,1,NA,NA,NA
7124,2,NA,NA,NA
7125,1,NA,NA,NA
7125,2,NA,NA,NA
8001,1,1,0,0
8001,2,1,0,0
8002,1,NA,NA,NA
8002,2,NA,NA,NA
8003,1,0,0,0
8003,2,0,0,0
8004,1,NA,NA,NA
8004,2,NA,NA,NA
8005,1,NA,NA,NA
8005,2,16,0,0
8006,1,NA,NA,NA
8006,2,NA,NA,NA
8007,1,NA,NA,NA
8007,2,0,0,0
8008,1,0,0,0
8008,2,0,0,0
8009,1,NA,NA,NA
8009,2,NA,NA,NA
8010,1,0,0,0
8010,2,1,0,0
8011,1,0,0,0
8011,2,0,0,0
8012,1,NA,NA,NA
8012,2,NA,NA,NA
8013,1,NSS,NSS,NSS
8013,2,NSS,NSS,NSS
8014,1,NA,NA,NA
8014,2,NA,NA,NA
8015,1,NA,NA,NA
8015,2,NA,NA,NA
8016,1,2,0,0
8016,2,2,0,0
8017,1,0,0,0
8017,2,0,0,0
8018,1,NA,NA,NA
8018,2,NA,NA,NA
8019,1,0,0,0
8019,2,0,0,0
8020,1,NA,NA,NA
8020,2,0,0,0
8021,1,0,0,0
8021,2,0,0,0
8022,1,NA,NA,NA
8022,2,NA,NA,NA
8023,1,NA,NA,NA
8023,2,NA,NA,NA
8024,1,NA,NA,NA
8024,2,NA,NA,NA
8025,1,NA,NA,NA
8025,2,NA,NA,NA
8026,1,NA,NA,NA
8026,2,NA,NA,NA
8027,1,3,0,0
8027,2,5,0,0
8028,1,NA,NA,NA
8028,2,NA,NA,NA
8029,1,0,0,0
8029,2,NA,NA,NA
8030,1,NA,NA,NA
8030,2,0,0,0
8031,1,NA,NA,NA
8031,2,NA,NA,NA
8032,1,NA,NA,NA
8032,2,NA,NA,NA
8033,1,NA,NA,NA
8033,2,NA,NA,NA
8034,1,NA,NA,NA
8034,2,NA,NA,NA
8035,1,NA,NA,NA
8035,2,NA,NA,NA
8036,1,0,0,0
8036,2,0,0,0
8037,1,166,35,0
8037,2,129,15,0
8038,1,NA,NA,NA
8038,2,1,0,0
8039,1,NA,NA,NA
8039,2,NA,NA,NA
8040,1,NA,NA,NA
8040,2,NA,NA,NA
8041,1,NA,NA,NA
8041,2,NA,NA,NA
8042,1,NA,NA,NA
8042,2,NA,NA,NA
8043,1,NA,NA,NA
8043,2,NA,NA,NA
8044,1,NA,NA,NA
8044,2,NA,NA,NA
8045,1,0,0,0
8045,2,0,0,0
8046,1,NA,NA,NA
8046,2,NA,NA,NA
8047,1,NA,NA,NA
8047,2,NA,NA,NA
8048,1,NA,NA,NA
8048,2,NA,NA,NA
8049,1,NA,NA,NA
8049,2,NA,NA,NA
8050,1,NSS,NSS,NSS
8050,2,NSS,NSS,NSS
8051,1,NA,NA,NA
8051,2,NA,NA,NA
8052,1,15,0,0
8052,2,12,0,0
8053,1,NA,NA,NA
8053,2,NA,NA,NA
8054,1,NA,NA,NA
8054,2,NA,NA,NA
8055,1,NA,NA,NA
8055,2,0,0,0
8056,1,NA,NA,NA
8056,2,NA,NA,NA
8057,1,NA,NA,NA
8057,2,NA,NA,NA
8058,1,0,0,0
8058,2,0,0,0
8059,1,NA,NA,NA
8059,2,0,0,0
8060,1,0,0,0
8060,2,0,0,0
8061,1,NA,NA,NA
8061,2,NA,NA,NA
8062,1,32,0,0
8062,2,28,0,0
8063,1,NSS,NSS,NSS
8063,2,NSS,NSS,NSS
8064,1,NA,NA,NA
8064,2,0,0,0
8065,1,NA,NA,NA
8065,2,NA,NA,NA
8066,1,NA,NA,NA
8066,2,NA,NA,NA
8067,1,NA,NA,NA
8067,2,NA,NA,NA
9002,1,NA,NA,NA
9002,2,NA,NA,NA
9003,1,NA,NA,NA
9003,2,NA,NA,NA
9004,1,NA,NA,NA
9004,2,NA,NA,NA
9005,1,NA,NA,NA
9005,2,NA,NA,NA
9006,1,NA,NA,NA
9006,2,NA,NA,NA
9007,1,NA,NA,NA
9007,2,NA,NA,NA
9008,1,NA,NA,NA
9008,2,NA,NA,NA
9009,1,NA,NA,NA
9009,2,NA,NA,NA
9010,1,NA,NA,NA
9010,2,NA,NA,NA
9011,1,NA,NA,NA
9011,2,NA,NA,NA
9012,1,NA,NA,NA
9012,2,NA,NA,NA
9013,1,NA,NA,NA
9013,2,NA,NA,NA
9014,1,NA,NA,NA
9014,2,NA,NA,NA
9015,1,NA,NA,NA
9015,2,NA,NA,NA
9016,1,NA,NA,NA
9016,2,NA,NA,NA
9017,1,NA,NA,NA
9017,2,NA,NA,NA
10001,1,NA,NA,NA
10001,2,NA,NA,NA
10002,1,NA,NA,NA
10002,2,NA,NA,NA
10003,1,NA,NA,NA
10003,2,NA,NA,NA
10004,1,0,0,0
10004,2,0,0,0
10005,1,0,0,0
10005,2,0,0,0
10006,1,NA,NA,NA
10006,2,NA,NA,NA
10007,1,0,0,0
10007,2,0,0,0
10008,1,NA,NA,NA
10008,2,NA,NA,NA
10009,1,NA,NA,NA
10009,2,NA,NA,NA
10010,1,NA,NA,NA
10010,2,NA,NA,NA
10011,1,NA,NA,NA
10011,2,NA,NA,NA
10012,1,0,0,0
10012,2,0,0,0
10013,1,0,0,0
10013,2,0,0,0
10014,1,NA,NA,NA
10014,2,NA,NA,NA
10015,1,NA,NA,NA
10015,2,NA,NA,NA
10016,1,NA,NA,NA
10016,2,23,0,0
10017,1,NA,NA,NA
10017,2,0,0,0
10018,1,NA,NA,NA
10018,2,0,0,0
10019,1,NA,NA,NA
10019,2,NA,NA,NA
10020,1,NA,NA,NA
10020,2,NA,NA,NA
10021,1,NA,NA,NA
10021,2,NA,NA,NA
10022,1,NA,NA,NA
10022,2,NA,NA,NA
10023,1,3,0,0
10023,2,1,0,0
10024,1,NA,NA,NA
10024,2,NA,NA,NA
10025,1,NA,NA,NA
10025,2,NA,NA,NA
10026,1,NA,NA,NA
10026,2,NA,NA,NA
10027,1,NA,NA,NA
10027,2,NA,NA,NA
10028,1,NA,NA,NA
10028,2,NA,NA,NA
10029,1,NA,NA,NA
10029,2,0,0,0
10030,1,NA,NA,NA
10030,2,NA,NA,NA
10031,1,NSS,NSS,NSS
10031,2,NA,NA,NA
10032,1,0,0,0
10032,2,0,0,0
10033,1,NA,NA,NA
10033,2,NA,NA,NA
10034,1,1,0,0
10034,2,2,0,0
10035,1,NA,NA,NA
10035,2,NA,NA,NA
10036,1,NA,NA,NA
10036,2,NA,NA,NA
10037,1,NA,NA,NA
10037,2,NA,NA,NA
10038,1,NA,NA,NA
10038,2,0,0,0
10039,1,NA,NA,NA
10039,2,NA,NA,NA
11001,1,0,0,0
11001,2,0,0,0
11002,1,NA,NA,NA
11002,2,0,0,0
11003,1,379,0,0
11003,2,250,0,0
11004,1,102,0,0
11004,2,134,0,0
11005,1,0,0,0
11005,2,0,0,0
11006,1,NA,NA,NA
11006,2,NA,NA,NA
11007,1,496,0,0
11007,2,542,0,0
11008,1,NSS,NSS,NSS
11008,2,NSS,NSS,NSS
11009,1,20,0,0
11009,2,25,0,0
11010,1,0,0,0
11010,2,0,0,0
11011,1,0,0,0
11011,2,0,0,0
11012,1,14,0,0
11012,2,15,0,0
11013,1,0,0,0
11013,2,0,0,0
11014,1,2223,0,0
11014,2,2396,0,0
11015,1,441,0,0
11015,2,474,0,0
11016,1,NA,NA,NA
11016,2,NA,NA,NA
11017,1,0,0,0
11017,2,0,0,0
11018,1,0,0,0
11018,2,0,0,0
11019,1,NA,NA,NA
11019,2,10,0,0
11020,1,17,2,2
11020,2,4,1,1
11021,1,7,0,0
11021,2,16,0,0
11022,1,2,0,0
11022,2,3,0,0
11023,1,0,0,0
11023,2,0,0,0
11024,1,NA,NA,NA
11024,2,NA,NA,NA
11025,1,40,0,0
11025,2,40,0,0
11026,1,NA,NA,NA
11026,2,NA,NA,NA
11027,1,NSS,NSS,NSS
11027,2,NSS,NSS,NSS
11028,1,NA,NA,NA
11028,2,0,0,0
11029,1,0,0,0
11029,2,0,0,0
11030,1,14,0,0
11030,2,5,0,0
11031,1,119,0,0
11031,2,177,0,0
11032,1,NA,NA,NA
11032,2,0,0,0
11033,1,16,0,0
11033,2,30,0,0
11034,1,NA,NA,NA
11034,2,3,0,0
11035,1,NSS,NSS,NSS
11035,2,NSS,NSS,NSS
11036,1,NA,NA,NA
11036,2,NA,NA,NA
11037,1,NSS,NSS,NSS
11037,2,NSS,NSS,NSS
11038,1,NA,NA,NA
11038,2,1,1,0
11039,1,NA,NA,NA
11039,2,NA,NA,NA
11040,1,1,0,0
11040,2,2,0,0
11041,1,5,0,0
11041,2,4,0,0
11042,1,NSS,NSS,NSS
11042,2,NSS,NSS,NSS
11043,1,0,0,0
11043,2,0,0,0
11044,1,NSS,NSS,NSS
11044,2,NSS,NSS,NSS
11045,1,NSS,NSS,NSS
11045,2,NSS,NSS,NSS
11046,1,NSS,NSS,NSS
11046,2,NSS,NSS,NSS
12001,1,180,0,0
12001,2,188,0,0
12002,1,NA,NA,NA
12002,2,NA,NA,NA
12003,1,NA,NA,NA
12003,2,NA,NA,NA
12004,1,NA,NA,NA
12004,2,NA,NA,NA
12005,1,NA,NA,NA
12005,2,NA,NA,NA
12006,1,NA,NA,NA
12006,2,NA,NA,NA
12007,1,NA,NA,NA
12007,2,NA,NA,NA
12008,1,9,0,0
12008,2,8,0,0
12009,1,0,0,0
12009,2,NA,NA,NA
12010,1,NA,NA,NA
12010,2,NA,NA,NA
12011,1,0,0,0
12011,2,0,0,0
12012,1,NA,NA,NA
12012,2,NA,NA,NA
12013,1,1,0,0
12013,2,1,0,0
12014,1,NA,NA,NA
12014,2,0,0,0
12015,1,1,0,0
12015,2,2,0,0
12016,1,NA,NA,NA
12016,2,NA,NA,NA
12017,1,NA,NA,NA
12017,2,NA,NA,NA
12018,1,1,0,0
12018,2,NA,NA,NA
12019,1,NA,NA,NA
12019,2,0,0,0
12020,1,NA,NA,NA
12020,2,NA,NA,NA
12021,1,NA,NA,NA
12021,2,7,0,0
12022,1,NA,NA,NA
12022,2,0,0,0
12023,1,NA,NA,NA
12023,2,NA,NA,NA
12024,1,0,0,0
12024,2,0,0,0
12025,1,NA,NA,NA
12025,2,NA,NA,NA
12026,1,NA,NA,NA
12026,2,NA,NA,NA
12027,1,NA,NA,NA
12027,2,NA,NA,NA
12028,1,NA,NA,NA
12028,2,NA,NA,NA
12029,1,15,0,0
12029,2,10,0,0
12030,1,0,0,0
12030,2,0,0,0
12031,1,NA,NA,NA
12031,2,NA,NA,NA
12032,1,NA,NA,NA
12032,2,1,0,0
12033,1,NA,NA,NA
12033,2,0,0,0
12034,1,NA,NA,NA
12034,2,0,0,0
12035,1,NA,NA,NA
12035,2,NA,NA,NA
12036,1,NA,NA,NA
12036,2,NA,NA,NA
12037,1,NA,NA,NA
12037,2,NA,NA,NA
12038,1,14,0,0
12038,2,22,0,0
12039,1,NA,NA,NA
12039,2,0,0,0
12040,1,0,0,0
12040,2,NA,NA,NA
12041,1,NA,NA,NA
12041,2,NA,NA,NA
12042,1,NA,NA,NA
12042,2,2,0,0
12043,1,NA,NA,NA
12043,2,NA,NA,NA
12044,1,NA,NA,NA
12044,2,NA,NA,NA
12045,1,NA,NA,NA
12045,2,0,0,0
12046,1,NA,NA,NA
12046,2,NA,NA,NA
12047,1,NA,NA,NA
12047,2,NA,NA,NA
12048,1,NA,NA,NA
12048,2,0,0,0
12049,1,NA,NA,NA
12049,2,5,0,0
12050,1,NA,NA,NA
12050,2,1,0,0
12051,1,0,0,0
12051,2,0,0,0
12052,1,NA,NA,NA
12052,2,NA,NA,NA
12053,1,NA,NA,NA
12053,2,NA,NA,NA
12054,1,NA,NA,NA
12054,2,NA,NA,NA
12055,1,NA,NA,NA
12055,2,NA,NA,NA
12056,1,1,1,0
12056,2,1,1,0
12057,1,0,0,0
12057,2,NA,NA,NA
12058,1,NA,NA,NA
12058,2,NA,NA,NA
12059,1,NA,NA,NA
12059,2,0,0,0
12060,1,NA,NA,NA
12060,2,NA,NA,NA
12061,1,0,0,0
12061,2,0,0,0
12062,1,NA,NA,NA
12062,2,NA,NA,NA
12063,1,NA,NA,NA
12063,2,NA,NA,NA
12064,1,NA,NA,NA
12064,2,NA,NA,NA
12065,1,NA,NA,NA
12065,2,NA,NA,NA
12066,1,NA,NA,NA
12066,2,0,0,0
12067,1,NA,NA,NA
12067,2,1,0,0
12068,1,1,0,0
12068,2,NA,NA,NA
12069,1,NA,NA,NA
12069,2,NA,NA,NA
12070,1,NA,NA,NA
12070,2,0,0,0
12071,1,NA,NA,NA
12071,2,1,0,0
12072,1,NA,NA,NA
12072,2,NA,NA,NA
12073,1,NA,NA,NA
12073,2,NA,NA,NA
12074,1,NA,NA,NA
12074,2,NA,NA,NA
12075,1,NA,NA,NA
12075,2,NA,NA,NA
12076,1,NA,NA,NA
12076,2,NA,NA,NA
12077,1,NA,NA,NA
12077,2,0,0,0
12078,1,NA,NA,NA
12078,2,NA,NA,NA
12079,1,NA,NA,NA
12079,2,NA,NA,NA
12080,1,0,0,0
12080,2,0,0,0
12081,1,NA,NA,NA
12081,2,1,0,0
12082,1,NA,NA,NA
12082,2,NA,NA,NA
12083,1,NA,NA,NA
12083,2,NA,NA,NA
12084,1,NA,NA,NA
12084,2,NA,NA,NA
12085,1,NA,NA,NA
12085,2,NA,NA,NA
13001,1,NA,NA,NA
13001,2,NA,NA,NA
13002,1,0,0,0
13002,2,0,0,0
13003,1,0,0,0
13003,2,0,0,0
13004,1,1,0,0
13004,2,1,0,0
13005,1,0,0,0
13005,2,0,0,0
13006,1,0,0,0
13006,2,0,0,0
13007,1,10,0,0
13007,2,17,0,0
13008,1,42,0,0
13008,2,60,0,0
13009,1,0,0,0
13009,2,0,0,0
13010,1,NA,NA,NA
13010,2,0,0,0
13011,1,0,0,0
13011,2,0,0,0
13012,1,0,0,0
13012,2,0,0,0
13013,1,34,0,0
13013,2,67,0,0
13014,1,0,0,0
13014,2,0,0,0
13015,1,5,0,0
13015,2,1,0,0
13016,1,NA,NA,NA
13016,2,0,0,0
13017,1,NA,NA,NA
13017,2,0,0,0
13018,1,0,0,0
13018,2,0,0,0
13019,1,0,0,0
13019,2,0,0,0
13020,1,NA,NA,NA
13020,2,NA,NA,NA
13021,1,NA,NA,NA
13021,2,NSS,NSS,NSS
13022,1,0,0,0
13022,2,0,0,0
13023,1,0,0,0
13023,2,0,0,0
13024,1,20,0,0
13024,2,15,0,0
13025,1,2,0,0
13025,2,3,0,0
13026,1,0,0,0
13026,2,0,0,0
13027,1,NA,NA,NA
13027,2,NA,NA,NA
13028,1,0,0,0
13028,2,0,0,0
13029,1,NA,NA,NA
13029,2,31,0,0
13030,1,76,0,0
13030,2,43,0,0
13031,1,1,0,0
13031,2,NA,NA,NA
13032,1,NA,NA,NA
13032,2,NA,NA,NA
13033,1,NA,NA,NA
13033,2,0,0,0
13034,1,0,0,0
13034,2,0,0,0
13035,1,8,0,0
13035,2,2,0,0
13036,1,NSS,NSS,NSS
13036,2,NSS,NSS,NSS
13037,1,0,0,0
13037,2,0,0,0
13038,1,NA,NA,NA
13038,2,20,0,0
13039,1,NA,NA,NA
13039,2,NA,NA,NA
13040,1,0,0,0
13040,2,NA,NA,NA
13041,1,NA,NA,NA
13041,2,NA,NA,NA
13042,1,0,0,0
13042,2,0,0,0
13043,1,NA,NA,NA
13043,2,0,0,0
13044,1,NSS,NSS,NSS
13044,2,NA,NA,NA
13045,1,NA,NA,NA
13045,2,NA,NA,NA
13046,1,NA,NA,NA
13046,2,NA,NA,NA
13047,1,NA,NA,NA
13047,2,0,0,0
13048,1,305,0,0
13048,2,355,0,0
13049,1,1,0,0
13049,2,1,0,0
13050,1,0,0,0
13050,2,0,0,0
13051,1,0,0,0
13051,2,0,0,0
13052,1,0,0,0
13052,2,0,0,0
13053,1,NA,NA,NA
13053,2,0,0,0
13054,1,0,0,0
13054,2,0,0,0
13055,1,NA,NA,NA
13055,2,3,3,0
13056,1,10,1,0
13056,2,11,0,0
13057,1,1,0,0
13057,2,2,0,0
13058,1,0,0,0
13058,2,0,0,0
13059,1,NA,NA,NA
13059,2,NA,NA,NA
13060,1,1,0,0
13060,2,7,0,0
13061,1,0,0,0
13061,2,0,0,0
13062,1,0,0,0
13062,2,0,0,0
13063,1,NSS,NSS,NSS
13063,2,NSS,NSS,NSS
13064,1,0,0,0
13064,2,0,0,0
13065,1,NA,NA,NA
13065,2,NA,NA,NA
13066,1,NA,NA,NA
13066,2,NA,NA,NA
13067,1,37,0,0
13067,2,62,0,0
13068,1,NA,NA,NA
13068,2,NA,NA,NA
13069,1,NSS,NSS,NSS
13069,2,NSS,NSS,NSS
13070,1,0,0,0
13070,2,0,0,0
13071,1,NA,NA,NA
13071,2,NA,NA,NA
13072,1,NA,NA,NA
13072,2,8,0,0
13073,1,NA,NA,NA
13073,2,NA,NA,NA
13074,1,NA,NA,NA
13074,2,NA,NA,NA
13075,1,0,0,0
13075,2,0,0,0
13076,1,134,0,0
13076,2,145,0,0
13077,1,159,0,0
13077,2,111,0,0
13078,1,0,0,0
13078,2,0,0,0
13079,1,NA,NA,NA
13079,2,NA,NA,NA
13080,1,0,0,0
13080,2,0,0,0
13081,1,NA,NA,NA
13081,2,31,0,0
13082,1,0,0,0
13082,2,0,0,0
13083,1,0,0,0
13083,2,0,0,0
13084,1,8,0,0
13084,2,10,0,0
14001,1,NA,NA,NA
14001,2,NA,NA,NA
14002,1,0,0,0
14002,2,0,0,0
14003,1,NSS,NSS,NSS
14003,2,2,2,0
14004,1,NA,NA,NA
14004,2,NA,NA,NA
14005,1,NA,NA,NA
14005,2,0,0,0
14006,1,0,0,0
14006,2,0,0,0
14007,1,NA,NA,NA
14007,2,0,0,0
14008,1,0,0,0
14008,2,0,0,0
14009,1,NA,NA,NA
14009,2,NA,NA,NA
14010,1,NA,NA,NA
14010,2,NA,NA,NA
14011,1,NA,NA,NA
14011,2,NA,NA,NA
14012,1,0,0,0
14012,2,0,0,0
14013,1,NA,NA,NA
14013,2,NA,NA,NA
14014,1,NSS,NSS,NSS
14014,2,NA,NA,NA
14015,1,0,0,0
14015,2,0,0,0
14016,1,0,0,0
14016,2,0,0,0
14017,1,NA,NA,NA
14017,2,NA,NA,NA
14018,1,0,0,0
14018,2,0,0,0
14019,1,NA,NA,NA
14019,2,NA,NA,NA
14020,1,NA,NA,NA
14020,2,NA,NA,NA
14021,1,NA,NA,NA
14021,2,NA,NA,NA
14022,1,0,0,0
14022,2,0,0,0
14023,1,16,0,0
14023,2,13,0,0
14024,1,NA,NA,NA
14024,2,NA,NA,NA
14025,1,NA,NA,NA
14025,2,NA,NA,NA
14026,1,NA,NA,NA
14026,2,0,0,0
14027,1,NA,NA,NA
14027,2,NA,NA,NA
14028,1,NA,NA,NA
14028,2,NA,NA,NA
14029,1,NA,NA,NA
14029,2,1,0,0
14030,1,NSS,NSS,NSS
14030,2,NA,NA,NA
14031,1,NA,NA,NA
14031,2,NA,NA,NA
14032,1,0,0,0
14032,2,NA,NA,NA
14033,1,NA,NA,NA
14033,2,0,0,0
14034,1,NA,NA,NA
14034,2,NA,NA,NA
14035,1,NA,NA,NA
14035,2,NA,NA,NA
14036,1,NA,NA,NA
14036,2,NA,NA,NA
14037,1,NA,NA,NA
14037,2,1,0,0
14038,1,0,0,0
14038,2,0,0,0
14039,1,2258,0,9
14039,2,2491,0,3
14040,1,NA,NA,NA
14040,2,NA,NA,NA
14041,1,NA,NA,NA
14041,2,NA,NA,NA
14042,1,NA,NA,NA
14042,2,NA,NA,NA
14043,1,NA,NA,NA
14043,2,NA,NA,NA
14044,1,11,0,0
14044,2,19,0,0
14045,1,0,0,0
14045,2,0,0,0
14046,1,NA,NA,NA
14046,2,NA,NA,NA
14047,1,0,0,0
14047,2,0,0,0
14048,1,NA,NA,NA
14048,2,NA,NA,NA
14049,1,NA,NA,NA
14049,2,0,0,0
14050,1,NA,NA,NA
14050,2,0,0,0
14051,1,0,0,0
14051,2,1,1,0
14052,1,0,0,0
14052,2,0,0,0
14053,1,0,0,0
14053,2,0,0,0
14054,1,NA,NA,NA
14054,2,NA,NA,NA
14055,1,NA,NA,NA
14055,2,NA,NA,NA
14056,1,NA,NA,NA
14056,2,NA,NA,NA
14057,1,0,0,0
14057,2,0,0,0
14058,1,NA,NA,NA
14058,2,NA,NA,NA
14059,1,0,0,0
14059,2,0,0,0
14060,1,NA,NA,NA
14060,2,NA,NA,NA
14061,1,NA,NA,NA
14061,2,NA,NA,NA
14062,1,NA,NA,NA
14062,2,3,0,0
14063,1,87,0,0
14063,2,10,0,0
14064,1,0,0,0
14064,2,3,1,0
14065,1,NA,NA,NA
14065,2,NA,NA,NA
14066,1,0,0,0
14066,2,0,0,0
14067,1,25,0,0
14067,2,10,0,0
14068,1,NA,NA,NA
14068,2,NA,NA,NA
14069,1,NA,NA,NA
14069,2,0,0,0
14070,1,456,0,0
14070,2,534,0,0
14071,1,NA,NA,NA
14071,2,NA,NA,NA
14072,1,NA,NA,NA
14072,2,NA,NA,NA
14073,1,0,0,0
14073,2,0,0,0
14074,1,NSS,NSS,NSS
14074,2,NA,NA,NA
14075,1,NA,NA,NA
14075,2,NA,NA,NA
14076,1,NA,NA,NA
14076,2,NA,NA,NA
14077,1,0,0,0
14077,2,0,0,0
14078,1,NA,NA,NA
14078,2,NA,NA,NA
14079,1,NA,NA,NA
14079,2,0,0,0
14080,1,NA,NA,NA
14080,2,NA,NA,NA
14081,1,ND,ND,ND
14081,2,ND,ND,ND
14082,1,0,0,0
14082,2,NA,NA,NA
14083,1,0,0,0
14083,2,2,0,0
14084,1,NA,NA,NA
14084,2,NA,NA,NA
14085,1,NA,NA,NA
14085,2,0,0,0
14086,1,NA,NA,NA
14086,2,NA,NA,NA
14087,1,NA,NA,NA
14087,2,NA,NA,NA
14088,1,NA,NA,NA
14088,2,0,0,0
14089,1,NA,NA,NA
14089,2,NA,NA,NA
14090,1,NA,NA,NA
14090,2,NA,NA,NA
14091,1,NA,NA,NA
14091,2,NA,NA,NA
14092,1,NA,NA,NA
14092,2,0,0,0
14093,1,20,0,0
14093,2,18,0,0
14094,1,1,0,0
14094,2,0,0,0
14095,1,NSS,NSS,NSS
14095,2,0,0,0
14096,1,0,0,0
14096,2,0,0,0
14097,1,NA,NA,NA
14097,2,NA,NA,NA
14098,1,0,0,0
14098,2,0,0,0
14099,1,NA,NA,NA
14099,2,NA,NA,NA
14100,1,NA,NA,NA
14100,2,NA,NA,NA
14101,1,173,0,0
14101,2,867,0,0
14102,1,NA,NA,NA
14102,2,NA,NA,NA
14103,1,NA,NA,NA
14103,2,NA,NA,NA
14104,1,ND,ND,ND
14104,2,ND,ND,ND
14105,1,0,0,0
14105,2,0,0,0
14106,1,NA,NA,NA
14106,2,NA,NA,NA
14107,1,0,0,0
14107,2,0,0,0
14108,1,0,0,0
14108,2,0,0,0
14109,1,NA,NA,NA
14109,2,NA,NA,NA
14110,1,2,0,0
14110,2,2,0,0
14111,1,NA,NA,NA
14111,2,NA,NA,NA
14112,1,0,0,0
14112,2,NA,NA,NA
14113,1,NA,NA,NA
14113,2,NA,NA,NA
14114,1,5,0,0
14114,2,NA,NA,NA
14115,1,NA,NA,NA
14115,2,NA,NA,NA
14116,1,NSS,NSS,NSS
14116,2,NSS,NSS,NSS
14117,1,NA,NA,NA
14117,2,NA,NA,NA
14118,1,NA,NA,NA
14118,2,NA,NA,NA
14119,1,NA,NA,NA
14119,2,NA,NA,NA
14120,1,919,0,0
14120,2,906,0,0
14121,1,NA,NA,NA
14121,2,0,0,0
14122,1,NA,NA,NA
14122,2,NA,NA,NA
14123,1,0,0,0
14123,2,NA,NA,NA
14124,1,0,0,0
14124,2,0,0,0
14125,1,NA,NA,NA
14125,2,NA,NA,NA
15001,1,0,0,0
15001,2,0,0,0
15002,1,NA,NA,NA
15002,2,0,0,0
15003,1,NSS,NSS,NSS
15003,2,0,0,0
15004,1,NA,NA,NA
15004,2,NA,NA,NA
15005,1,NSS,NSS,NSS
15005,2,9,0,0
15006,1,NA,NA,NA
15006,2,10,0,0
15007,1,NA,NA,NA
15007,2,NA,NA,NA
15008,1,NSS,NSS,NSS
15008,2,NA,NA,NA
15009,1,0,0,0
15009,2,0,0,0
15010,1,0,0,0
15010,2,0,0,0
15011,1,0,0,0
15011,2,0,0,0
15012,1,NSS,NSS,NSS
15012,2,NA,NA,NA
15013,1,0,0,0
15013,2,0,0,0
15014,1,0,0,0
15014,2,0,0,0
15015,1,16,0,0
15015,2,14,0,0
15016,1,NA,NA,NA
15016,2,NA,NA,NA
15017,1,NA,NA,NA
15017,2,NA,NA,NA
15018,1,28,0,0
15018,2,37,0,0
15019,1,NSS,NSS,NSS
15019,2,62,0,0
15020,1,0,0,0
15020,2,0,0,0
15021,1,NSS,NSS,NSS
15021,2,0,0,0
15022,1,0,0,0
15022,2,0,0,0
15023,1,0,0,0
15023,2,0,0,0
15024,1,NA,NA,NA
15024,2,16,0,0
15025,1,0,0,0
15025,2,0,0,0
15026,1,0,0,0
15026,2,0,0,0
15027,1,NSS,NSS,NSS
15027,2,0,0,0
15028,1,0,0,0
15028,2,0,0,0
15029,1,302,0,0
15029,2,415,0,0
15030,1,0,0,0
15030,2,0,0,0
15031,1,NA,NA,NA
15031,2,0,0,0
15032,1,0,0,0
15032,2,0,0,0
15033,1,NA,NA,NA
15033,2,264,0,0
15034,1,0,0,0
15034,2,0,0,0
15035,1,0,0,0
15035,2,0,0,0
15036,1,0,0,0
15036,2,0,0,0
15037,1,0,0,0
15037,2,0,0,0
15038,1,NSS,NSS,NSS
15038,2,NSS,NSS,NSS
15039,1,404,0,0
15039,2,644,0,0
15040,1,60,0,0
15040,2,23,0,0
15041,1,NA,NA,NA
15041,2,NA,NA,NA
15042,1,24,0,0
15042,2,48,0,0
15043,1,NA,NA,NA
15043,2,NA,NA,NA
15044,1,NA,NA,NA
15044,2,NSS,NSS,NSS
15045,1,0,0,0
15045,2,0,0,0
15046,1,NA,NA,NA
15046,2,0,0,0
15047,1,0,0,0
15047,2,0,0,0
15048,1,77,0,0
15048,2,96,0,0
15049,1,NA,NA,NA
15049,2,NA,NA,NA
15050,1,0,0,0
15050,2,0,0,0
15051,1,NA,NA,NA
15051,2,0,0,0
15052,1,NA,NA,NA
15052,2,NA,NA,NA
15053,1,NSS,NSS,NSS
15053,2,0,0,0
15054,1,0,0,0
15054,2,0,0,0
15055,1,NA,NA,NA
15055,2,0,0,0
15056,1,0,0,0
15056,2,0,0,0
15057,1,5268,0,0
15057,2,3923,0,0
15058,1,1620,1,0
15058,2,2499,1,0
15059,1,0,0,0
15059,2,0,0,0
15060,1,131,0,0
15060,2,177,0,0
15061,1,NA,NA,NA
15061,2,NA,NA,NA
15062,1,NA,NA,NA
15062,2,982,99,0
15063,1,NA,NA,NA
15063,2,NA,NA,NA
15064,1,NA,NA,NA
15064,2,NA,NA,NA
15065,1,NA,NA,NA
15065,2,83,0,0
15066,1,NA,NA,NA
15066,2,NA,NA,NA
15067,1,0,0,0
15067,2,0,0,0
15068,1,0,0,0
15068,2,0,0,0
15069,1,0,0,0
15069,2,0,0,0
15070,1,NA,NA,NA
15070,2,NA,NA,NA
15071,1,NA,NA,NA
15071,2,NA,NA,NA
15072,1,0,0,0
15072,2,0,0,0
15073,1,0,0,0
15073,2,0,0,0
15074,1,NSS,NSS,NSS
15074,2,34,0,0
15075,1,NA,NA,NA
15075,2,69,0,0
15076,1,0,0,0
15076,2,0,0,0
15077,1,NSS,NSS,NSS
15077,2,NSS,NSS,NSS
15078,1,NA,NA,NA
15078,2,NA,NA,NA
15079,1,0,0,0
15079,2,0,0,0
15080,1,NSS,NSS,NSS
15080,2,NA,NA,NA
15081,1,0,0,0
15081,2,0,0,0
15082,1,NA,NA,NA
15082,2,NA,NA,NA
15083,1,NA,NA,NA
15083,2,0,0,0
15084,1,NA,NA,NA
15084,2,NA,NA,NA
15085,1,0,0,0
15085,2,0,0,0
15086,1,NA,NA,NA
15086,2,NA,NA,NA
15087,1,79,0,0
15087,2,77,0,0
15088,1,0,0,0
15088,2,0,0,0
15089,1,NA,NA,NA
15089,2,0,0,0
15090,1,NSS,NSS,NSS
15090,2,NA,NA,NA
15091,1,NA,NA,NA
15091,2,200,0,0
15092,1,NA,NA,NA
15092,2,NA,NA,NA
15093,1,NA,NA,NA
15093,2,NA,NA,NA
15094,1,8,0,0
15094,2,52,0,0
15095,1,2,2,0
15095,2,0,0,0
15096,1,NA,NA,NA
15096,2,0,0,0
15097,1,NA,NA,NA
15097,2,NA,NA,NA
15098,1,0,0,0
15098,2,0,0,0
15099,1,NA,NA,NA
15099,2,0,0,0
15100,1,NA,NA,NA
15100,2,96,0,0
15101,1,NA,NA,NA
15101,2,NSS,NSS,NSS
15102,1,NA,NA,NA
15102,2,0,0,0
15103,1,0,0,0
15103,2,0,0,0
15104,1,0,0,0
15104,2,0,0,0
15105,1,NSS,NSS,NSS
15105,2,NSS,NSS,NSS
15106,1,147,0,0
15106,2,345,0,0
15107,1,0,0,0
15107,2,0,0,0
15108,1,NA,NA,NA
15108,2,0,0,0
15109,1,498,0,0
15109,2,439,0,0
15110,1,NA,NA,NA
15110,2,NA,NA,NA
15111,1,NSS,NSS,NSS
15111,2,0,0,0
15112,1,NSS,NSS,NSS
15112,2,NSS,NSS,NSS
15113,1,0,0,0
15113,2,0,0,0
15114,1,0,0,0
15114,2,0,0,0
15115,1,NSS,NSS,NSS
15115,2,0,0,0
15116,1,NSS,NSS,NSS
15116,2,29,0,0
15117,1,NA,NA,NA
15117,2,NA,NA,NA
15118,1,NA,NA,NA
15118,2,NA,NA,NA
15119,1,3,0,0
15119,2,2,0,0
15120,1,NA,NA,NA
15120,2,NA,NA,NA
15121,1,0,0,0
15121,2,0,0,0
15122,1,19,0,0
15122,2,58,0,0
15123,1,NA,NA,NA
15123,2,NA,NA,NA
15124,1,0,0,0
15124,2,0,0,0
15125,1,NA,NA,NA
15125,2,86,0,0
16001,1,0,0,0
16001,2,0,0,0
16002,1,NA,NA,NA
16002,2,NA,NA,NA
16003,1,NA,NA,NA
16003,2,NA,NA,NA
16004,1,NA,NA,NA
16004,2,0,0,0
16005,1,NA,NA,NA
16005,2,NA,NA,NA
16006,1,0,0,0
16006,2,0,0,0
16007,1,NSS,NSS,NSS
16007,2,NA,NA,NA
16008,1,NA,NA,NA
16008,2,NA,NA,NA
16009,1,NSS,NSS,NSS
16009,2,NA,NA,NA
16010,1,NA,NA,NA
16010,2,NA,NA,NA
16011,1,0,0,0
16011,2,0,0,0
16012,1,NA,NA,NA
16012,2,0,0,0
16013,1,NA,NA,NA
16013,2,NA,NA,NA
16014,1,NA,NA,NA
16014,2,NA,NA,NA
16015,1,0,0,0
16015,2,0,0,0
16016,1,0,0,0
16016,2,0,0,0
16017,1,8,0,0
16017,2,15,0,0
16018,1,NA,NA,NA
16018,2,2,0,0
16019,1,NA,NA,NA
16019,2,NA,NA,NA
16020,1,NSS,NSS,NSS
16020,2,NA,NA,NA
16021,1,NA,NA,NA
16021,2,0,0,0
16022,1,NA,NA,NA
16022,2,NA,NA,NA
16023,1,0,0,0
16023,2,0,0,0
16024,1,NA,NA,NA
16024,2,0,0,0
16025,1,0,0,0
16025,2,0,0,0
16026,1,NA,NA,NA
16026,2,NA,NA,NA
16027,1,NA,NA,NA
16027,2,0,0,0
16028,1,NA,NA,NA
16028,2,NA,NA,NA
16029,1,NA,NA,NA
16029,2,NA,NA,NA
16030,1,NA,NA,NA
16030,2,NA,NA,NA
16031,1,NSS,NSS,NSS
16031,2,6,0,0
16032,1,NA,NA,NA
16032,2,NA,NA,NA
16033,1,NA,NA,NA
16033,2,NA,NA,NA
16034,1,0,0,0
16034,2,0,0,0
16035,1,NA,NA,NA
16035,2,NA,NA,NA
16036,1,NA,NA,NA
16036,2,NA,NA,NA
16037,1,NA,NA,NA
16037,2,NA,NA,NA
16038,1,8,4,4
16038,2,6,4,2
16039,1,NA,NA,NA
16039,2,0,0,0
16040,1,NA,NA,NA
16040,2,NA,NA,NA
16041,1,NA,NA,NA
16041,2,0,0,0
16042,1,0,0,0
16042,2,0,0,0
16043,1,220,0,0
16043,2,151,0,0
16044,1,NA,NA,NA
16044,2,0,0,0
16045,1,0,0,0
16045,2,0,0,0
16046,1,NA,NA,NA
16046,2,NA,NA,NA
16047,1,NA,NA,NA
16047,2,NA,NA,NA
16048,1,NSS,NSS,NSS
16048,2,NSS,NSS,NSS
16049,1,5,0,0
16049,2,4,0,0
16050,1,0,0,0
16050,2,0,0,0
16051,1,ND,ND,ND
16051,2,ND,ND,ND
16052,1,0,0,0
16052,2,0,0,0
16053,1,285,0,0
16053,2,689,0,0
16054,1,0,0,0
16054,2,0,0,0
16055,1,NA,NA,NA
16055,2,NA,NA,NA
16056,1,0,0,0
16056,2,0,0,0
16057,1,NA,NA,NA
16057,2,NA,NA,NA
16058,1,NA,NA,NA
16058,2,0,0,0
16059,1,NA,NA,NA
16059,2,NA,NA,NA
16060,1,NA,NA,NA
16060,2,0,0,0
16061,1,NA,NA,NA
16061,2,NA,NA,NA
16062,1,NA,NA,NA
16062,2,NA,NA,NA
16063,1,NSS,NSS,NSS
16063,2,0,0,0
16064,1,NA,NA,NA
16064,2,NA,NA,NA
16065,1,0,0,0
16065,2,0,0,0
16066,1,0,0,0
16066,2,0,0,0
16067,1,NSS,NSS,NSS
16067,2,0,0,0
16068,1,0,0,0
16068,2,0,0,0
16069,1,0,0,0
16069,2,0,0,0
16070,1,NA,NA,NA
16070,2,0,0,0
16071,1,0,0,0
16071,2,0,0,0
16072,1,NSS,NSS,NSS
16072,2,0,0,0
16073,1,NA,NA,NA
16073,2,NA,NA,NA
16074,1,NA,NA,NA
16074,2,0,0,0
16075,1,0,0,0
16075,2,0,0,0
16076,1,26,0,0
16076,2,76,0,0
16077,1,NA,NA,NA
16077,2,NA,NA,NA
16078,1,0,0,0
16078,2,1,0,0
16079,1,NA,NA,NA
16079,2,27,0,0
16080,1,NA,NA,NA
16080,2,NA,NA,NA
16081,1,NA,NA,NA
16081,2,NA,NA,NA
16082,1,7,0,0
16082,2,6,0,0
16083,1,0,0,0
16083,2,0,0,0
16084,1,NA,NA,NA
16084,2,NA,NA,NA
16085,1,0,0,0
16085,2,0,0,0
16086,1,NA,NA,NA
16086,2,NA,NA,NA
16087,1,NA,NA,NA
16087,2,0,0,0
16088,1,0,0,0
16088,2,0,0,0
16089,1,NA,NA,NA
16089,2,NA,NA,NA
16090,1,0,0,0
16090,2,0,0,0
16091,1,0,0,0
16091,2,0,0,0
16092,1,NA,NA,NA
16092,2,0,0,0
16093,1,0,0,0
16093,2,0,0,0
16094,1,0,0,0
16094,2,0,0,0
16095,1,0,0,0
16095,2,0,0,0
16096,1,0,0,0
16096,2,0,0,0
16097,1,NA,NA,NA
16097,2,NA,NA,NA
16098,1,0,0,0
16098,2,0,0,0
16099,1,NA,NA,NA
16099,2,NA,NA,NA
16100,1,NSS,NSS,NSS
16100,2,0,0,0
16101,1,NA,NA,NA
16101,2,NA,NA,NA
16102,1,0,0,0
16102,2,0,0,0
16103,1,2,0,0
16103,2,3,0,0
16104,1,NA,NA,NA
16104,2,NA,NA,NA
16105,1,NA,NA,NA
16105,2,NA,NA,NA
16106,1,0,0,0
16106,2,0,0,0
16107,1,0,0,0
16107,2,0,0,0
16108,1,339,0,0
16108,2,281,0,0
16109,1,NA,NA,NA
16109,2,NA,NA,NA
16110,1,0,0,0
16110,2,0,0,0
16111,1,20,0,0
16111,2,6,0,0
16112,1,0,0,0
16112,2,0,0,0
16113,1,10,0,0
16113,2,15,0,0
17001,1,0,0,0
17001,2,0,0,0
17002,1,NA,NA,NA
17002,2,0,0,0
17003,1,NA,NA,NA
17003,2,0,0,0
17004,1,0,0,0
17004,2,0,0,0
17005,1,0,0,0
17005,2,0,0,0
17006,1,0,0,0
17006,2,0,0,0
17007,1,420,0,0
17007,2,446,0,0
17008,1,0,0,0
17008,2,0,0,0
17009,1,NA,NA,NA
17009,2,24,0,0
17010,1,0,0,0
17010,2,0,0,0
17011,1,38,0,0
17011,2,68,0,0
17012,1,155,0,0
17012,2,78,0,0
17013,1,NA,NA,NA
17013,2,0,0,0
17014,1,NA,NA,NA
17014,2,0,0,0
17015,1,0,0,0
17015,2,0,0,0
17016,1,NA,NA,NA
17016,2,0,0,0
17017,1,88,0,0
17017,2,78,0,0
17018,1,0,0,0
17018,2,0,0,0
17019,1,20,2,0
17019,2,25,1,0
17020,1,NA,NA,NA
17020,2,NSS,NSS,NSS
17021,1,NA,NA,NA
17021,2,0,0,0
17022,1,0,0,0
17022,2,0,0,0
17023,1,0,0,0
17023,2,0,0,0
17024,1,26,0,0
17024,2,55,0,0
17025,1,5,1,0
17025,2,7,1,0
17026,1,NA,NA,NA
17026,2,24,0,0
17027,1,NA,NA,NA
17027,2,NA,NA,NA
17028,1,0,0,0
17028,2,0,0,0
17029,1,1,0,0
17029,2,0,0,0
17030,1,0,0,0
17030,2,0,0,0
17031,1,NA,NA,NA
17031,2,NA,NA,NA
17032,1,7,0,0
17032,2,22,0,0
17033,1,NA,NA,NA
17033,2,0,0,0
17034,1,NA,NA,NA
17034,2,9,0,0
17035,1,NA,NA,NA
17035,2,NA,NA,NA
17036,1,NA,NA,NA
17036,2,6,0,0
18001,1,0,0,0
18001,2,0,0,0
18002,1,0,0,0
18002,2,0,0,0
18003,1,NA,NA,NA
18003,2,0,0,0
18004,1,13,0,0
18004,2,51,1,0
18005,1,NA,NA,NA
18005,2,1,0,0
18006,1,0,0,0
18006,2,0,0,0
18007,1,NSS,NSS,NSS
18007,2,0,0,0
18008,1,0,0,0
18008,2,0,0,0
18009,1,NA,NA,NA
18009,2,NA,NA,NA
18010,1,0,0,0
18010,2,8,0,0
18011,1,9,0,0
18011,2,23,0,0
18012,1,NA,NA,NA
18012,2,0,0,0
18013,1,3,0,0
18013,2,5,0,0
18014,1,23,1,1
18014,2,33,0,0
18015,1,5,0,0
18015,2,8,0,0
18016,1,7,0,0
18016,2,107,0,0
18017,1,0,0,0
18017,2,0,0,0
18018,1,0,0,0
18018,2,0,0,0
18019,1,NA,NA,NA
18019,2,NA,NA,NA
18020,1,0,0,0
18020,2,1,1,0
19001,1,0,0,0
19001,2,0,0,0
19002,1,NA,NA,NA
19002,2,NA,NA,NA
19003,1,NA,NA,NA
19003,2,NA,NA,NA
19004,1,12,0,0
19004,2,20,0,0
19005,1,1,0,0
19005,2,4,1,0
19006,1,0,0,0
19006,2,0,0,0
19007,1,NA,NA,NA
19007,2,NA,NA,NA
19008,1,NA,NA,NA
19008,2,0,0,0
19009,1,0,0,0
19009,2,0,0,0
19010,1,NSS,NSS,NSS
19010,2,NSS,NSS,NSS
19011,1,NA,NA,NA
19011,2,NA,NA,NA
19012,1,NA,NA,NA
19012,2,0,0,0
19013,1,0,0,0
19013,2,0,0,0
19014,1,NA,NA,NA
19014,2,NA,NA,NA
19015,1,NA,NA,NA
19015,2,NA,NA,NA
19016,1,2,0,0
19016,2,1,0,0
19017,1,NSS,NSS,NSS
19017,2,NSS,NSS,NSS
19018,1,672,0,0
19018,2,725,0,0
19019,1,267,39,0
19019,2,316,0,0
19020,1,5,0,0
19020,2,4,0,0
19021,1,0,0,0
19021,2,0,0,0
19022,1,0,0,0
19022,2,0,0,0
19023,1,NA,NA,NA
19023,2,NA,NA,NA
19024,1,NA,NA,NA
19024,2,NA,NA,NA
19025,1,NA,NA,NA
19025,2,NA,NA,NA
19026,1,2944,0,0
19026,2,4404,0,0
19027,1,NA,NA,NA
19027,2,NA,NA,NA
19028,1,0,0,0
19028,2,0,0,0
19029,1,NSS,NSS,NSS
19029,2,NSS,NSS,NSS
19030,1,0,0,0
19030,2,0,0,0
19031,1,0,0,0
19031,2,0,0,0
19032,1,0,0,0
19032,2,0,0,0
19033,1,65,0,0
19033,2,90,0,0
19034,1,NA,NA,NA
19034,2,NA,NA,NA
19035,1,NA,NA,NA
19035,2,NA,NA,NA
19036,1,NA,NA,NA
19036,2,0,0,0
19037,1,NA,NA,NA
19037,2,0,0,0
19038,1,NA,NA,NA
19038,2,NA,NA,NA
19039,1,1407,0,0
19039,2,1982,0,0
19040,1,NA,NA,NA
19040,2,NA,NA,NA
19041,1,0,0,0
19041,2,0,0,0
19042,1,NA,NA,NA
19042,2,0,0,0
19043,1,NA,NA,NA
19043,2,NSS,NSS,NSS
19044,1,0,0,0
19044,2,0,0,0
19045,1,NA,NA,NA
19045,2,NSS,NSS,NSS
19046,1,299,2,0
19046,2,492,1,0
19047,1,NA,NA,NA
19047,2,22,0,0
19048,1,0,0,0
19048,2,0,0,0
19049,1,NA,NA,NA
19049,2,130,0,0
19050,1,NA,NA,NA
19050,2,NA,NA,NA
19051,1,NA,NA,NA
19051,2,NA,NA,NA
20001,1,NA,NA,NA
20001,2,NA,NA,NA
20002,1,NA,NA,NA
20002,2,NA,NA,NA
20003,1,NA,NA,NA
20003,2,NA,NA,NA
20004,1,NA,NA,NA
20004,2,0,0,0
20005,1,NA,NA,NA
20005,2,1,0,0
20006,1,NA,NA,NA
20006,2,NA,NA,NA
20007,1,NSS,NSS,NSS
20007,2,NA,NA,NA
20008,1,NA,NA,NA
20008,2,NA,NA,NA
20009,1,NSS,NSS,NSS
20009,2,0,0,0
20010,1,NSS,NSS,NSS
20010,2,NA,NA,NA
20011,1,NA,NA,NA
20011,2,NA,NA,NA
20012,1,NA,NA,NA
20012,2,NA,NA,NA
20013,1,NA,NA,NA
20013,2,NA,NA,NA
20014,1,NA,NA,NA
20014,2,1,0,0
20015,1,NA,NA,NA
20015,2,NA,NA,NA
20016,1,NA,NA,NA
20016,2,NA,NA,NA
20017,1,NA,NA,NA
20017,2,NA,NA,NA
20018,1,NA,NA,NA
20018,2,NA,NA,NA
20019,1,NA,NA,NA
20019,2,NA,NA,NA
20020,1,NA,NA,NA
20020,2,NA,NA,NA
20021,1,NSS,NSS,NSS
20021,2,0,0,0
20022,1,NA,NA,NA
20022,2,NA,NA,NA
20023,1,NSS,NSS,NSS
20023,2,NA,NA,NA
20024,1,NA,NA,NA
20024,2,0,0,0
20025,1,NSS,NSS,NSS
20025,2,NA,NA,NA
20026,1,NA,NA,NA
20026,2,0,0,0
20027,1,NA,NA,NA
20027,2,NA,NA,NA
20028,1,0,0,0
20028,2,0,0,0
20029,1,NA,NA,NA
20029,2,NA,NA,NA
20030,1,NSS,NSS,NSS
20030,2,NA,NA,NA
20031,1,NA,NA,NA
20031,2,NA,NA,NA
20032,1,NA,NA,NA
20032,2,NA,NA,NA
20033,1,0,0,0
20033,2,0,0,0
20034,1,NA,NA,NA
20034,2,NA,NA,NA
20035,1,NA,NA,NA
20035,2,NA,NA,NA
20036,1,NA,NA,NA
20036,2,NA,NA,NA
20037,1,NA,NA,NA
20037,2,NA,NA,NA
20038,1,NA,NA,NA
20038,2,NA,NA,NA
20039,1,NSS,NSS,NSS
20039,2,123,0,0
20040,1,NSS,NSS,NSS
20040,2,NA,NA,NA
20041,1,NA,NA,NA
20041,2,NA,NA,NA
20042,1,1,0,0
20042,2,1,0,0
20043,1,NSS,NSS,NSS
20043,2,0,0,0
20044,1,NA,NA,NA
20044,2,0,0,0
20045,1,0,0,0
20045,2,0,0,0
20046,1,NSS,NSS,NSS
20046,2,1,0,0
20047,1,NA,NA,NA
20047,2,NA,NA,NA
20048,1,NA,NA,NA
20048,2,NA,NA,NA
20049,1,NA,NA,NA
20049,2,NA,NA,NA
20050,1,NA,NA,NA
20050,2,NA,NA,NA
20051,1,NA,NA,NA
20051,2,NA,NA,NA
20052,1,NA,NA,NA
20052,2,NA,NA,NA
20053,1,NA,NA,NA
20053,2,NA,NA,NA
20054,1,NSS,NSS,NSS
20054,2,NA,NA,NA
20055,1,4,0,0
20055,2,5,0,0
20056,1,NA,NA,NA
20056,2,0,0,0
20057,1,NSS,NSS,NSS
20057,2,83,0,0
20058,1,NSS,NSS,NSS
20058,2,0,0,0
20059,1,NA,NA,NA
20059,2,NA,NA,NA
20060,1,NSS,NSS,NSS
20060,2,NA,NA,NA
20061,1,NSS,NSS,NSS
20061,2,NSS,NSS,NSS
20062,1,NA,NA,NA
20062,2,0,0,0
20063,1,NA,NA,NA
20063,2,NA,NA,NA
20064,1,NA,NA,NA
20064,2,NA,NA,NA
20065,1,NA,NA,NA
20065,2,NA,NA,NA
20066,1,NSS,NSS,NSS
20066,2,NA,NA,NA
20067,1,343,0,0
20067,2,720,0,0
20068,1,NSS,NSS,NSS
20068,2,10,0,0
20069,1,NA,NA,NA
20069,2,NA,NA,NA
20070,1,NA,NA,NA
20070,2,NA,NA,NA
20071,1,NA,NA,NA
20071,2,NA,NA,NA
20072,1,NA,NA,NA
20072,2,NA,NA,NA
20073,1,0,0,0
20073,2,0,0,0
20074,1,NA,NA,NA
20074,2,NA,NA,NA
20075,1,NSS,NSS,NSS
20075,2,NA,NA,NA
20076,1,NA,NA,NA
20076,2,NA,NA,NA
20077,1,NSS,NSS,NSS
20077,2,NA,NA,NA
20078,1,NA,NA,NA
20078,2,NA,NA,NA
20079,1,NSS,NSS,NSS
20079,2,3,0,0
20080,1,NA,NA,NA
20080,2,NA,NA,NA
20081,1,NA,NA,NA
20081,2,NA,NA,NA
20082,1,NA,NA,NA
20082,2,NA,NA,NA
20083,1,18,0,0
20083,2,26,0,0
20084,1,NSS,NSS,NSS
20084,2,NA,NA,NA
20085,1,NSS,NSS,NSS
20085,2,NA,NA,NA
20086,1,NA,NA,NA
20086,2,NA,NA,NA
20087,1,NA,NA,NA
20087,2,0,0,0
20088,1,NA,NA,NA
20088,2,1,0,0
20089,1,NA,NA,NA
20089,2,NA,NA,NA
20090,1,NA,NA,NA
20090,2,NA,NA,NA
20091,1,0,0,0
20091,2,0,0,0
20092,1,NA,NA,NA
20092,2,NA,NA,NA
20093,1,NA,NA,NA
20093,2,NA,NA,NA
20094,1,NSS,NSS,NSS
20094,2,NA,NA,NA
20095,1,NA,NA,NA
20095,2,NA,NA,NA
20096,1,NA,NA,NA
20096,2,NA,NA,NA
20097,1,NA,NA,NA
20097,2,NA,NA,NA
20098,1,NSS,NSS,NSS
20098,2,NA,NA,NA
20099,1,NA,NA,NA
20099,2,NA,NA,NA
20100,1,NA,NA,NA
20100,2,0,0,0
20101,1,NA,NA,NA
20101,2,NA,NA,NA
20102,1,0,0,0
20102,2,0,0,0
20103,1,NSS,NSS,NSS
20103,2,0,0,0
20104,1,NA,NA,NA
20104,2,0,0,0
20105,1,NA,NA,NA
20105,2,NA,NA,NA
20106,1,NA,NA,NA
20106,2,NA,NA,NA
20107,1,3,0,0
20107,2,7,0,0
20108,1,NSS,NSS,NSS
20108,2,NA,NA,NA
20109,1,0,0,0
20109,2,NA,NA,NA
20110,1,NA,NA,NA
20110,2,NA,NA,NA
20111,1,NA,NA,NA
20111,2,NA,NA,NA
20112,1,NA,NA,NA
20112,2,NA,NA,NA
20113,1,NA,NA,NA
20113,2,NA,NA,NA
20114,1,NA,NA,NA
20114,2,NA,NA,NA
20115,1,NSS,NSS,NSS
20115,2,NSS,NSS,NSS
20116,1,NSS,NSS,NSS
20116,2,NA,NA,NA
20117,1,NSS,NSS,NSS
20117,2,NA,NA,NA
20118,1,NA,NA,NA
20118,2,NA,NA,NA
20119,1,NA,NA,NA
20119,2,NA,NA,NA
20120,1,NA,NA,NA
20120,2,NA,NA,NA
20121,1,NA,NA,NA
20121,2,NA,NA,NA
20122,1,NA,NA,NA
20122,2,NA,NA,NA
20123,1,6,0,0
20123,2,5,0,0
20124,1,NSS,NSS,NSS
20124,2,NA,NA,NA
20125,1,NA,NA,NA
20125,2,NA,NA,NA
20126,1,NA,NA,NA
20126,2,0,0,0
20127,1,NA,NA,NA
20127,2,NA,NA,NA
20128,1,NA,NA,NA
20128,2,NA,NA,NA
20129,1,NA,NA,NA
20129,2,2,0,0
20130,1,NSS,NSS,NSS
20130,2,NA,NA,NA
20131,1,NSS,NSS,NSS
20131,2,6,0,0
20132,1,NA,NA,NA
20132,2,NA,NA,NA
20133,1,NA,NA,NA
20133,2,NA,NA,NA
20134,1,NA,NA,NA
20134,2,NA,NA,NA
20135,1,NA,NA,NA
20135,2,NA,NA,NA
20136,1,NSS,NSS,NSS
20136,2,0,0,0
20137,1,NSS,NSS,NSS
20137,2,NA,NA,NA
20138,1,NA,NA,NA
20138,2,NA,NA,NA
20139,1,NA,NA,NA
20139,2,NA,NA,NA
20140,1,NA,NA,NA
20140,2,0,0,0
20141,1,NSS,NSS,NSS
20141,2,NA,NA,NA
20142,1,NA,NA,NA
20142,2,NA,NA,NA
20143,1,NSS,NSS,NSS
20143,2,NA,NA,NA
20144,1,NA,NA,NA
20144,2,NA,NA,NA
20145,1,NA,NA,NA
20145,2,NA,NA,NA
20146,1,NA,NA,NA
20146,2,NA,NA,NA
20147,1,NA,NA,NA
20147,2,NA,NA,NA
20148,1,NA,NA,NA
20148,2,NA,NA,NA
20149,1,NA,NA,NA
20149,2,NA,NA,NA
20150,1,NA,NA,NA
20150,2,NA,NA,NA
20151,1,NA,NA,NA
20151,2,NA,NA,NA
20152,1,NA,NA,NA
20152,2,NA,NA,NA
20153,1,NSS,NSS,NSS
20153,2,NA,NA,NA
20154,1,NA,NA,NA
20154,2,NA,NA,NA
20155,1,0,0,0
20155,2,NA,NA,NA
20156,1,NA,NA,NA
20156,2,NA,NA,NA
20157,1,NSS,NSS,NSS
20157,2,0,0,0
20158,1,NSS,NSS,NSS
20158,2,NSS,NSS,NSS
20159,1,NA,NA,NA
20159,2,NA,NA,NA
20160,1,NSS,NSS,NSS
20160,2,NA,NA,NA
20161,1,NSS,NSS,NSS
20161,2,NA,NA,NA
20162,1,NA,NA,NA
20162,2,NA,NA,NA
20163,1,NA,NA,NA
20163,2,NA,NA,NA
20164,1,NA,NA,NA
20164,2,NA,NA,NA
20165,1,0,0,0
20165,2,3,0,0
20166,1,NSS,NSS,NSS
20166,2,0,0,0
20167,1,NA,NA,NA
20167,2,NA,NA,NA
20168,1,NA,NA,NA
20168,2,NA,NA,NA
20169,1,NSS,NSS,NSS
20169,2,0,0,0
20170,1,NA,NA,NA
20170,2,1,0,0
20171,1,NA,NA,NA
20171,2,NA,NA,NA
20172,1,NA,NA,NA
20172,2,NA,NA,NA
20173,1,NA,NA,NA
20173,2,NA,NA,NA
20174,1,4,0,0
20174,2,2,0,0
20175,1,NA,NA,NA
20175,2,NA,NA,NA
20176,1,NA,NA,NA
20176,2,NA,NA,NA
20177,1,0,0,0
20177,2,1,0,0
20178,1,NA,NA,NA
20178,2,NA,NA,NA
20179,1,NA,NA,NA
20179,2,NA,NA,NA
20180,1,NA,NA,NA
20180,2,NA,NA,NA
20181,1,NA,NA,NA
20181,2,NA,NA,NA
20182,1,NSS,NSS,NSS
20182,2,NA,NA,NA
20183,1,NA,NA,NA
20183,2,NA,NA,NA
20184,1,0,0,0
20184,2,0,0,0
20185,1,NA,NA,NA
20185,2,NA,NA,NA
20186,1,NA,NA,NA
20186,2,NA,NA,NA
20187,1,NSS,NSS,NSS
20187,2,NA,NA,NA
20188,1,NA,NA,NA
20188,2,0,0,0
20189,1,NSS,NSS,NSS
20189,2,NA,NA,NA
20190,1,NSS,NSS,NSS
20190,2,NSS,NSS,NSS
20191,1,NA,NA,NA
20191,2,1,0,0
20192,1,NA,NA,NA
20192,2,NA,NA,NA
20193,1,NA,NA,NA
20193,2,NA,NA,NA
20194,1,NA,NA,NA
20194,2,NA,NA,NA
20195,1,NA,NA,NA
20195,2,0,0,0
20196,1,NA,NA,NA
20196,2,NA,NA,NA
20197,1,NA,NA,NA
20197,2,NA,NA,NA
20198,1,NSS,NSS,NSS
20198,2,NA,NA,NA
20199,1,NA,NA,NA
20199,2,NA,NA,NA
20200,1,NA,NA,NA
20200,2,NA,NA,NA
20201,1,NA,NA,NA
20201,2,NA,NA,NA
20202,1,NA,NA,NA
20202,2,NA,NA,NA
20203,1,NA,NA,NA
20203,2,NA,NA,NA
20204,1,NA,NA,NA
20204,2,NA,NA,NA
20205,1,NA,NA,NA
20205,2,NA,NA,NA
20206,1,NA,NA,NA
20206,2,NA,NA,NA
20207,1,NA,NA,NA
20207,2,NA,NA,NA
20208,1,NA,NA,NA
20208,2,NA,NA,NA
20209,1,NA,NA,NA
20209,2,NA,NA,NA
20210,1,0,0,0
20210,2,NA,NA,NA
20211,1,NA,NA,NA
20211,2,NA,NA,NA
20212,1,NA,NA,NA
20212,2,NA,NA,NA
20213,1,NA,NA,NA
20213,2,NA,NA,NA
20214,1,NA,NA,NA
20214,2,NA,NA,NA
20215,1,NA,NA,NA
20215,2,NA,NA,NA
20216,1,0,0,0
20216,2,NA,NA,NA
20217,1,NSS,NSS,NSS
20217,2,NSS,NSS,NSS
20218,1,NA,NA,NA
20218,2,NA,NA,NA
20219,1,NA,NA,NA
20219,2,NA,NA,NA
20220,1,NA,NA,NA
20220,2,NA,NA,NA
20221,1,NA,NA,NA
20221,2,NA,NA,NA
20222,1,NA,NA,NA
20222,2,NA,NA,NA
20223,1,NA,NA,NA
20223,2,NA,NA,NA
20224,1,NA,NA,NA
20224,2,NA,NA,NA
20225,1,NA,NA,NA
20225,2,NA,NA,NA
20226,1,NA,NA,NA
20226,2,NA,NA,NA
20227,1,0,0,0
20227,2,0,0,0
20228,1,NA,NA,NA
20228,2,NA,NA,NA
20229,1,NA,NA,NA
20229,2,NA,NA,NA
20230,1,NA,NA,NA
20230,2,NA,NA,NA
20231,1,NA,NA,NA
20231,2,NA,NA,NA
20232,1,NSS,NSS,NSS
20232,2,2,0,0
20233,1,NA,NA,NA
20233,2,NA,NA,NA
20234,1,0,0,0
20234,2,0,0,0
20235,1,NA,NA,NA
20235,2,0,0,0
20236,1,NA,NA,NA
20236,2,NA,NA,NA
20237,1,NSS,NSS,NSS
20237,2,4,4,0
20238,1,NA,NA,NA
20238,2,NA,NA,NA
20239,1,NA,NA,NA
20239,2,NA,NA,NA
20240,1,NA,NA,NA
20240,2,NA,NA,NA
20241,1,NA,NA,NA
20241,2,NA,NA,NA
20242,1,NA,NA,NA
20242,2,NA,NA,NA
20243,1,NA,NA,NA
20243,2,NA,NA,NA
20244,1,NA,NA,NA
20244,2,NA,NA,NA
20245,1,NA,NA,NA
20245,2,NA,NA,NA
20246,1,NA,NA,NA
20246,2,NA,NA,NA
20247,1,NA,NA,NA
20247,2,NA,NA,NA
20248,1,NA,NA,NA
20248,2,NA,NA,NA
20249,1,NA,NA,NA
20249,2,NA,NA,NA
20250,1,NA,NA,NA
20250,2,NA,NA,NA
20251,1,NA,NA,NA
20251,2,NA,NA,NA
20252,1,NA,NA,NA
20252,2,NA,NA,NA
20253,1,NA,NA,NA
20253,2,NA,NA,NA
20254,1,NA,NA,NA
20254,2,NA,NA,NA
20255,1,NA,NA,NA
20255,2,NA,NA,NA
20256,1,NA,NA,NA
20256,2,NA,NA,NA
20257,1,NA,NA,NA
20257,2,NA,NA,NA
20258,1,NSS,NSS,NSS
20258,2,NA,NA,NA
20259,1,NA,NA,NA
20259,2,NA,NA,NA
20260,1,NA,NA,NA
20260,2,NA,NA,NA
20261,1,NA,NA,NA
20261,2,NA,NA,NA
20262,1,NA,NA,NA
20262,2,NA,NA,NA
20263,1,NA,NA,NA
20263,2,NA,NA,NA
20264,1,NSS,NSS,NSS
20264,2,NSS,NSS,NSS
20265,1,NSS,NSS,NSS
20265,2,NA,NA,NA
20266,1,NA,NA,NA
20266,2,NA,NA,NA
20267,1,NA,NA,NA
20267,2,0,0,0
20268,1,NA,NA,NA
20268,2,NA,NA,NA
20269,1,NA,NA,NA
20269,2,NA,NA,NA
20270,1,NSS,NSS,NSS
20270,2,NSS,NSS,NSS
20271,1,NSS,NSS,NSS
20271,2,NSS,NSS,NSS
20272,1,NA,NA,NA
20272,2,NA,NA,NA
20273,1,NSS,NSS,NSS
20273,2,NA,NA,NA
20274,1,NA,NA,NA
20274,2,NA,NA,NA
20275,1,NA,NA,NA
20275,2,0,0,0
20276,1,NSS,NSS,NSS
20276,2,0,0,0
20277,1,NA,NA,NA
20277,2,NA,NA,NA
20278,1,NSS,NSS,NSS
20278,2,1,0,0
20279,1,NA,NA,NA
20279,2,NA,NA,NA
20280,1,NA,NA,NA
20280,2,NA,NA,NA
20281,1,NA,NA,NA
20281,2,NA,NA,NA
20282,1,NA,NA,NA
20282,2,NA,NA,NA
20283,1,NA,NA,NA
20283,2,NA,NA,NA
20284,1,NA,NA,NA
20284,2,NA,NA,NA
20285,1,NA,NA,NA
20285,2,NA,NA,NA
20286,1,NA,NA,NA
20286,2,NA,NA,NA
20287,1,NA,NA,NA
20287,2,NA,NA,NA
20288,1,NA,NA,NA
20288,2,NA,NA,NA
20289,1,NSS,NSS,NSS
20289,2,NA,NA,NA
20290,1,NA,NA,NA
20290,2,3,0,0
20291,1,NA,NA,NA
20291,2,NA,NA,NA
20292,1,NA,NA,NA
20292,2,NA,NA,NA
20293,1,NSS,NSS,NSS
20293,2,NSS,NSS,NSS
20294,1,NSS,NSS,NSS
20294,2,0,0,0
20295,1,NA,NA,NA
20295,2,1,0,0
20296,1,NA,NA,NA
20296,2,NA,NA,NA
20297,1,NA,NA,NA
20297,2,NA,NA,NA
20298,1,3,0,0
20298,2,2,0,0
20299,1,NA,NA,NA
20299,2,NA,NA,NA
20300,1,NA,NA,NA
20300,2,0,0,0
20301,1,NA,NA,NA
20301,2,1,0,0
20302,1,NA,NA,NA
20302,2,NA,NA,NA
20303,1,NA,NA,NA
20303,2,NA,NA,NA
20304,1,NA,NA,NA
20304,2,NA,NA,NA
20305,1,NA,NA,NA
20305,2,0,0,0
20306,1,NA,NA,NA
20306,2,NA,NA,NA
20307,1,NA,NA,NA
20307,2,NA,NA,NA
20308,1,NA,NA,NA
20308,2,1,0,0
20309,1,NSS,NSS,NSS
20309,2,NA,NA,NA
20310,1,NSS,NSS,NSS
20310,2,NSS,NSS,NSS
20311,1,NA,NA,NA
20311,2,NA,NA,NA
20312,1,NA,NA,NA
20312,2,NA,NA,NA
20313,1,0,0,0
20313,2,NA,NA,NA
20314,1,NSS,NSS,NSS
20314,2,NA,NA,NA
20315,1,NA,NA,NA
20315,2,NA,NA,NA
20316,1,NA,NA,NA
20316,2,NA,NA,NA
20317,1,NA,NA,NA
20317,2,NA,NA,NA
20318,1,NA,NA,NA
20318,2,NA,NA,NA
20319,1,NA,NA,NA
20319,2,NA,NA,NA
20320,1,NA,NA,NA
20320,2,NA,NA,NA
20321,1,NA,NA,NA
20321,2,NA,NA,NA
20322,1,NA,NA,NA
20322,2,NA,NA,NA
20323,1,NSS,NSS,NSS
20323,2,NA,NA,NA
20324,1,NA,NA,NA
20324,2,NA,NA,NA
20325,1,NA,NA,NA
20325,2,2,0,0
20326,1,0,0,0
20326,2,0,0,0
20327,1,NSS,NSS,NSS
20327,2,NA,NA,NA
20328,1,NA,NA,NA
20328,2,NA,NA,NA
20329,1,NA,NA,NA
20329,2,NA,NA,NA
20330,1,NSS,NSS,NSS
20330,2,NA,NA,NA
20331,1,NA,NA,NA
20331,2,NA,NA,NA
20332,1,NA,NA,NA
20332,2,NA,NA,NA
20333,1,NSS,NSS,NSS
20333,2,NA,NA,NA
20334,1,NA,NA,NA
20334,2,NA,NA,NA
20335,1,NA,NA,NA
20335,2,NA,NA,NA
20336,1,NA,NA,NA
20336,2,NA,NA,NA
20337,1,NA,NA,NA
20337,2,NA,NA,NA
20338,1,0,0,0
20338,2,1,0,0
20339,1,NA,NA,NA
20339,2,NA,NA,NA
20340,1,NSS,NSS,NSS
20340,2,NA,NA,NA
20341,1,NSS,NSS,NSS
20341,2,NA,NA,NA
20342,1,NA,NA,NA
20342,2,NA,NA,NA
20343,1,NA,NA,NA
20343,2,NA,NA,NA
20344,1,NA,NA,NA
20344,2,NA,NA,NA
20345,1,NA,NA,NA
20345,2,NA,NA,NA
20346,1,NA,NA,NA
20346,2,NA,NA,NA
20347,1,NA,NA,NA
20347,2,NA,NA,NA
20348,1,NA,NA,NA
20348,2,NA,NA,NA
20349,1,NA,NA,NA
20349,2,NA,NA,NA
20350,1,NSS,NSS,NSS
20350,2,0,0,0
20351,1,NA,NA,NA
20351,2,NA,NA,NA
20352,1,NA,NA,NA
20352,2,NA,NA,NA
20353,1,NA,NA,NA
20353,2,NA,NA,NA
20354,1,NA,NA,NA
20354,2,NA,NA,NA
20355,1,NA,NA,NA
20355,2,NA,NA,NA
20356,1,NA,NA,NA
20356,2,NA,NA,NA
20357,1,NA,NA,NA
20357,2,NA,NA,NA
20358,1,NSS,NSS,NSS
20358,2,NA,NA,NA
20359,1,NA,NA,NA
20359,2,NA,NA,NA
20360,1,NA,NA,NA
20360,2,NA,NA,NA
20361,1,NA,NA,NA
20361,2,NA,NA,NA
20362,1,NA,NA,NA
20362,2,NA,NA,NA
20363,1,NA,NA,NA
20363,2,0,0,0
20364,1,NA,NA,NA
20364,2,NA,NA,NA
20365,1,NA,NA,NA
20365,2,NA,NA,NA
20366,1,NA,NA,NA
20366,2,NA,NA,NA
20367,1,NA,NA,NA
20367,2,NA,NA,NA
20368,1,NA,NA,NA
20368,2,NA,NA,NA
20369,1,0,0,0
20369,2,0,0,0
20370,1,NA,NA,NA
20370,2,NA,NA,NA
20371,1,NA,NA,NA
20371,2,NA,NA,NA
20372,1,NA,NA,NA
20372,2,NA,NA,NA
20373,1,NA,NA,NA
20373,2,NA,NA,NA
20374,1,NSS,NSS,NSS
20374,2,NSS,NSS,NSS
20375,1,NSS,NSS,NSS
20375,2,NA,NA,NA
20376,1,NA,NA,NA
20376,2,NA,NA,NA
20377,1,NA,NA,NA
20377,2,1,0,0
20378,1,NSS,NSS,NSS
20378,2,NA,NA,NA
20379,1,NA,NA,NA
20379,2,NA,NA,NA
20380,1,NA,NA,NA
20380,2,NA,NA,NA
20381,1,NA,NA,NA
20381,2,NA,NA,NA
20382,1,NA,NA,NA
20382,2,NA,NA,NA
20383,1,NA,NA,NA
20383,2,NA,NA,NA
20384,1,NA,NA,NA
20384,2,NA,NA,NA
20385,1,NSS,NSS,NSS
20385,2,NSS,NSS,NSS
20386,1,NA,NA,NA
20386,2,NA,NA,NA
20387,1,NA,NA,NA
20387,2,NA,NA,NA
20388,1,NSS,NSS,NSS
20388,2,0,0,0
20389,1,NA,NA,NA
20389,2,5,0,0
20390,1,NA,NA,NA
20390,2,0,0,0
20391,1,NA,NA,NA
20391,2,NA,NA,NA
20392,1,NA,NA,NA
20392,2,NA,NA,NA
20393,1,1,0,0
20393,2,1,0,0
20394,1,NA,NA,NA
20394,2,NA,NA,NA
20395,1,NA,NA,NA
20395,2,NA,NA,NA
20396,1,NA,NA,NA
20396,2,NA,NA,NA
20397,1,25,0,0
20397,2,28,0,0
20398,1,0,0,0
20398,2,0,0,0
20399,1,NA,NA,NA
20399,2,0,0,0
20400,1,NA,NA,NA
20400,2,NA,NA,NA
20401,1,NSS,NSS,NSS
20401,2,NSS,NSS,NSS
20402,1,NA,NA,NA
20402,2,NA,NA,NA
20403,1,NA,NA,NA
20403,2,5,0,0
20404,1,NA,NA,NA
20404,2,NA,NA,NA
20405,1,NA,NA,NA
20405,2,6,0,0
20406,1,NA,NA,NA
20406,2,NA,NA,NA
20407,1,NSS,NSS,NSS
20407,2,NA,NA,NA
20408,1,NA,NA,NA
20408,2,NA,NA,NA
20409,1,NSS,NSS,NSS
20409,2,NSS,NSS,NSS
20410,1,NA,NA,NA
20410,2,NA,NA,NA
20411,1,NA,NA,NA
20411,2,NA,NA,NA
20412,1,NA,NA,NA
20412,2,NA,NA,NA
20413,1,0,0,0
20413,2,0,0,0
20414,1,NA,NA,NA
20414,2,NA,NA,NA
20415,1,NA,NA,NA
20415,2,NA,NA,NA
20416,1,NA,NA,NA
20416,2,NA,NA,NA
20417,1,NSS,NSS,NSS
20417,2,0,0,0
20418,1,NA,NA,NA
20418,2,NA,NA,NA
20419,1,NA,NA,NA
20419,2,NA,NA,NA
20420,1,NA,NA,NA
20420,2,NA,NA,NA
20421,1,NA,NA,NA
20421,2,NA,NA,NA
20422,1,NA,NA,NA
20422,2,NA,NA,NA
20423,1,NA,NA,NA
20423,2,NA,NA,NA
20424,1,NA,NA,NA
20424,2,NA,NA,NA
20425,1,NA,NA,NA
20425,2,0,0,0
20426,1,NA,NA,NA
20426,2,2,0,0
20427,1,NSS,NSS,NSS
20427,2,NA,NA,NA
20428,1,NA,NA,NA
20428,2,NA,NA,NA
20429,1,NA,NA,NA
20429,2,NA,NA,NA
20430,1,NA,NA,NA
20430,2,NA,NA,NA
20431,1,NSS,NSS,NSS
20431,2,NA,NA,NA
20432,1,NA,NA,NA
20432,2,NA,NA,NA
20433,1,NA,NA,NA
20433,2,NA,NA,NA
20434,1,NSS,NSS,NSS
20434,2,NA,NA,NA
20435,1,NA,NA,NA
20435,2,NA,NA,NA
20436,1,NA,NA,NA
20436,2,0,0,0
20437,1,NA,NA,NA
20437,2,NA,NA,NA
20438,1,NSS,NSS,NSS
20438,2,NA,NA,NA
20439,1,NSS,NSS,NSS
20439,2,6,0,0
20440,1,NA,NA,NA
20440,2,NA,NA,NA
20441,1,NA,NA,NA
20441,2,3,0,0
20442,1,NA,NA,NA
20442,2,NA,NA,NA
20443,1,NA,NA,NA
20443,2,NA,NA,NA
20444,1,NA,NA,NA
20444,2,NA,NA,NA
20445,1,NA,NA,NA
20445,2,NA,NA,NA
20446,1,NA,NA,NA
20446,2,NA,NA,NA
20447,1,NA,NA,NA
20447,2,3,0,0
20448,1,NSS,NSS,NSS
20448,2,NA,NA,NA
20449,1,NA,NA,NA
20449,2,NA,NA,NA
20450,1,NSS,NSS,NSS
20450,2,3,0,0
20451,1,NA,NA,NA
20451,2,NA,NA,NA
20452,1,NSS,NSS,NSS
20452,2,1,0,0
20453,1,NA,NA,NA
20453,2,NA,NA,NA
20454,1,NA,NA,NA
20454,2,NA,NA,NA
20455,1,NSS,NSS,NSS
20455,2,NA,NA,NA
20456,1,NSS,NSS,NSS
20456,2,NA,NA,NA
20457,1,NA,NA,NA
20457,2,NA,NA,NA
20458,1,NA,NA,NA
20458,2,NA,NA,NA
20459,1,NA,NA,NA
20459,2,NA,NA,NA
20460,1,NA,NA,NA
20460,2,NA,NA,NA
20461,1,NA,NA,NA
20461,2,NA,NA,NA
20462,1,NA,NA,NA
20462,2,NA,NA,NA
20463,1,NA,NA,NA
20463,2,NA,NA,NA
20464,1,NA,NA,NA
20464,2,NA,NA,NA
20465,1,NA,NA,NA
20465,2,NA,NA,NA
20466,1,NA,NA,NA
20466,2,NA,NA,NA
20467,1,NA,NA,NA
20467,2,NA,NA,NA
20468,1,NA,NA,NA
20468,2,NA,NA,NA
20469,1,NSS,NSS,NSS
20469,2,NA,NA,NA
20470,1,NA,NA,NA
20470,2,NA,NA,NA
20471,1,NA,NA,NA
20471,2,NA,NA,NA
20472,1,NA,NA,NA
20472,2,NA,NA,NA
20473,1,NA,NA,NA
20473,2,NA,NA,NA
20474,1,NA,NA,NA
20474,2,1,0,0
20475,1,NSS,NSS,NSS
20475,2,0,0,0
20476,1,NA,NA,NA
20476,2,NA,NA,NA
20477,1,NA,NA,NA
20477,2,NA,NA,NA
20478,1,NA,NA,NA
20478,2,NA,NA,NA
20479,1,NA,NA,NA
20479,2,NA,NA,NA
20480,1,NA,NA,NA
20480,2,NA,NA,NA
20481,1,NA,NA,NA
20481,2,NA,NA,NA
20482,1,NSS,NSS,NSS
20482,2,NSS,NSS,NSS
20483,1,NSS,NSS,NSS
20483,2,0,0,0
20484,1,NSS,NSS,NSS
20484,2,NA,NA,NA
20485,1,NA,NA,NA
20485,2,NA,NA,NA
20486,1,NA,NA,NA
20486,2,NA,NA,NA
20487,1,NSS,NSS,NSS
20487,2,0,0,0
20488,1,NA,NA,NA
20488,2,NA,NA,NA
20489,1,NA,NA,NA
20489,2,NA,NA,NA
20490,1,0,0,0
20490,2,NA,NA,NA
20491,1,NA,NA,NA
20491,2,NA,NA,NA
20492,1,NA,NA,NA
20492,2,NA,NA,NA
20493,1,NA,NA,NA
20493,2,NA,NA,NA
20494,1,NA,NA,NA
20494,2,NA,NA,NA
20495,1,NSS,NSS,NSS
20495,2,NSS,NSS,NSS
20496,1,NA,NA,NA
20496,2,NA,NA,NA
20497,1,NA,NA,NA
20497,2,NA,NA,NA
20498,1,NA,NA,NA
20498,2,NA,NA,NA
20499,1,NA,NA,NA
20499,2,NA,NA,NA
20500,1,0,0,0
20500,2,0,0,0
20501,1,NSS,NSS,NSS
20501,2,NA,NA,NA
20502,1,NSS,NSS,NSS
20502,2,NA,NA,NA
20503,1,NA,NA,NA
20503,2,NA,NA,NA
20504,1,NA,NA,NA
20504,2,NA,NA,NA
20505,1,NSS,NSS,NSS
20505,2,NA,NA,NA
20506,1,NA,NA,NA
20506,2,NA,NA,NA
20507,1,NA,NA,NA
20507,2,NA,NA,NA
20508,1,NA,NA,NA
20508,2,2,0,0
20509,1,NSS,NSS,NSS
20509,2,NSS,NSS,NSS
20510,1,NA,NA,NA
20510,2,NA,NA,NA
20511,1,NSS,NSS,NSS
20511,2,0,0,0
20512,1,NA,NA,NA
20512,2,NA,NA,NA
20513,1,NSS,NSS,NSS
20513,2,NA,NA,NA
20514,1,NA,NA,NA
20514,2,NA,NA,NA
20515,1,NA,NA,NA
20515,2,NA,NA,NA
20516,1,NA,NA,NA
20516,2,NA,NA,NA
20517,1,NA,NA,NA
20517,2,NA,NA,NA
20518,1,NA,NA,NA
20518,2,NA,NA,NA
20519,1,NA,NA,NA
20519,2,0,0,0
20520,1,NSS,NSS,NSS
20520,2,4,4,0
20521,1,NA,NA,NA
20521,2,NA,NA,NA
20522,1,NA,NA,NA
20522,2,NA,NA,NA
20523,1,NA,NA,NA
20523,2,NA,NA,NA
20524,1,NA,NA,NA
20524,2,NA,NA,NA
20525,1,NSS,NSS,NSS
20525,2,NA,NA,NA
20526,1,NSS,NSS,NSS
20526,2,NSS,NSS,NSS
20527,1,NA,NA,NA
20527,2,NA,NA,NA
20528,1,NA,NA,NA
20528,2,NA,NA,NA
20529,1,NA,NA,NA
20529,2,NA,NA,NA
20530,1,1,0,0
20530,2,1,0,0
20531,1,NA,NA,NA
20531,2,NA,NA,NA
20532,1,NA,NA,NA
20532,2,NA,NA,NA
20533,1,NSS,NSS,NSS
20533,2,NSS,NSS,NSS
20534,1,NA,NA,NA
20534,2,NA,NA,NA
20535,1,NA,NA,NA
20535,2,NA,NA,NA
20536,1,NA,NA,NA
20536,2,NA,NA,NA
20537,1,NSS,NSS,NSS
20537,2,NA,NA,NA
20538,1,NA,NA,NA
20538,2,NA,NA,NA
20539,1,0,0,0
20539,2,0,0,0
20540,1,1,0,0
20540,2,3,0,0
20541,1,NA,NA,NA
20541,2,NA,NA,NA
20542,1,NA,NA,NA
20542,2,NA,NA,NA
20543,1,NA,NA,NA
20543,2,NA,NA,NA
20544,1,NA,NA,NA
20544,2,NA,NA,NA
20545,1,NA,NA,NA
20545,2,NA,NA,NA
20546,1,NA,NA,NA
20546,2,NA,NA,NA
20547,1,NA,NA,NA
20547,2,NA,NA,NA
20548,1,NA,NA,NA
20548,2,NA,NA,NA
20549,1,NSS,NSS,NSS
20549,2,NA,NA,NA
20550,1,NA,NA,NA
20550,2,NA,NA,NA
20551,1,35,0,0
20551,2,20,0,0
20552,1,NA,NA,NA
20552,2,NA,NA,NA
20553,1,NA,NA,NA
20553,2,NA,NA,NA
20554,1,NA,NA,NA
20554,2,NA,NA,NA
20555,1,NA,NA,NA
20555,2,NA,NA,NA
20556,1,NA,NA,NA
20556,2,NA,NA,NA
20557,1,NA,NA,NA
20557,2,NA,NA,NA
20558,1,NA,NA,NA
20558,2,0,0,0
20559,1,NA,NA,NA
20559,2,2,0,0
20560,1,0,0,0
20560,2,0,0,0
20561,1,NA,NA,NA
20561,2,NA,NA,NA
20562,1,NA,NA,NA
20562,2,NA,NA,NA
20563,1,NA,NA,NA
20563,2,NA,NA,NA
20564,1,NA,NA,NA
20564,2,NA,NA,NA
20565,1,NSS,NSS,NSS
20565,2,0,0,0
20566,1,NA,NA,NA
20566,2,NA,NA,NA
20567,1,NA,NA,NA
20567,2,NA,NA,NA
20568,1,NSS,NSS,NSS
20568,2,NSS,NSS,NSS
20569,1,NA,NA,NA
20569,2,NA,NA,NA
20570,1,40,0,0
20570,2,58,0,0
21001,1,0,0,0
21001,2,0,0,0
21002,1,NA,NA,NA
21002,2,NA,NA,NA
21003,1,NA,NA,NA
21003,2,NA,NA,NA
21004,1,NA,NA,NA
21004,2,7,0,0
21005,1,NA,NA,NA
21005,2,NA,NA,NA
21006,1,NA,NA,NA
21006,2,NA,NA,NA
21007,1,NA,NA,NA
21007,2,NA,NA,NA
21008,1,0,0,0
21008,2,0,0,0
21009,1,NA,NA,NA
21009,2,NA,NA,NA
21010,1,0,0,0
21010,2,0,0,0
21011,1,NA,NA,NA
21011,2,NA,NA,NA
21012,1,NSS,NSS,NSS
21012,2,0,0,0
21013,1,NA,NA,NA
21013,2,0,0,0
21014,1,NA,NA,NA
21014,2,NA,NA,NA
21015,1,0,0,0
21015,2,0,0,0
21016,1,NA,NA,NA
21016,2,NA,NA,NA
21017,1,0,0,0
21017,2,0,0,0
21018,1,NA,NA,NA
21018,2,NA,NA,NA
21019,1,214,0,0
21019,2,255,0,0
21020,1,NA,NA,NA
21020,2,NA,NA,NA
21021,1,NA,NA,NA
21021,2,NA,NA,NA
21022,1,NA,NA,NA
21022,2,NA,NA,NA
21023,1,NA,NA,NA
21023,2,NA,NA,NA
21024,1,NA,NA,NA
21024,2,NA,NA,NA
21025,1,NSS,NSS,NSS
21025,2,NA,NA,NA
21026,1,NSS,NSS,NSS
21026,2,0,0,0
21027,1,NA,NA,NA
21027,2,NA,NA,NA
21028,1,NA,NA,NA
21028,2,NA,NA,NA
21029,1,NA,NA,NA
21029,2,NA,NA,NA
21030,1,NA,NA,NA
21030,2,NA,NA,NA
21031,1,NA,NA,NA
21031,2,NA,NA,NA
21032,1,NA,NA,NA
21032,2,0,0,0
21033,1,NA,NA,NA
21033,2,NA,NA,NA
21034,1,NSS,NSS,NSS
21034,2,0,0,0
21035,1,0,0,0
21035,2,0,0,0
21036,1,NA,NA,NA
21036,2,NA,NA,NA
21037,1,NA,NA,NA
21037,2,NA,NA,NA
21038,1,NA,NA,NA
21038,2,NA,NA,NA
21039,1,NA,NA,NA
21039,2,2,0,0
21040,1,NA,NA,NA
21040,2,5,0,0
21041,1,0,0,0
21041,2,0,0,0
21042,1,NA,NA,NA
21042,2,NA,NA,NA
21043,1,NA,NA,NA
21043,2,0,0,0
21044,1,NA,NA,NA
21044,2,NA,NA,NA
21045,1,NSS,NSS,NSS
21045,2,NSS,NSS,NSS
21046,1,NA,NA,NA
21046,2,0,0,0
21047,1,NA,NA,NA
21047,2,NA,NA,NA
21048,1,NA,NA,NA
21048,2,0,0,0
21049,1,NSS,NSS,NSS
21049,2,0,0,0
21050,1,NSS,NSS,NSS
21050,2,NA,NA,NA
21051,1,NA,NA,NA
21051,2,1,0,0
21052,1,NA,NA,NA
21052,2,NA,NA,NA
21053,1,0,0,0
21053,2,0,0,0
21054,1,0,0,0
21054,2,0,0,0
21055,1,NA,NA,NA
21055,2,NA,NA,NA
21056,1,NA,NA,NA
21056,2,NA,NA,NA
21057,1,NA,NA,NA
21057,2,NA,NA,NA
21058,1,NA,NA,NA
21058,2,1,1,0
21059,1,0,0,0
21059,2,NA,NA,NA
21060,1,NA,NA,NA
21060,2,1,1,0
21061,1,NA,NA,NA
21061,2,NA,NA,NA
21062,1,NA,NA,NA
21062,2,NA,NA,NA
21063,1,NA,NA,NA
21063,2,NA,NA,NA
21064,1,NA,NA,NA
21064,2,NA,NA,NA
21065,1,0,0,0
21065,2,0,0,0
21066,1,NA,NA,NA
21066,2,NA,NA,NA
21067,1,NA,NA,NA
21067,2,0,0,0
21068,1,NA,NA,NA
21068,2,NA,NA,NA
21069,1,NA,NA,NA
21069,2,NA,NA,NA
21070,1,NA,NA,NA
21070,2,NA,NA,NA
21071,1,7,0,0
21071,2,21,0,0
21072,1,NA,NA,NA
21072,2,NA,NA,NA
21073,1,NA,NA,NA
21073,2,NA,NA,NA
21074,1,0,0,0
21074,2,1,1,0
21075,1,NA,NA,NA
21075,2,NA,NA,NA
21076,1,NA,NA,NA
21076,2,NA,NA,NA
21077,1,NA,NA,NA
21077,2,NA,NA,NA
21078,1,NA,NA,NA
21078,2,NA,NA,NA
21079,1,NA,NA,NA
21079,2,NA,NA,NA
21080,1,NA,NA,NA
21080,2,NA,NA,NA
21081,1,NA,NA,NA
21081,2,NA,NA,NA
21082,1,NA,NA,NA
21082,2,NA,NA,NA
21083,1,0,0,0
21083,2,0,0,0
21084,1,NA,NA,NA
21084,2,NA,NA,NA
21085,1,0,0,0
21085,2,0,0,0
21086,1,NSS,NSS,NSS
21086,2,0,0,0
21087,1,NA,NA,NA
21087,2,NA,NA,NA
21088,1,NA,NA,NA
21088,2,NA,NA,NA
21089,1,NA,NA,NA
21089,2,NA,NA,NA
21090,1,NSS,NSS,NSS
21090,2,0,0,0
21091,1,NSS,NSS,NSS
21091,2,NA,NA,NA
21092,1,NA,NA,NA
21092,2,1,1,0
21093,1,NA,NA,NA
21093,2,NA,NA,NA
21094,1,NSS,NSS,NSS
21094,2,5,0,0
21095,1,NA,NA,NA
21095,2,NA,NA,NA
21096,1,NA,NA,NA
21096,2,NA,NA,NA
21097,1,NA,NA,NA
21097,2,NA,NA,NA
21098,1,NA,NA,NA
21098,2,NA,NA,NA
21099,1,NA,NA,NA
21099,2,NA,NA,NA
21100,1,NSS,NSS,NSS
21100,2,NA,NA,NA
21101,1,NA,NA,NA
21101,2,NA,NA,NA
21102,1,NSS,NSS,NSS
21102,2,5,0,0
21103,1,NA,NA,NA
21103,2,NA,NA,NA
21104,1,0,0,0
21104,2,2,1,1
21105,1,NA,NA,NA
21105,2,NA,NA,NA
21106,1,0,0,0
21106,2,0,0,0
21107,1,NA,NA,NA
21107,2,NA,NA,NA
21108,1,NSS,NSS,NSS
21108,2,0,0,0
21109,1,NA,NA,NA
21109,2,2,0,0
21110,1,0,0,0
21110,2,0,0,0
21111,1,NA,NA,NA
21111,2,NA,NA,NA
21112,1,NA,NA,NA
21112,2,NA,NA,NA
21113,1,NA,NA,NA
21113,2,NA,NA,NA
21114,1,3648,0,0
21114,2,4688,0,0
21115,1,NA,NA,NA
21115,2,NA,NA,NA
21116,1,NA,NA,NA
21116,2,NA,NA,NA
21117,1,NA,NA,NA
21117,2,NA,NA,NA
21118,1,1,0,0
21118,2,7,1,0
21119,1,11,9,2
21119,2,136,118,18
21120,1,NA,NA,NA
21120,2,NA,NA,NA
21121,1,NSS,NSS,NSS
21121,2,NA,NA,NA
21122,1,NSS,NSS,NSS
21122,2,0,0,0
21123,1,NA,NA,NA
21123,2,NA,NA,NA
21124,1,0,0,0
21124,2,0,0,0
21125,1,NA,NA,NA
21125,2,NA,NA,NA
21126,1,NA,NA,NA
21126,2,0,0,0
21127,1,NA,NA,NA
21127,2,NA,NA,NA
21128,1,9,0,0
21128,2,10,0,0
21129,1,NA,NA,NA
21129,2,NA,NA,NA
21130,1,NA,NA,NA
21130,2,NA,NA,NA
21131,1,NA,NA,NA
21131,2,NA,NA,NA
21132,1,0,0,0
21132,2,0,0,0
21133,1,NA,NA,NA
21133,2,NA,NA,NA
21134,1,NA,NA,NA
21134,2,0,0,0
21135,1,NA,NA,NA
21135,2,NA,NA,NA
21136,1,NA,NA,NA
21136,2,2,0,0
21137,1,NA,NA,NA
21137,2,NA,NA,NA
21138,1,NSS,NSS,NSS
21138,2,0,0,0
21139,1,NA,NA,NA
21139,2,NA,NA,NA
21140,1,99,0,0
21140,2,161,0,0
21141,1,NA,NA,NA
21141,2,NA,NA,NA
21142,1,NA,NA,NA
21142,2,0,0,0
21143,1,4,0,0
21143,2,15,0,0
21144,1,NA,NA,NA
21144,2,NA,NA,NA
21145,1,0,0,0
21145,2,NA,NA,NA
21146,1,NA,NA,NA
21146,2,NA,NA,NA
21147,1,NA,NA,NA
21147,2,NA,NA,NA
21148,1,NA,NA,NA
21148,2,0,0,0
21149,1,0,0,0
21149,2,0,0,0
21150,1,NA,NA,NA
21150,2,NA,NA,NA
21151,1,NA,NA,NA
21151,2,NA,NA,NA
21152,1,NA,NA,NA
21152,2,NA,NA,NA
21153,1,NA,NA,NA
21153,2,NA,NA,NA
21154,1,NSS,NSS,NSS
21154,2,NA,NA,NA
21155,1,1,1,0
21155,2,NA,NA,NA
21156,1,0,0,0
21156,2,0,0,0
21157,1,NA,NA,NA
21157,2,NA,NA,NA
21158,1,NA,NA,NA
21158,2,NA,NA,NA
21159,1,NA,NA,NA
21159,2,NA,NA,NA
21160,1,NA,NA,NA
21160,2,NA,NA,NA
21161,1,0,0,0
21161,2,1,0,0
21162,1,NA,NA,NA
21162,2,NA,NA,NA
21163,1,NSS,NSS,NSS
21163,2,0,0,0
21164,1,NSS,NSS,NSS
21164,2,NSS,NSS,NSS
21165,1,NA,NA,NA
21165,2,NA,NA,NA
21166,1,NA,NA,NA
21166,2,NA,NA,NA
21167,1,NA,NA,NA
21167,2,NA,NA,NA
21168,1,NA,NA,NA
21168,2,NA,NA,NA
21169,1,NA,NA,NA
21169,2,2,0,0
21170,1,NSS,NSS,NSS
21170,2,NA,NA,NA
21171,1,NA,NA,NA
21171,2,NA,NA,NA
21172,1,NA,NA,NA
21172,2,0,0,0
21173,1,NA,NA,NA
21173,2,NA,NA,NA
21174,1,0,0,0
21174,2,0,0,0
21175,1,NSS,NSS,NSS
21175,2,NSS,NSS,NSS
21176,1,NA,NA,NA
21176,2,NA,NA,NA
21177,1,32,0,0
21177,2,10,0,0
21178,1,NA,NA,NA
21178,2,NA,NA,NA
21179,1,NA,NA,NA
21179,2,0,0,0
21180,1,NSS,NSS,NSS
21180,2,NA,NA,NA
21181,1,NA,NA,NA
21181,2,NA,NA,NA
21182,1,NA,NA,NA
21182,2,NA,NA,NA
21183,1,NA,NA,NA
21183,2,0,0,0
21184,1,NSS,NSS,NSS
21184,2,NA,NA,NA
21185,1,1,0,0
21185,2,NA,NA,NA
21186,1,2,0,0
21186,2,4,0,0
21187,1,NA,NA,NA
21187,2,NA,NA,NA
21188,1,0,0,0
21188,2,0,0,0
21189,1,NA,NA,NA
21189,2,NA,NA,NA
21190,1,NA,NA,NA
21190,2,NA,NA,NA
21191,1,NSS,NSS,NSS
21191,2,NSS,NSS,NSS
21192,1,NA,NA,NA
21192,2,NA,NA,NA
21193,1,NA,NA,NA
21193,2,4,0,0
21194,1,NA,NA,NA
21194,2,2,0,0
21195,1,NA,NA,NA
21195,2,0,0,0
21196,1,NA,NA,NA
21196,2,NA,NA,NA
21197,1,0,0,0
21197,2,0,0,0
21198,1,NA,NA,NA
21198,2,NA,NA,NA
21199,1,NA,NA,NA
21199,2,NA,NA,NA
21200,1,NA,NA,NA
21200,2,0,0,0
21201,1,NA,NA,NA
21201,2,NA,NA,NA
21202,1,NA,NA,NA
21202,2,NA,NA,NA
21203,1,NSS,NSS,NSS
21203,2,NA,NA,NA
21204,1,NA,NA,NA
21204,2,NA,NA,NA
21205,1,NA,NA,NA
21205,2,NA,NA,NA
21206,1,NA,NA,NA
21206,2,NA,NA,NA
21207,1,0,0,0
21207,2,0,0,0
21208,1,0,0,0
21208,2,0,0,0
21209,1,NA,NA,NA
21209,2,NA,NA,NA
21210,1,NA,NA,NA
21210,2,NA,NA,NA
21211,1,0,0,0
21211,2,0,0,0
21212,1,NA,NA,NA
21212,2,1,0,0
21213,1,NA,NA,NA
21213,2,NA,NA,NA
21214,1,NA,NA,NA
21214,2,0,0,0
21215,1,NA,NA,NA
21215,2,NA,NA,NA
21216,1,NA,NA,NA
21216,2,NA,NA,NA
21217,1,NA,NA,NA
21217,2,NA,NA,NA
22001,1,0,0,0
22001,2,0,0,0
22002,1,NA,NA,NA
22002,2,NA,NA,NA
22003,1,0,0,0
22003,2,1,0,0
22004,1,14,0,0
22004,2,33,0,0
22005,1,0,0,0
22005,2,1,1,0
22006,1,573,0,0
22006,2,491,0,0
22007,1,99,0,0
22007,2,110,0,0
22008,1,86,0,0
22008,2,162,0,0
22009,1,5,0,0
22009,2,3,0,0
22010,1,0,0,0
22010,2,0,0,0
22011,1,486,0,0
22011,2,666,0,0
22012,1,140,0,0
22012,2,264,0,0
22013,1,17,0,0
22013,2,21,0,0
22014,1,0,0,0
22014,2,0,0,0
22015,1,2,0,0
22015,2,3,0,0
22016,1,702,702,0
22016,2,829,829,0
22017,1,167,0,0
22017,2,152,0,0
22018,1,11,0,0
22018,2,28,0,0
23001,1,155,155,NSS
23001,2,123,123,NSS
23002,1,NA,NA,NA
23002,2,51,0,0
23003,1,60,0,0
23003,2,68,0,0
23004,1,NA,NA,NA
23004,2,NA,NA,NA
23005,1,1165,0,0
23005,2,1801,0,0
23006,1,NA,NA,NA
23006,2,NA,NA,NA
23007,1,NA,NA,NA
23007,2,1,0,0
23008,1,0,0,0
23008,2,0,0,0
23009,1,0,0,0
23009,2,0,0,0
23010,1,56,0,0
23010,2,98,0,0
23011,1,NA,NA,NA
23011,2,NA,NA,NA
24001,1,0,0,0
24001,2,0,0,0
24002,1,NA,NA,NA
24002,2,5,0,0
24003,1,NA,NA,NA
24003,2,NA,NA,NA
24004,1,NA,NA,NA
24004,2,NA,NA,NA
24005,1,NA,NA,NA
24005,2,1,0,0
24006,1,NA,NA,NA
24006,2,NA,NA,NA
24007,1,NA,NA,NA
24007,2,NA,NA,NA
24008,1,6,0,0
24008,2,10,0,0
24009,1,NA,NA,NA
24009,2,NA,NA,NA
24010,1,52,0,0
24010,2,45,0,0
24011,1,64,0,0
24011,2,159,0,0
24012,1,NA,NA,NA
24012,2,0,0,0
24013,1,108,0,0
24013,2,114,0,0
24014,1,NA,NA,NA
24014,2,NA,NA,NA
24015,1,NA,NA,NA
24015,2,NA,NA,NA
24016,1,NA,NA,NA
24016,2,NA,NA,NA
24017,1,NA,NA,NA
24017,2,NA,NA,NA
24018,1,0,0,0
24018,2,1,1,0
24019,1,NA,NA,NA
24019,2,NA,NA,NA
24020,1,27,0,0
24020,2,26,0,0
24021,1,3,0,0
24021,2,4,0,0
24022,1,NA,NA,NA
24022,2,NA,NA,NA
24023,1,5,0,0
24023,2,7,0,0
24024,1,84,0,0
24024,2,114,0,0
24025,1,60,0,0
24025,2,61,0,0
24026,1,0,0,0
24026,2,NA,NA,NA
24027,1,0,0,0
24027,2,0,0,0
24028,1,894,0,0
24028,2,2107,0,0
24029,1,NA,NA,NA
24029,2,25,0,0
24030,1,NA,NA,NA
24030,2,NA,NA,NA
24031,1,NA,NA,NA
24031,2,NA,NA,NA
24032,1,NA,NA,NA
24032,2,0,0,0
24033,1,NA,NA,NA
24033,2,NA,NA,NA
24034,1,NA,NA,NA
24034,2,NA,NA,NA
24035,1,312,0,0
24035,2,444,0,0
24036,1,0,0,0
24036,2,0,0,0
24037,1,39,0,0
24037,2,14,0,0
24038,1,9,0,0
24038,2,10,0,0
24039,1,0,0,0
24039,2,0,0,0
24040,1,0,0,0
24040,2,5,0,0
24041,1,NA,NA,NA
24041,2,4,0,0
24042,1,NA,NA,NA
24042,2,NA,NA,NA
24043,1,NA,NA,NA
24043,2,0,0,0
24044,1,NA,NA,NA
24044,2,NA,NA,NA
24045,1,NA,NA,NA
24045,2,2,0,0
24046,1,NA,NA,NA
24046,2,1,0,0
24047,1,NA,NA,NA
24047,2,NA,NA,NA
24048,1,3,0,0
24048,2,4,0,0
24049,1,NA,NA,NA
24049,2,3,0,0
24050,1,NA,NA,NA
24050,2,0,0,0
24051,1,NA,NA,NA
24051,2,NA,NA,NA
24052,1,NA,NA,NA
24052,2,NA,NA,NA
24053,1,0,0,0
24053,2,0,0,0
24054,1,0,0,0
24054,2,0,0,0
24055,1,8,0,0
24055,2,12,1,0
24056,1,22,0,0
24056,2,12,0,0
24057,1,0,0,0
24057,2,0,0,0
24058,1,NA,NA,NA
24058,2,0,0,0
25001,1,0,0,0
25001,2,0,0,0
25002,1,NA,NA,NA
25002,2,NA,NA,NA
25003,1,NA,NA,NA
25003,2,NA,NA,NA
25004,1,NA,NA,NA
25004,2,NA,NA,NA
25005,1,NA,NA,NA
25005,2,NA,NA,NA
25006,1,0,0,0
25006,2,0,0,0
25007,1,NA,NA,NA
25007,2,NA,NA,NA
25008,1,0,0,0
25008,2,1,0,0
25009,1,0,0,0
25009,2,0,0,0
25010,1,0,0,0
25010,2,0,0,0
25011,1,0,0,0
25011,2,0,0,0
25012,1,0,0,0
25012,2,0,0,0
25013,1,NA,NA,NA
25013,2,1,0,0
25014,1,NA,NA,NA
25014,2,2,0,0
25015,1,NA,NA,NA
25015,2,NA,NA,NA
25016,1,NA,NA,NA
25016,2,NA,NA,NA
25017,1,NA,NA,NA
25017,2,NA,NA,NA
25018,1,2,0,0
25018,2,1,0,0
26001,1,NA,NA,NA
26001,2,NA,NA,NA
26002,1,0,0,0
26002,2,0,0,0
26003,1,NA,NA,NA
26003,2,NA,NA,NA
26004,1,4,0,0
26004,2,6,0,0
26005,1,NA,NA,NA
26005,2,NA,NA,NA
26006,1,NA,NA,NA
26006,2,0,0,0
26007,1,NA,NA,NA
26007,2,NA,NA,NA
26008,1,NA,NA,NA
26008,2,NA,NA,NA
26009,1,NA,NA,NA
26009,2,NA,NA,NA
26010,1,NA,NA,NA
26010,2,NA,NA,NA
26011,1,NA,NA,NA
26011,2,NA,NA,NA
26012,1,NA,NA,NA
26012,2,14,0,0
26013,1,NSS,NSS,NSS
26013,2,NSS,NSS,NSS
26014,1,NA,NA,NA
26014,2,NA,NA,NA
26015,1,NA,NA,NA
26015,2,NA,NA,NA
26016,1,0,0,0
26016,2,0,0,0
26017,1,0,0,0
26017,2,0,0,0
26018,1,0,0,0
26018,2,0,0,0
26019,1,NA,NA,NA
26019,2,NA,NA,NA
26020,1,NA,NA,NA
26020,2,2,0,0
26021,1,NA,NA,NA
26021,2,NA,NA,NA
26022,1,NA,NA,NA
26022,2,NA,NA,NA
26023,1,NA,NA,NA
26023,2,NA,NA,NA
26024,1,NA,NA,NA
26024,2,NA,NA,NA
26025,1,NA,NA,NA
26025,2,983,0,0
26026,1,90,0,0
26026,2,110,0,0
26027,1,2,0,0
26027,2,16,0,0
26028,1,NA,NA,NA
26028,2,NA,NA,NA
26029,1,160,0,0
26029,2,240,0,0
26030,1,0,0,0
26030,2,0,0,0
26031,1,NA,NA,NA
26031,2,NA,NA,NA
26032,1,NA,NA,NA
26032,2,NA,NA,NA
26033,1,36,0,0
26033,2,36,0,0
26034,1,NA,NA,NA
26034,2,NA,NA,NA
26035,1,0,0,0
26035,2,0,0,0
26036,1,0,0,0
26036,2,0,0,0
26037,1,NA,NA,NA
26037,2,NA,NA,NA
26038,1,NA,NA,NA
26038,2,NA,NA,NA
26039,1,NA,NA,NA
26039,2,NA,NA,NA
26040,1,NA,NA,NA
26040,2,NA,NA,NA
26041,1,NA,NA,NA
26041,2,NA,NA,NA
26042,1,NA,NA,NA
26042,2,0,0,0
26043,1,210,0,0
26043,2,530,0,0
26044,1,NA,NA,NA
26044,2,NA,NA,NA
26045,1,NA,NA,NA
26045,2,0,0,0
26046,1,NA,NA,NA
26046,2,NA,NA,NA
26047,1,NA,NA,NA
26047,2,0,0,0
26048,1,NA,NA,NA
26048,2,45,0,0
26049,1,NA,NA,NA
26049,2,NA,NA,NA
26050,1,NA,NA,NA
26050,2,1,0,0
26051,1,NA,NA,NA
26051,2,NA,NA,NA
26052,1,NA,NA,NA
26052,2,NA,NA,NA
26053,1,NA,NA,NA
26053,2,NA,NA,NA
26054,1,NA,NA,NA
26054,2,NA,NA,NA
26055,1,NA,NA,NA
26055,2,100,0,0
26056,1,NA,NA,NA
26056,2,NA,NA,NA
26057,1,NA,NA,NA
26057,2,0,0,0
26058,1,0,0,0
26058,2,0,0,0
26059,1,NA,NA,NA
26059,2,NA,NA,NA
26060,1,NA,NA,NA
26060,2,NA,NA,NA
26061,1,NA,NA,NA
26061,2,5,0,0
26062,1,NA,NA,NA
26062,2,NA,NA,NA
26063,1,NA,NA,NA
26063,2,NA,NA,NA
26064,1,NA,NA,NA
26064,2,NA,NA,NA
26065,1,NA,NA,NA
26065,2,NA,NA,NA
26066,1,0,0,0
26066,2,0,0,0
26067,1,1,0,0
26067,2,NA,NA,NA
26068,1,NSS,NSS,NSS
26068,2,NA,NA,NA
26069,1,0,0,0
26069,2,NA,NA,NA
26070,1,NA,NA,NA
26070,2,5,0,0
26071,1,NA,NA,NA
26071,2,NA,NA,NA
26072,1,NA,NA,NA
26072,2,NA,NA,NA
27001,1,0,0,0
27001,2,0,0,0
27002,1,99,0,0
27002,2,75,0,0
27003,1,0,0,0
27003,2,0,0,0
27004,1,NA,NA,NA
27004,2,NA,NA,NA
27005,1,0,0,0
27005,2,0,0,0
27006,1,41,0,0
27006,2,74,0,0
27007,1,0,0,0
27007,2,0,0,0
27008,1,66,0,0
27008,2,98,0,0
27009,1,68,0,0
27009,2,134,0,0
27010,1,45,0,0
27010,2,35,0,0
27011,1,NA,NA,NA
27011,2,NA,NA,NA
27012,1,40,0,0
27012,2,10,0,0
27013,1,22,0,0
27013,2,48,0,0
27014,1,27,0,0
27014,2,52,0,0
27015,1,83,0,0
27015,2,50,0,0
27016,1,0,0,0
27016,2,0,0,0
27017,1,74,0,0
27017,2,56,0,0
28001,1,NA,NA,NA
28001,2,NA,NA,NA
28002,1,NA,NA,NA
28002,2,NA,NA,NA
28003,1,NA,NA,NA
28003,2,NA,NA,NA
28004,1,NA,NA,NA
28004,2,NA,NA,NA
28005,1,NA,NA,NA
28005,2,NA,NA,NA
28006,1,NA,NA,NA
28006,2,NA,NA,NA
28007,1,NA,NA,NA
28007,2,NA,NA,NA
28008,1,NA,NA,NA
28008,2,NA,NA,NA
28009,1,NA,NA,NA
28009,2,NA,NA,NA
28010,1,NA,NA,NA
28010,2,NA,NA,NA
28011,1,NA,NA,NA
28011,2,NA,NA,NA
28012,1,NA,NA,NA
28012,2,NA,NA,NA
28013,1,NA,NA,NA
28013,2,NA,NA,NA
28014,1,NA,NA,NA
28014,2,NA,NA,NA
28015,1,NA,NA,NA
28015,2,NA,NA,NA
28016,1,NA,NA,NA
28016,2,NA,NA,NA
28017,1,NA,NA,NA
28017,2,NA,NA,NA
28018,1,NA,NA,NA
28018,2,NA,NA,NA
28019,1,NA,NA,NA
28019,2,NA,NA,NA
28020,1,NA,NA,NA
28020,2,NA,NA,NA
28021,1,NA,NA,NA
28021,2,NA,NA,NA
28022,1,NA,NA,NA
28022,2,NA,NA,NA
28023,1,NA,NA,NA
28023,2,NA,NA,NA
28024,1,NA,NA,NA
28024,2,NA,NA,NA
28025,1,NA,NA,NA
28025,2,NA,NA,NA
28026,1,NA,NA,NA
28026,2,NA,NA,NA
28027,1,NA,NA,NA
28027,2,NA,NA,NA
28028,1,NA,NA,NA
28028,2,NA,NA,NA
28029,1,NA,NA,NA
28029,2,NA,NA,NA
28030,1,NA,NA,NA
28030,2,NA,NA,NA
28031,1,NA,NA,NA
28031,2,NA,NA,NA
28032,1,NA,NA,NA
28032,2,NA,NA,NA
28033,1,NA,NA,NA
28033,2,NA,NA,NA
28034,1,NA,NA,NA
28034,2,NA,NA,NA
28035,1,NA,NA,NA
28035,2,NA,NA,NA
28036,1,NA,NA,NA
28036,2,NA,NA,NA
28037,1,NA,NA,NA
28037,2,NA,NA,NA
28038,1,NA,NA,NA
28038,2,NA,NA,NA
28039,1,NA,NA,NA
28039,2,NA,NA,NA
28040,1,NA,NA,NA
28040,2,NA,NA,NA
28041,1,NA,NA,NA
28041,2,NA,NA,NA
28042,1,NA,NA,NA
28042,2,NA,NA,NA
28043,1,NA,NA,NA
28043,2,NA,NA,NA
29001,1,NA,NA,NA
29001,2,12,0,0
29002,1,NA,NA,NA
29002,2,40,0,0
29003,1,2,0,0
29003,2,3,0,0
29004,1,2,0,0
29004,2,2,0,0
29005,1,5,0,0
29005,2,8,0,0
29006,1,3,3,0
29006,2,0,0,0
29007,1,0,0,0
29007,2,0,0,0
29008,1,NA,NA,NA
29008,2,3,0,0
29009,1,1,0,0
29009,2,3,0,0
29010,1,19,4,0
29010,2,25,5,0
29011,1,NA,NA,NA
29011,2,NA,NA,NA
29012,1,NA,NA,NA
29012,2,NA,NA,NA
29013,1,53,0,0
29013,2,241,0,0
29014,1,NA,NA,NA
29014,2,NA,NA,NA
29015,1,7,0,0
29015,2,38,0,0
29016,1,NA,NA,NA
29016,2,2,0,0
29017,1,NA,NA,NA
29017,2,NA,NA,NA
29018,1,5,0,0
29018,2,4,0,0
29019,1,5,0,0
29019,2,22,0,0
29020,1,2,0,0
29020,2,9,0,0
29021,1,13,0,0
29021,2,20,0,0
29022,1,NA,NA,NA
29022,2,0,0,0
29023,1,0,0,0
29023,2,0,0,0
29024,1,NA,NA,NA
29024,2,NA,NA,NA
29025,1,49,0,0
29025,2,26,0,0
29026,1,9,0,0
29026,2,41,0,0
29027,1,7,0,0
29027,2,NA,NA,NA
29028,1,8,0,0
29028,2,12,0,0
29029,1,0,0,0
29029,2,0,0,0
29030,1,NA,NA,NA
29030,2,NA,NA,NA
29031,1,49,0,0
29031,2,29,0,0
29032,1,NA,NA,NA
29032,2,3,0,0
29033,1,95,0,0
29033,2,118,0,0
29034,1,NA,NA,NA
29034,2,0,0,0
29035,1,NA,NA,NA
29035,2,2,2,0
29036,1,17,0,0
29036,2,40,0,0
29037,1,NA,NA,NA
29037,2,NA,NA,NA
29038,1,0,0,0
29038,2,0,0,0
29039,1,NA,NA,NA
29039,2,6,0,0
29040,1,NA,NA,NA
29040,2,NA,NA,NA
29041,1,NA,NA,NA
29041,2,56,0,0
29042,1,NA,NA,NA
29042,2,NA,NA,NA
29043,1,0,0,0
29043,2,0,0,0
29044,1,NA,NA,NA
29044,2,17,0,0
29045,1,NA,NA,NA
29045,2,NA,NA,NA
29046,1,1,0,0
29046,2,1,0,0
29047,1,NA,NA,NA
29047,2,NA,NA,NA
29048,1,NA,NA,NA
29048,2,0,0,0
29049,1,NA,NA,NA
29049,2,5,0,0
29050,1,0,0,0
29050,2,0,0,0
29051,1,1,0,0
29051,2,12,0,0
29052,1,NA,NA,NA
29052,2,NA,NA,NA
29053,1,0,0,0
29053,2,0,0,0
29054,1,NA,NA,NA
29054,2,4,0,0
29055,1,NSS,NSS,NSS
29055,2,NSS,NSS,NSS
29056,1,NA,NA,NA
29056,2,3,0,0
29057,1,NA,NA,NA
29057,2,0,0,0
29058,1,4,0,0
29058,2,11,0,0
29059,1,NA,NA,NA
29059,2,NA,NA,NA
29060,1,0,0,0
29060,2,0,0,0
30001,1,NSS,NSS,NSS
30001,2,0,0,0
30002,1,NSS,NSS,NSS
30002,2,NA,NA,NA
30003,1,NSS,NSS,NSS
30003,2,0,0,0
30004,1,NA,NA,NA
30004,2,1,0,0
30005,1,NA,NA,NA
30005,2,NA,NA,NA
30006,1,NSS,NSS,NSS
30006,2,NSS,NSS,NSS
30007,1,NA,NA,NA
30007,2,NA,NA,NA
30008,1,NA,NA,NA
30008,2,0,0,0
30009,1,NA,NA,NA
30009,2,0,0,0
30010,1,NA,NA,NA
30010,2,97,0,0
30011,1,NA,NA,NA
30011,2,NA,NA,NA
30012,1,NSS,NSS,NSS
30012,2,0,0,0
30013,1,NA,NA,NA
30013,2,NA,NA,NA
30014,1,NSS,NSS,NSS
30014,2,NSS,NSS,NSS
30015,1,NSS,NSS,NSS
30015,2,0,0,0
30016,1,NA,NA,NA
30016,2,NA,NA,NA
30017,1,NA,NA,NA
30017,2,NA,NA,NA
30018,1,NA,NA,NA
30018,2,NA,NA,NA
30019,1,NA,NA,NA
30019,2,NA,NA,NA
30020,1,NSS,NSS,NSS
30020,2,NA,NA,NA
30021,1,3,0,0
30021,2,2,0,0
30022,1,NA,NA,NA
30022,2,NA,NA,NA
30023,1,NA,NA,NA
30023,2,1,0,0
30024,1,NSS,NSS,NSS
30024,2,3,0,0
30025,1,NSS,NSS,NSS
30025,2,0,0,0
30026,1,NA,NA,NA
30026,2,NA,NA,NA
30027,1,NSS,NSS,NSS
30027,2,0,0,0
30028,1,NSS,NSS,NSS
30028,2,NA,NA,NA
30029,1,NA,NA,NA
30029,2,0,0,0
30030,1,NA,NA,NA
30030,2,NA,NA,NA
30031,1,0,0,0
30031,2,0,0,0
30032,1,7,0,0
30032,2,6,0,0
30033,1,0,0,0
30033,2,0,0,0
30034,1,NA,NA,NA
30034,2,NA,NA,NA
30035,1,NA,NA,NA
30035,2,NA,NA,NA
30036,1,NSS,NSS,NSS
30036,2,NA,NA,NA
30037,1,NA,NA,NA
30037,2,NA,NA,NA
30038,1,NA,NA,NA
30038,2,0,0,0
30039,1,140,0,0
30039,2,59,0,0
30040,1,NA,NA,NA
30040,2,NA,NA,NA
30041,1,NSS,NSS,NSS
30041,2,NA,NA,NA
30042,1,NA,NA,NA
30042,2,NA,NA,NA
30043,1,NSS,NSS,NSS
30043,2,NA,NA,NA
30044,1,NSS,NSS,NSS
30044,2,NA,NA,NA
30045,1,NA,NA,NA
30045,2,NA,NA,NA
30046,1,NSS,NSS,NSS
30046,2,NA,NA,NA
30047,1,NA,NA,NA
30047,2,NA,NA,NA
30048,1,NSS,NSS,NSS
30048,2,0,0,0
30049,1,NA,NA,NA
30049,2,1,0,0
30050,1,NA,NA,NA
30050,2,NSS,NSS,NSS
30051,1,0,0,0
30051,2,NA,NA,NA
30052,1,NSS,NSS,NSS
30052,2,NA,NA,NA
30053,1,NSS,NSS,NSS
30053,2,2,0,0
30054,1,7,0,0
30054,2,NA,NA,NA
30055,1,NSS,NSS,NSS
30055,2,0,0,0
30056,1,NA,NA,NA
30056,2,NA,NA,NA
30057,1,NSS,NSS,NSS
30057,2,0,0,0
30058,1,NSS,NSS,NSS
30058,2,NA,NA,NA
30059,1,NA,NA,NA
30059,2,NA,NA,NA
30060,1,NSS,NSS,NSS
30060,2,NA,NA,NA
30061,1,NSS,NSS,NSS
30061,2,24,0,0
30062,1,NSS,NSS,NSS
30062,2,0,0,0
30063,1,NA,NA,NA
30063,2,NA,NA,NA
30064,1,NSS,NSS,NSS
30064,2,NA,NA,NA
30065,1,NA,NA,NA
30065,2,NA,NA,NA
30066,1,NA,NA,NA
30066,2,0,0,0
30067,1,NA,NA,NA
30067,2,NA,NA,NA
30068,1,NSS,NSS,NSS
30068,2,NSS,NSS,NSS
30069,1,NSS,NSS,NSS
30069,2,0,0,0
30070,1,NSS,NSS,NSS
30070,2,0,0,0
30071,1,NSS,NSS,NSS
30071,2,0,0,0
30072,1,0,0,0
30072,2,0,0,0
30073,1,1,0,0
30073,2,3,0,0
30074,1,NSS,NSS,NSS
30074,2,NSS,NSS,NSS
30075,1,NSS,NSS,NSS
30075,2,NSS,NSS,NSS
30076,1,NSS,NSS,NSS
30076,2,NA,NA,NA
30077,1,0,0,0
30077,2,0,0,0
30078,1,NA,NA,NA
30078,2,NA,NA,NA
30079,1,NA,NA,NA
30079,2,NA,NA,NA
30080,1,NA,NA,NA
30080,2,0,0,0
30081,1,NSS,NSS,NSS
30081,2,NA,NA,NA
30082,1,NSS,NSS,NSS
30082,2,NSS,NSS,NSS
30083,1,NSS,NSS,NSS
30083,2,0,0,0
30084,1,NA,NA,NA
30084,2,NA,NA,NA
30085,1,NA,NA,NA
30085,2,0,0,0
30086,1,NSS,NSS,NSS
30086,2,4,0,0
30087,1,220,0,0
30087,2,502,0,0
30088,1,NA,NA,NA
30088,2,NA,NA,NA
30089,1,0,0,0
30089,2,0,0,0
30090,1,NA,NA,NA
30090,2,NA,NA,NA
30091,1,NA,NA,NA
30091,2,NA,NA,NA
30092,1,NSS,NSS,NSS
30092,2,NSS,NSS,NSS
30093,1,NSS,NSS,NSS
30093,2,NSS,NSS,NSS
30094,1,0,0,0
30094,2,0,0,0
30095,1,NA,NA,NA
30095,2,NA,NA,NA
30096,1,NSS,NSS,NSS
30096,2,NA,NA,NA
30097,1,NA,NA,NA
30097,2,NA,NA,NA
30098,1,NA,NA,NA
30098,2,NA,NA,NA
30099,1,NSS,NSS,NSS
30099,2,NSS,NSS,NSS
30100,1,NA,NA,NA
30100,2,0,0,0
30101,1,NSS,NSS,NSS
30101,2,0,0,0
30102,1,0,0,0
30102,2,0,0,0
30103,1,NSS,NSS,NSS
30103,2,NA,NA,NA
30104,1,NA,NA,NA
30104,2,2,0,0
30105,1,NSS,NSS,NSS
30105,2,NSS,NSS,NSS
30106,1,NSS,NSS,NSS
30106,2,NA,NA,NA
30107,1,NA,NA,NA
30107,2,NA,NA,NA
30108,1,226,0,0
30108,2,271,0,0
30109,1,NA,NA,NA
30109,2,NA,NA,NA
30110,1,NA,NA,NA
30110,2,NA,NA,NA
30111,1,NA,NA,NA
30111,2,0,0,0
30112,1,NA,NA,NA
30112,2,NA,NA,NA
30113,1,NSS,NSS,NSS
30113,2,0,0,0
30114,1,NA,NA,NA
30114,2,20,0,0
30115,1,NSS,NSS,NSS
30115,2,NSS,NSS,NSS
30116,1,NA,NA,NA
30116,2,NA,NA,NA
30117,1,NSS,NSS,NSS
30117,2,NA,NA,NA
30118,1,0,0,0
30118,2,0,0,0
30119,1,NSS,NSS,NSS
30119,2,NSS,NSS,NSS
30120,1,NSS,NSS,NSS
30120,2,0,0,0
30121,1,NA,NA,NA
30121,2,0,0,0
30122,1,NA,NA,NA
30122,2,NA,NA,NA
30123,1,NSS,NSS,NSS
30123,2,NA,NA,NA
30124,1,0,0,0
30124,2,0,0,0
30125,1,NSS,NSS,NSS
30125,2,NSS,NSS,NSS
30126,1,NSS,NSS,NSS
30126,2,0,0,0
30127,1,NSS,NSS,NSS
30127,2,0,0,0
30128,1,40,0,0
30128,2,40,0,0
30129,1,0,0,0
30129,2,0,0,0
30130,1,NA,NA,NA
30130,2,0,0,0
30131,1,17,0,0
30131,2,45,0,0
30132,1,NA,NA,NA
30132,2,NA,NA,NA
30133,1,NA,NA,NA
30133,2,NA,NA,NA
30134,1,NSS,NSS,NSS
30134,2,NA,NA,NA
30135,1,NA,NA,NA
30135,2,0,0,0
30136,1,NSS,NSS,NSS
30136,2,0,0,0
30137,1,NA,NA,NA
30137,2,NA,NA,NA
30138,1,NSS,NSS,NSS
30138,2,NSS,NSS,NSS
30139,1,1,0,0
30139,2,2,0,0
30140,1,NSS,NSS,NSS
30140,2,NA,NA,NA
30141,1,NA,NA,NA
30141,2,NA,NA,NA
30142,1,NA,NA,NA
30142,2,NA,NA,NA
30143,1,NSS,NSS,NSS
30143,2,NA,NA,NA
30144,1,NSS,NSS,NSS
30144,2,NSS,NSS,NSS
30145,1,NSS,NSS,NSS
30145,2,NA,NA,NA
30146,1,NSS,NSS,NSS
30146,2,NA,NA,NA
30147,1,NSS,NSS,NSS
30147,2,NSS,NSS,NSS
30148,1,NA,NA,NA
30148,2,NA,NA,NA
30149,1,NA,NA,NA
30149,2,1,0,0
30150,1,NSS,NSS,NSS
30150,2,0,0,0
30151,1,NA,NA,NA
30151,2,NA,NA,NA
30152,1,NA,NA,NA
30152,2,NA,NA,NA
30153,1,NA,NA,NA
30153,2,0,0,0
30154,1,0,0,0
30154,2,0,0,0
30155,1,NSS,NSS,NSS
30155,2,NA,NA,NA
30156,1,NSS,NSS,NSS
30156,2,NA,NA,NA
30157,1,NSS,NSS,NSS
30157,2,0,0,0
30158,1,NSS,NSS,NSS
30158,2,1,0,0
30159,1,NSS,NSS,NSS
30159,2,NA,NA,NA
30160,1,0,0,0
30160,2,0,0,0
30161,1,NA,NA,NA
30161,2,0,0,0
30162,1,NSS,NSS,NSS
30162,2,NA,NA,NA
30163,1,NA,NA,NA
30163,2,0,0,0
30164,1,NSS,NSS,NSS
30164,2,7,0,1
30165,1,NSS,NSS,NSS
30165,2,0,0,0
30166,1,NSS,NSS,NSS
30166,2,NA,NA,NA
30167,1,NSS,NSS,NSS
30167,2,NA,NA,NA
30168,1,NA,NA,NA
30168,2,NA,NA,NA
30169,1,NSS,NSS,NSS
30169,2,NSS,NSS,NSS
30170,1,NA,NA,NA
30170,2,NA,NA,NA
30171,1,NA,NA,NA
30171,2,NA,NA,NA
30172,1,NSS,NSS,NSS
30172,2,0,0,0
30173,1,NSS,NSS,NSS
30173,2,0,0,0
30174,1,NSS,NSS,NSS
30174,2,0,0,0
30175,1,NA,NA,NA
30175,2,NA,NA,NA
30176,1,NA,NA,NA
30176,2,NA,NA,NA
30177,1,NA,NA,NA
30177,2,2,0,0
30178,1,NA,NA,NA
30178,2,NA,NA,NA
30179,1,NA,NA,NA
30179,2,NA,NA,NA
30180,1,NA,NA,NA
30180,2,NA,NA,NA
30181,1,7,0,0
30181,2,9,0,0
30182,1,NSS,NSS,NSS
30182,2,NSS,NSS,NSS
30183,1,NA,NA,NA
30183,2,44,0,0
30184,1,NA,NA,NA
30184,2,NA,NA,NA
30185,1,NA,NA,NA
30185,2,NA,NA,NA
30186,1,NSS,NSS,NSS
30186,2,0,0,0
30187,1,NSS,NSS,NSS
30187,2,1,0,0
30188,1,NSS,NSS,NSS
30188,2,NA,NA,NA
30189,1,NSS,NSS,NSS
30189,2,0,0,0
30190,1,NA,NA,NA
30190,2,NA,NA,NA
30191,1,NSS,NSS,NSS
30191,2,NSS,NSS,NSS
30192,1,NSS,NSS,NSS
30192,2,NA,NA,NA
30193,1,NSS,NSS,NSS
30193,2,NSS,NSS,NSS
30194,1,NA,NA,NA
30194,2,0,0,0
30195,1,NA,NA,NA
30195,2,NA,NA,NA
30196,1,NA,NA,NA
30196,2,0,0,0
30197,1,NA,NA,NA
30197,2,NA,NA,NA
30198,1,NA,NA,NA
30198,2,NA,NA,NA
30199,1,NA,NA,NA
30199,2,3,0,0
30200,1,NSS,NSS,NSS
30200,2,0,0,0
30201,1,NSS,NSS,NSS
30201,2,0,0,0
30202,1,NA,NA,NA
30202,2,NA,NA,NA
30203,1,NA,NA,NA
30203,2,0,0,0
30204,1,NA,NA,NA
30204,2,NA,NA,NA
30205,1,NA,NA,NA
30205,2,NA,NA,NA
30206,1,NA,NA,NA
30206,2,NA,NA,NA
30207,1,NA,NA,NA
30207,2,6,0,0
30208,1,NA,NA,NA
30208,2,NA,NA,NA
30209,1,NA,NA,NA
30209,2,NA,NA,NA
30210,1,NA,NA,NA
30210,2,NA,NA,NA
30211,1,NA,NA,NA
30211,2,NA,NA,NA
30212,1,NA,NA,NA
30212,2,2,0,0
31001,1,NA,NA,NA
31001,2,NA,NA,NA
31002,1,NA,NA,NA
31002,2,0,0,0
31003,1,0,0,0
31003,2,0,0,0
31004,1,NA,NA,NA
31004,2,0,0,0
31005,1,NA,NA,NA
31005,2,NA,NA,NA
31006,1,NA,NA,NA
31006,2,NA,NA,NA
31007,1,NSS,NSS,NSS
31007,2,0,0,0
31008,1,NA,NA,NA
31008,2,NA,NA,NA
31009,1,NA,NA,NA
31009,2,0,0,0
31010,1,NA,NA,NA
31010,2,NA,NA,NA
31011,1,1,0,0
31011,2,2,0,0
31012,1,NA,NA,NA
31012,2,NA,NA,NA
31013,1,NA,NA,NA
31013,2,0,0,0
31014,1,NA,NA,NA
31014,2,NA,NA,NA
31015,1,NA,NA,NA
31015,2,1,0,0
31016,1,NA,NA,NA
31016,2,0,0,0
31017,1,NA,NA,NA
31017,2,NA,NA,NA
31018,1,NA,NA,NA
31018,2,0,0,0
31019,1,0,0,0
31019,2,NA,NA,NA
31020,1,NA,NA,NA
31020,2,NA,NA,NA
31021,1,NA,NA,NA
31021,2,1,0,0
31022,1,NA,NA,NA
31022,2,NA,NA,NA
31023,1,NA,NA,NA
31023,2,NA,NA,NA
31024,1,NA,NA,NA
31024,2,NA,NA,NA
31025,1,NA,NA,NA
31025,2,0,0,0
31026,1,NA,NA,NA
31026,2,3,0,0
31027,1,0,0,0
31027,2,0,0,0
31028,1,NA,NA,NA
31028,2,NA,NA,NA
31029,1,1,0,0
31029,2,NA,NA,NA
31030,1,NA,NA,NA
31030,2,NA,NA,NA
31031,1,0,0,0
31031,2,NA,NA,NA
31032,1,NA,NA,NA
31032,2,0,0,0
31033,1,0,0,0
31033,2,0,0,0
31034,1,NA,NA,NA
31034,2,0,0,0
31035,1,NA,NA,NA
31035,2,1,0,0
31036,1,NA,NA,NA
31036,2,NA,NA,NA
31037,1,NA,NA,NA
31037,2,2,0,0
31038,1,0,0,0
31038,2,0,0,0
31039,1,NA,NA,NA
31039,2,1,0,0
31040,1,3,0,0
31040,2,2,0,0
31041,1,30,0,0
31041,2,61,0,0
31042,1,NA,NA,NA
31042,2,NA,NA,NA
31043,1,NA,NA,NA
31043,2,NA,NA,NA
31044,1,NSS,NSS,NSS
31044,2,NA,NA,NA
31045,1,NA,NA,NA
31045,2,NA,NA,NA
31046,1,0,0,0
31046,2,0,0,0
31047,1,NA,NA,NA
31047,2,0,0,0
31048,1,NA,NA,NA
31048,2,0,0,0
31049,1,NA,NA,NA
31049,2,NA,NA,NA
31050,1,71,0,0
31050,2,108,0,0
31051,1,NA,NA,NA
31051,2,NA,NA,NA
31052,1,47,0,0
31052,2,56,0,0
31053,1,NA,NA,NA
31053,2,6,0,0
31054,1,NA,NA,NA
31054,2,NA,NA,NA
31055,1,NA,NA,NA
31055,2,0,0,0
31056,1,0,0,0
31056,2,5,0,0
31057,1,NA,NA,NA
31057,2,NA,NA,NA
31058,1,NSS,NSS,NSS
31058,2,0,0,0
31059,1,0,0,0
31059,2,0,0,0
31060,1,NA,NA,NA
31060,2,NA,NA,NA
31061,1,NA,NA,NA
31061,2,NA,NA,NA
31062,1,0,0,0
31062,2,NA,NA,NA
31063,1,0,0,0
31063,2,2,0,0
31064,1,NA,NA,NA
31064,2,NA,NA,NA
31065,1,NA,NA,NA
31065,2,NA,NA,NA
31066,1,NA,NA,NA
31066,2,NA,NA,NA
31067,1,NA,NA,NA
31067,2,NA,NA,NA
31068,1,NA,NA,NA
31068,2,NA,NA,NA
31069,1,NA,NA,NA
31069,2,NA,NA,NA
31070,1,NA,NA,NA
31070,2,0,0,0
31071,1,NA,NA,NA
31071,2,NA,NA,NA
31072,1,NA,NA,NA
31072,2,NA,NA,NA
31073,1,NA,NA,NA
31073,2,NA,NA,NA
31074,1,NA,NA,NA
31074,2,NA,NA,NA
31075,1,NA,NA,NA
31075,2,NA,NA,NA
31076,1,NA,NA,NA
31076,2,2,0,0
31077,1,NA,NA,NA
31077,2,NA,NA,NA
31078,1,0,0,0
31078,2,0,0,0
31079,1,0,0,0
31079,2,0,0,0
31080,1,0,0,0
31080,2,NA,NA,NA
31081,1,NA,NA,NA
31081,2,NA,NA,NA
31082,1,0,0,0
31082,2,0,0,0
31083,1,NA,NA,NA
31083,2,NA,NA,NA
31084,1,NA,NA,NA
31084,2,NA,NA,NA
31085,1,NA,NA,NA
31085,2,NA,NA,NA
31086,1,0,0,0
31086,2,NA,NA,NA
31087,1,0,0,0
31087,2,0,0,0
31088,1,NA,NA,NA
31088,2,NA,NA,NA
31089,1,0,0,0
31089,2,0,0,0
31090,1,NA,NA,NA
31090,2,NA,NA,NA
31091,1,NA,NA,NA
31091,2,0,0,0
31092,1,NA,NA,NA
31092,2,NA,NA,NA
31093,1,0,0,0
31093,2,0,0,0
31094,1,NA,NA,NA
31094,2,NA,NA,NA
31095,1,NA,NA,NA
31095,2,0,0,0
31096,1,51,0,0
31096,2,136,0,0
31097,1,NA,NA,NA
31097,2,NA,NA,NA
31098,1,NA,NA,NA
31098,2,1,0,0
31099,1,NA,NA,NA
31099,2,NA,NA,NA
31100,1,NA,NA,NA
31100,2,NA,NA,NA
31101,1,0,0,0
31101,2,0,0,0
31102,1,7,0,0
31102,2,4,0,0
31103,1,NA,NA,NA
31103,2,0,0,0
31104,1,0,0,0
31104,2,NA,NA,NA
31105,1,NA,NA,NA
31105,2,NA,NA,NA
31106,1,NA,NA,NA
31106,2,NA,NA,NA
32001,1,NA,NA,NA
32001,2,NA,NA,NA
32002,1,NA,NA,NA
32002,2,NA,NA,NA
32003,1,NA,NA,NA
32003,2,NA,NA,NA
32004,1,NA,NA,NA
32004,2,NA,NA,NA
32005,1,11,0,0
32005,2,9,0,0
32006,1,NA,NA,NA
32006,2,NA,NA,NA
32007,1,NA,NA,NA
32007,2,NA,NA,NA
32008,1,NA,NA,NA
32008,2,3,0,0
32009,1,NA,NA,NA
32009,2,NA,NA,NA
32010,1,NSS,NSS,NSS
32010,2,NSS,NSS,NSS
32011,1,NA,NA,NA
32011,2,0,0,0
32012,1,NA,NA,NA
32012,2,NA,NA,NA
32013,1,NA,NA,NA
32013,2,NA,NA,NA
32014,1,NA,NA,NA
32014,2,NA,NA,NA
32015,1,NA,NA,NA
32015,2,NA,NA,NA
32016,1,NA,NA,NA
32016,2,0,0,0
32017,1,0,0,0
32017,2,0,0,0
32018,1,NA,NA,NA
32018,2,NA,NA,NA
32019,1,NA,NA,NA
32019,2,NA,NA,NA
32020,1,0,0,0
32020,2,0,0,0
32021,1,NA,NA,NA
32021,2,NA,NA,NA
32022,1,NA,NA,NA
32022,2,NA,NA,NA
32023,1,3,0,0
32023,2,4,0,0
32024,1,0,0,0
32024,2,1,0,0
32025,1,NA,NA,NA
32025,2,NA,NA,NA
32026,1,NA,NA,NA
32026,2,NA,NA,NA
32027,1,NA,NA,NA
32027,2,NA,NA,NA
32028,1,NA,NA,NA
32028,2,NA,NA,NA
32029,1,NA,NA,NA
32029,2,NA,NA,NA
32030,1,0,0,0
32030,2,0,0,0
32031,1,NA,NA,NA
32031,2,NA,NA,NA
32032,1,NA,NA,NA
32032,2,0,0,0
32033,1,NA,NA,NA
32033,2,NA,NA,NA
32034,1,NSS,NSS,NSS
32034,2,NSS,NSS,NSS
32035,1,0,0,0
32035,2,0,0,0
32036,1,10,0,0
32036,2,15,0,0
32037,1,0,0,0
32037,2,0,0,0
32038,1,NA,NA,NA
32038,2,8,0,0
32039,1,NA,NA,NA
32039,2,NA,NA,NA
32040,1,NA,NA,NA
32040,2,NA,NA,NA
32041,1,NA,NA,NA
32041,2,NA,NA,NA
32042,1,3,0,0
32042,2,4,0,0
32043,1,NA,NA,NA
32043,2,NA,NA,NA
32044,1,NA,NA,NA
32044,2,0,0,0
32045,1,NA,NA,NA
32045,2,NA,NA,NA
32046,1,NA,NA,NA
32046,2,0,0,0
32047,1,0,0,0
32047,2,0,0,0
32048,1,0,0,0
32048,2,0,0,0
32049,1,NSS,NSS,NSS
32049,2,NSS,NSS,NSS
32050,1,NA,NA,NA
32050,2,0,0,0
32051,1,NA,NA,NA
32051,2,NA,NA,NA
32052,1,NA,NA,NA
32052,2,NA,NA,NA
32053,1,NA,NA,NA
32053,2,1,0,0
32054,1,NA,NA,NA
32054,2,NA,NA,NA
32055,1,NA,NA,NA
32055,2,NA,NA,NA
32056,1,0,0,0
32056,2,0,0,0
32057,1,0,0,0
32057,2,0,0,0
32058,1,NA,NA,NA
32058,2,NA,NA,NA
