ubicageo_f,enfrentt,enfren1,enfren2,enfren3
1001,NA,NA,NA,NA
1002,NA,NA,NA,NA
1003,1,1,0,0
1004,NA,NA,NA,NA
1005,NA,NA,NA,NA
1006,NA,NA,NA,NA
1007,NA,NA,NA,NA
1008,NA,NA,NA,NA
1009,NA,NA,NA,NA
1010,NA,NA,NA,NA
1011,NA,NA,NA,NA
2001,NA,NA,NA,NA
2002,15,15,0,0
2003,1,1,0,0
2004,22,22,0,0
2005,1,1,0,0
2006,NA,NA,NA,NA
2007,1,1,0,0
3001,NA,NA,NA,NA
3002,NA,NA,NA,NA
3003,NA,NA,NA,NA
3008,NA,NA,NA,NA
3009,NA,NA,NA,NA
4001,NA,NA,NA,NA
4002,NA,NA,NA,NA
4003,2,2,0,0
4004,NA,NA,NA,NA
4005,NA,NA,NA,NA
4006,NSS,NSS,NSS,NSS
4007,NA,NA,NA,NA
4008,NA,NA,NA,NA
4009,NA,NA,NA,NA
4010,NA,NA,NA,NA
4011,NA,NA,NA,NA
4012,NA,NA,NA,NA
4013,NA,NA,NA,NA
5001,NA,NA,NA,NA
5002,NA,NA,NA,NA
5003,NA,NA,NA,NA
5004,NA,NA,NA,NA
5005,NA,NA,NA,NA
5006,NA,NA,NA,NA
5007,NA,NA,NA,NA
5008,NA,NA,NA,NA
5009,NA,NA,NA,NA
5010,NA,NA,NA,NA
5011,NA,NA,NA,NA
5012,NA,NA,NA,NA
5013,NA,NA,NA,NA
5014,NA,NA,NA,NA
5015,NA,NA,NA,NA
5016,NA,NA,NA,NA
5017,NA,NA,NA,NA
5018,NA,NA,NA,NA
5019,NA,NA,NA,NA
5020,NA,NA,NA,NA
5021,NA,NA,NA,NA
5022,NA,NA,NA,NA
5023,NA,NA,NA,NA
5024,NA,NA,NA,NA
5025,NA,NA,NA,NA
5026,NA,NA,NA,NA
5027,NA,NA,NA,NA
5028,NA,NA,NA,NA
5029,NA,NA,NA,NA
5030,NA,NA,NA,NA
5031,1,0,1,0
5032,NA,NA,NA,NA
5033,NA,NA,NA,NA
5034,NA,NA,NA,NA
5035,NA,NA,NA,NA
5036,NA,NA,NA,NA
5037,1,1,0,0
5038,NA,NA,NA,NA
6001,1,1,0,0
6002,NA,NA,NA,NA
6003,NA,NA,NA,NA
6004,NA,NA,NA,NA
6005,NA,NA,NA,NA
6006,NA,NA,NA,NA
6007,NA,NA,NA,NA
6008,NA,NA,NA,NA
6009,1,1,0,0
6010,NA,NA,NA,NA
7001,NA,NA,NA,NA
7002,NA,NA,NA,NA
7003,NA,NA,NA,NA
7004,NA,NA,NA,NA
7005,NA,NA,NA,NA
7006,NA,NA,NA,NA
7007,NA,NA,NA,NA
7008,NA,NA,NA,NA
7009,NA,NA,NA,NA
7010,NA,NA,NA,NA
7011,NA,NA,NA,NA
7012,NA,NA,NA,NA
7013,NA,NA,NA,NA
7014,NA,NA,NA,NA
7015,NA,NA,NA,NA
7016,NA,NA,NA,NA
7017,NA,NA,NA,NA
7018,NA,NA,NA,NA
7019,NA,NA,NA,NA
7020,NA,NA,NA,NA
7021,NA,NA,NA,NA
7022,NA,NA,NA,NA
7023,NA,NA,NA,NA
7024,NA,NA,NA,NA
7025,NA,NA,NA,NA
7026,NA,NA,NA,NA
7027,NA,NA,NA,NA
7028,NA,NA,NA,NA
7029,NA,NA,NA,NA
7030,NA,NA,NA,NA
7031,NA,NA,NA,NA
7032,NA,NA,NA,NA
7033,NA,NA,NA,NA
7034,NA,NA,NA,NA
7035,NA,NA,NA,NA
7036,NA,NA,NA,NA
7037,NA,NA,NA,NA
7038,NA,NA,NA,NA
7039,NA,NA,NA,NA
7040,NA,NA,NA,NA
7041,NA,NA,NA,NA
7042,NA,NA,NA,NA
7043,NA,NA,NA,NA
7044,NA,NA,NA,NA
7045,NA,NA,NA,NA
7046,2,0,0,2
7047,NA,NA,NA,NA
7048,NA,NA,NA,NA
7049,NA,NA,NA,NA
7050,NA,NA,NA,NA
7051,NA,NA,NA,NA
7052,NA,NA,NA,NA
7053,NA,NA,NA,NA
7054,NA,NA,NA,NA
7055,NA,NA,NA,NA
7056,NA,NA,NA,NA
7057,NA,NA,NA,NA
7058,NA,NA,NA,NA
7059,NA,NA,NA,NA
7060,NA,NA,NA,NA
7061,NA,NA,NA,NA
7062,NA,NA,NA,NA
7063,NA,NA,NA,NA
7064,3,0,3,0
7065,NA,NA,NA,NA
7066,NA,NA,NA,NA
7067,NA,NA,NA,NA
7068,NA,NA,NA,NA
7069,NA,NA,NA,NA
7070,NA,NA,NA,NA
7071,NA,NA,NA,NA
7072,NA,NA,NA,NA
7073,NSS,NSS,NSS,NSS
7074,NA,NA,NA,NA
7075,NA,NA,NA,NA
7076,NA,NA,NA,NA
7077,NA,NA,NA,NA
7078,NA,NA,NA,NA
7079,NA,NA,NA,NA
7080,NA,NA,NA,NA
7081,NA,NA,NA,NA
7082,NA,NA,NA,NA
7083,NA,NA,NA,NA
7084,NA,NA,NA,NA
7085,NA,NA,NA,NA
7086,NA,NA,NA,NA
7087,NA,NA,NA,NA
7088,NA,NA,NA,NA
7089,NA,NA,NA,NA
7090,NA,NA,NA,NA
7091,NA,NA,NA,NA
7092,NA,NA,NA,NA
7093,NA,NA,NA,NA
7094,NA,NA,NA,NA
7096,NA,NA,NA,NA
7097,NA,NA,NA,NA
7098,NA,NA,NA,NA
7099,NA,NA,NA,NA
7100,NA,NA,NA,NA
7101,NA,NA,NA,NA
7102,NA,NA,NA,NA
7103,NA,NA,NA,NA
7104,NA,NA,NA,NA
7105,NA,NA,NA,NA
7106,NA,NA,NA,NA
7107,NA,NA,NA,NA
7108,NA,NA,NA,NA
7109,NA,NA,NA,NA
7110,NA,NA,NA,NA
7111,NA,NA,NA,NA
7112,NA,NA,NA,NA
7113,NA,NA,NA,NA
7114,NA,NA,NA,NA
7115,NA,NA,NA,NA
7116,NA,NA,NA,NA
7117,NA,NA,NA,NA
7118,NA,NA,NA,NA
7119,NA,NA,NA,NA
7120,NA,NA,NA,NA
7121,NA,NA,NA,NA
7122,NA,NA,NA,NA
7123,NA,NA,NA,NA
7124,NA,NA,NA,NA
7125,NA,NA,NA,NA
8001,NA,NA,NA,NA
8002,NA,NA,NA,NA
8003,NA,NA,NA,NA
8004,NA,NA,NA,NA
8005,NA,NA,NA,NA
8006,NA,NA,NA,NA
8007,NA,NA,NA,NA
8008,NA,NA,NA,NA
8009,NA,NA,NA,NA
8010,NA,NA,NA,NA
8011,NA,NA,NA,NA
8012,NA,NA,NA,NA
8013,NA,NA,NA,NA
8014,NA,NA,NA,NA
8015,NA,NA,NA,NA
8016,NA,NA,NA,NA
8017,NA,NA,NA,NA
8018,NA,NA,NA,NA
8019,NA,NA,NA,NA
8020,NA,NA,NA,NA
8021,NA,NA,NA,NA
8022,NA,NA,NA,NA
8023,NA,NA,NA,NA
8024,NA,NA,NA,NA
8025,NA,NA,NA,NA
8026,NA,NA,NA,NA
8027,NA,NA,NA,NA
8028,NA,NA,NA,NA
8029,NA,NA,NA,NA
8030,NA,NA,NA,NA
8031,NA,NA,NA,NA
8032,NA,NA,NA,NA
8033,NA,NA,NA,NA
8034,NA,NA,NA,NA
8035,NA,NA,NA,NA
8036,NA,NA,NA,NA
8037,7,7,0,0
8038,NA,NA,NA,NA
8039,NA,NA,NA,NA
8040,NA,NA,NA,NA
8041,1,1,0,0
8042,NA,NA,NA,NA
8043,NA,NA,NA,NA
8044,NA,NA,NA,NA
8045,NA,NA,NA,NA
8046,NA,NA,NA,NA
8047,NA,NA,NA,NA
8048,NA,NA,NA,NA
8049,NA,NA,NA,NA
8050,NA,NA,NA,NA
8051,NA,NA,NA,NA
8052,1,1,0,0
8053,NA,NA,NA,NA
8054,NA,NA,NA,NA
8055,NA,NA,NA,NA
8056,NA,NA,NA,NA
8057,NA,NA,NA,NA
8058,NA,NA,NA,NA
8059,NA,NA,NA,NA
8060,NA,NA,NA,NA
8061,NA,NA,NA,NA
8062,NA,NA,NA,NA
8063,NA,NA,NA,NA
8064,NA,NA,NA,NA
8065,NA,NA,NA,NA
8066,NA,NA,NA,NA
8067,NA,NA,NA,NA
9002,NA,NA,NA,NA
9003,NA,NA,NA,NA
9004,NA,NA,NA,NA
9005,NA,NA,NA,NA
9006,NA,NA,NA,NA
9007,NA,NA,NA,NA
9008,NA,NA,NA,NA
9009,NA,NA,NA,NA
9010,NA,NA,NA,NA
9011,NA,NA,NA,NA
9012,NA,NA,NA,NA
9013,NA,NA,NA,NA
9014,NA,NA,NA,NA
9015,NA,NA,NA,NA
9016,NA,NA,NA,NA
9017,NA,NA,NA,NA
10001,NA,NA,NA,NA
10002,NA,NA,NA,NA
10003,NA,NA,NA,NA
10004,NA,NA,NA,NA
10005,NA,NA,NA,NA
10006,NA,NA,NA,NA
10007,NA,NA,NA,NA
10008,NA,NA,NA,NA
10009,NA,NA,NA,NA
10010,NA,NA,NA,NA
10011,NA,NA,NA,NA
10012,NA,NA,NA,NA
10013,NA,NA,NA,NA
10014,NA,NA,NA,NA
10015,NA,NA,NA,NA
10016,NA,NA,NA,NA
10017,NA,NA,NA,NA
10018,NA,NA,NA,NA
10019,NA,NA,NA,NA
10020,NA,NA,NA,NA
10021,NA,NA,NA,NA
10022,NA,NA,NA,NA
10023,NA,NA,NA,NA
10024,NA,NA,NA,NA
10025,NA,NA,NA,NA
10026,NA,NA,NA,NA
10027,NA,NA,NA,NA
10028,NA,NA,NA,NA
10029,NA,NA,NA,NA
10030,NA,NA,NA,NA
10031,NA,NA,NA,NA
10032,NA,NA,NA,NA
10033,NA,NA,NA,NA
10034,NA,NA,NA,NA
10035,NA,NA,NA,NA
10036,NA,NA,NA,NA
10037,NA,NA,NA,NA
10038,NA,NA,NA,NA
10039,NA,NA,NA,NA
11001,NA,NA,NA,NA
11002,NA,NA,NA,NA
11003,NA,NA,NA,NA
11004,4,4,0,0
11005,NA,NA,NA,NA
11006,NA,NA,NA,NA
11007,8,8,0,0
11008,NSS,NSS,NSS,NSS
11009,NA,NA,NA,NA
11010,NSS,NSS,NSS,NSS
11011,NA,NA,NA,NA
11012,1,1,0,0
11013,NA,NA,NA,NA
11014,NA,NA,NA,NA
11015,NSS,NSS,NSS,NSS
11016,NA,NA,NA,NA
11017,1,1,0,0
11018,1,1,0,0
11019,NSS,NSS,NSS,NSS
11020,NSS,NSS,NSS,NSS
11021,2,1,1,0
11022,NA,NA,NA,NA
11023,4,4,0,0
11024,NA,NA,NA,NA
11025,NSS,NSS,NSS,NSS
11026,NSS,NSS,NSS,NSS
11027,4,4,0,0
11028,NA,NA,NA,NA
11029,NA,NA,NA,NA
11030,NA,NA,NA,NA
11031,NA,NA,NA,NA
11032,NA,NA,NA,NA
11033,1,1,0,0
11034,NA,NA,NA,NA
11035,NSS,NSS,NSS,NSS
11036,NA,NA,NA,NA
11037,NA,NA,NA,NA
11038,NA,NA,NA,NA
11039,1,1,0,0
11040,NA,NA,NA,NA
11041,NA,NA,NA,NA
11042,1,1,0,0
11043,NA,NA,NA,NA
11044,NA,NA,NA,NA
11045,NSS,NSS,NSS,NSS
11046,1,1,0,0
12001,NA,NA,NA,NA
12002,NA,NA,NA,NA
12003,NA,NA,NA,NA
12004,NA,NA,NA,NA
12005,NA,NA,NA,NA
12006,NA,NA,NA,NA
12007,NA,NA,NA,NA
12008,3,3,0,0
12009,NA,NA,NA,NA
12010,NA,NA,NA,NA
12011,NA,NA,NA,NA
12012,NA,NA,NA,NA
12013,NA,NA,NA,NA
12014,NA,NA,NA,NA
12015,NA,NA,NA,NA
12016,NA,NA,NA,NA
12017,NA,NA,NA,NA
12018,NA,NA,NA,NA
12019,NA,NA,NA,NA
12020,NA,NA,NA,NA
12021,NSS,NSS,NSS,NSS
12022,NA,NA,NA,NA
12023,NA,NA,NA,NA
12024,NA,NA,NA,NA
12025,NA,NA,NA,NA
12026,NA,NA,NA,NA
12027,NA,NA,NA,NA
12028,NA,NA,NA,NA
12029,NA,NA,NA,NA
12030,NA,NA,NA,NA
12031,NA,NA,NA,NA
12032,NA,NA,NA,NA
12033,NA,NA,NA,NA
12034,NA,NA,NA,NA
12035,NA,NA,NA,NA
12036,NA,NA,NA,NA
12037,NA,NA,NA,NA
12038,NA,NA,NA,NA
12039,1,1,0,0
12040,NA,NA,NA,NA
12041,NA,NA,NA,NA
12042,NA,NA,NA,NA
12043,NA,NA,NA,NA
12044,NA,NA,NA,NA
12045,NA,NA,NA,NA
12046,NA,NA,NA,NA
12047,NA,NA,NA,NA
12048,NA,NA,NA,NA
12049,NA,NA,NA,NA
12050,NA,NA,NA,NA
12051,NA,NA,NA,NA
12052,NA,NA,NA,NA
12053,NA,NA,NA,NA
12054,NA,NA,NA,NA
12055,NA,NA,NA,NA
12056,NA,NA,NA,NA
12057,NA,NA,NA,NA
12058,NA,NA,NA,NA
12059,NA,NA,NA,NA
12060,NA,NA,NA,NA
12061,NA,NA,NA,NA
12062,NA,NA,NA,NA
12063,NA,NA,NA,NA
12064,NA,NA,NA,NA
12065,NA,NA,NA,NA
12066,NA,NA,NA,NA
12067,NA,NA,NA,NA
12068,NA,NA,NA,NA
12069,NA,NA,NA,NA
12070,NA,NA,NA,NA
12071,NA,NA,NA,NA
12072,NA,NA,NA,NA
12073,NA,NA,NA,NA
12074,NA,NA,NA,NA
12075,NA,NA,NA,NA
12076,NA,NA,NA,NA
12077,NA,NA,NA,NA
12078,NA,NA,NA,NA
12079,NA,NA,NA,NA
12080,NA,NA,NA,NA
12081,1,1,0,0
12082,NA,NA,NA,NA
12083,NA,NA,NA,NA
12084,NA,NA,NA,NA
12085,NA,NA,NA,NA
13001,NA,NA,NA,NA
13002,NA,NA,NA,NA
13003,NA,NA,NA,NA
13004,NA,NA,NA,NA
13005,NA,NA,NA,NA
13006,NA,NA,NA,NA
13007,NA,NA,NA,NA
13008,NA,NA,NA,NA
13009,NA,NA,NA,NA
13010,NA,NA,NA,NA
13011,NA,NA,NA,NA
13012,NA,NA,NA,NA
13013,NA,NA,NA,NA
13014,NA,NA,NA,NA
13015,NA,NA,NA,NA
13016,NA,NA,NA,NA
13017,NA,NA,NA,NA
13018,NA,NA,NA,NA
13019,NA,NA,NA,NA
13020,NA,NA,NA,NA
13021,NA,NA,NA,NA
13022,NA,NA,NA,NA
13023,NA,NA,NA,NA
13024,NA,NA,NA,NA
13025,NA,NA,NA,NA
13026,NA,NA,NA,NA
13027,NA,NA,NA,NA
13028,NA,NA,NA,NA
13029,NA,NA,NA,NA
13030,NA,NA,NA,NA
13031,NA,NA,NA,NA
13032,NA,NA,NA,NA
13033,NA,NA,NA,NA
13034,NA,NA,NA,NA
13035,NA,NA,NA,NA
13036,NA,NA,NA,NA
13037,NA,NA,NA,NA
13038,NA,NA,NA,NA
13039,2,2,0,0
13040,NA,NA,NA,NA
13041,NSS,NSS,NSS,NSS
13042,NA,NA,NA,NA
13043,NA,NA,NA,NA
13044,NA,NA,NA,NA
13045,NA,NA,NA,NA
13046,NA,NA,NA,NA
13047,NA,NA,NA,NA
13048,NA,NA,NA,NA
13049,NA,NA,NA,NA
13050,NA,NA,NA,NA
13051,NA,NA,NA,NA
13052,1,1,0,0
13053,NA,NA,NA,NA
13054,NA,NA,NA,NA
13055,NA,NA,NA,NA
13056,4,4,0,0
13057,NA,NA,NA,NA
13058,NA,NA,NA,NA
13059,NA,NA,NA,NA
13060,NA,NA,NA,NA
13061,NA,NA,NA,NA
13062,NA,NA,NA,NA
13063,NA,NA,NA,NA
13064,NA,NA,NA,NA
13065,NA,NA,NA,NA
13066,NA,NA,NA,NA
13067,NA,NA,NA,NA
13068,NA,NA,NA,NA
13069,1,1,0,0
13070,NA,NA,NA,NA
13071,NA,NA,NA,NA
13072,NA,NA,NA,NA
13073,NA,NA,NA,NA
13074,3,3,0,0
13075,NA,NA,NA,NA
13076,NA,NA,NA,NA
13077,NA,NA,NA,NA
13078,NA,NA,NA,NA
13079,NA,NA,NA,NA
13080,NA,NA,NA,NA
13081,NA,NA,NA,NA
13082,NA,NA,NA,NA
13083,NA,NA,NA,NA
13084,NA,NA,NA,NA
14001,NA,NA,NA,NA
14002,NA,NA,NA,NA
14003,NA,NA,NA,NA
14004,NA,NA,NA,NA
14005,NA,NA,NA,NA
14006,NA,NA,NA,NA
14007,NA,NA,NA,NA
14008,NA,NA,NA,NA
14009,NA,NA,NA,NA
14010,NA,NA,NA,NA
14011,NA,NA,NA,NA
14012,NA,NA,NA,NA
14013,NA,NA,NA,NA
14014,NA,NA,NA,NA
14015,NA,NA,NA,NA
14016,NA,NA,NA,NA
14017,NA,NA,NA,NA
14018,NA,NA,NA,NA
14019,NA,NA,NA,NA
14020,NA,NA,NA,NA
14021,NA,NA,NA,NA
14022,NA,NA,NA,NA
14023,NA,NA,NA,NA
14024,NA,NA,NA,NA
14025,NA,NA,NA,NA
14026,NA,NA,NA,NA
14027,NA,NA,NA,NA
14028,NA,NA,NA,NA
14029,NA,NA,NA,NA
14030,1,1,0,0
14031,NA,NA,NA,NA
14032,NA,NA,NA,NA
14033,NA,NA,NA,NA
14034,NA,NA,NA,NA
14035,1,0,0,1
14036,NA,NA,NA,NA
14037,NA,NA,NA,NA
14038,NA,NA,NA,NA
14039,NA,NA,NA,NA
14040,NA,NA,NA,NA
14041,NA,NA,NA,NA
14042,NA,NA,NA,NA
14043,NSS,NSS,NSS,NSS
14044,NA,NA,NA,NA
14045,NA,NA,NA,NA
14046,NA,NA,NA,NA
14047,NA,NA,NA,NA
14048,NA,NA,NA,NA
14049,NA,NA,NA,NA
14050,NA,NA,NA,NA
14051,NA,NA,NA,NA
14052,NA,NA,NA,NA
14053,3,3,0,0
14054,NA,NA,NA,NA
14055,NA,NA,NA,NA
14056,NA,NA,NA,NA
14057,NA,NA,NA,NA
14058,NA,NA,NA,NA
14059,NA,NA,NA,NA
14060,NA,NA,NA,NA
14061,NA,NA,NA,NA
14062,NA,NA,NA,NA
14063,NA,NA,NA,NA
14064,1,1,0,0
14065,NA,NA,NA,NA
14066,NA,NA,NA,NA
14067,2,2,0,0
14068,NA,NA,NA,NA
14069,1,1,0,0
14070,2,2,0,0
14071,NA,NA,NA,NA
14072,NA,NA,NA,NA
14073,NA,NA,NA,NA
14074,NA,NA,NA,NA
14075,NA,NA,NA,NA
14076,NA,NA,NA,NA
14077,NA,NA,NA,NA
14078,NA,NA,NA,NA
14079,1,1,0,0
14080,NA,NA,NA,NA
14081,ND,ND,ND,ND
14082,NA,NA,NA,NA
14083,NA,NA,NA,NA
14084,NA,NA,NA,NA
14085,NA,NA,NA,NA
14086,NA,NA,NA,NA
14087,NA,NA,NA,NA
14088,NA,NA,NA,NA
14089,NA,NA,NA,NA
14090,NA,NA,NA,NA
14091,8,8,0,0
14092,NA,NA,NA,NA
14093,NA,NA,NA,NA
14094,NA,NA,NA,NA
14095,NA,NA,NA,NA
14096,1,1,0,0
14097,NSS,NSS,NSS,NSS
14098,NA,NA,NA,NA
14099,NA,NA,NA,NA
14100,NA,NA,NA,NA
14101,NA,NA,NA,NA
14102,NA,NA,NA,NA
14103,NA,NA,NA,NA
14104,ND,ND,ND,ND
14105,NA,NA,NA,NA
14106,NA,NA,NA,NA
14107,NA,NA,NA,NA
14108,NA,NA,NA,NA
14109,NA,NA,NA,NA
14110,NA,NA,NA,NA
14111,NA,NA,NA,NA
14112,NA,NA,NA,NA
14113,NA,NA,NA,NA
14114,NA,NA,NA,NA
14115,NA,NA,NA,NA
14116,8,0,8,0
14117,NA,NA,NA,NA
14118,NA,NA,NA,NA
14119,NA,NA,NA,NA
14120,2,2,0,0
14121,NA,NA,NA,NA
14122,NA,NA,NA,NA
14123,NA,NA,NA,NA
14124,NA,NA,NA,NA
14125,NA,NA,NA,NA
15001,NA,NA,NA,NA
15002,NA,NA,NA,NA
15003,1,1,0,0
15004,NA,NA,NA,NA
15005,NA,NA,NA,NA
15006,NA,NA,NA,NA
15007,NA,NA,NA,NA
15008,NA,NA,NA,NA
15009,NA,NA,NA,NA
15010,NA,NA,NA,NA
15011,NA,NA,NA,NA
15012,NA,NA,NA,NA
15013,NA,NA,NA,NA
15014,1,1,0,0
15015,NA,NA,NA,NA
15016,35,10,25,0
15017,NA,NA,NA,NA
15018,NA,NA,NA,NA
15019,NA,NA,NA,NA
15020,2,1,1,0
15021,NA,NA,NA,NA
15022,NA,NA,NA,NA
15023,NA,NA,NA,NA
15024,NA,NA,NA,NA
15025,NA,NA,NA,NA
15026,NA,NA,NA,NA
15027,NA,NA,NA,NA
15028,NA,NA,NA,NA
15029,NA,NA,NA,NA
15030,NA,NA,NA,NA
15031,NA,NA,NA,NA
15032,NA,NA,NA,NA
15033,NA,NA,NA,NA
15034,NA,NA,NA,NA
15035,NA,NA,NA,NA
15036,NA,NA,NA,NA
15037,1,1,0,0
15038,3,1,2,0
15039,NA,NA,NA,NA
15040,NA,NA,NA,NA
15041,NA,NA,NA,NA
15042,NA,NA,NA,NA
15043,NA,NA,NA,NA
15044,NSS,NSS,NSS,NSS
15045,NA,NA,NA,NA
15046,1,0,1,0
15047,NA,NA,NA,NA
15048,NA,NA,NA,NA
15049,1,1,0,0
15050,NA,NA,NA,NA
15051,NA,NA,NA,NA
15052,NA,NA,NA,NA
15053,NA,NA,NA,NA
15054,NA,NA,NA,NA
15055,NA,NA,NA,NA
15056,NA,NA,NA,NA
15057,NA,NA,NA,NA
15058,3,3,0,0
15059,NA,NA,NA,NA
15060,NA,NA,NA,NA
15061,NA,NA,NA,NA
15062,NA,NA,NA,NA
15063,NA,NA,NA,NA
15064,NA,NA,NA,NA
15065,NA,NA,NA,NA
15066,NA,NA,NA,NA
15067,NA,NA,NA,NA
15068,NA,NA,NA,NA
15069,NA,NA,NA,NA
15070,5,5,0,0
15071,NA,NA,NA,NA
15072,NA,NA,NA,NA
15073,NA,NA,NA,NA
15074,1,0,1,0
15075,NA,NA,NA,NA
15076,NA,NA,NA,NA
15077,NA,NA,NA,NA
15078,NA,NA,NA,NA
15079,NA,NA,NA,NA
15080,NA,NA,NA,NA
15081,NA,NA,NA,NA
15082,NA,NA,NA,NA
15083,NA,NA,NA,NA
15084,2,2,0,0
15085,NA,NA,NA,NA
15086,NA,NA,NA,NA
15087,NA,NA,NA,NA
15088,NA,NA,NA,NA
15089,1,1,0,0
15090,NA,NA,NA,NA
15091,NA,NA,NA,NA
15092,NA,NA,NA,NA
15093,NA,NA,NA,NA
15094,NA,NA,NA,NA
15095,NA,NA,NA,NA
15096,NA,NA,NA,NA
15097,NA,NA,NA,NA
15098,NA,NA,NA,NA
15099,3,0,3,0
15100,NA,NA,NA,NA
15101,NA,NA,NA,NA
15102,NA,NA,NA,NA
15103,NA,NA,NA,NA
15104,NA,NA,NA,NA
15105,NSS,NSS,NSS,NSS
15106,1,0,1,0
15107,NA,NA,NA,NA
15108,NA,NA,NA,NA
15109,NA,NA,NA,NA
15110,NA,NA,NA,NA
15111,NA,NA,NA,NA
15112,NA,NA,NA,NA
15113,NA,NA,NA,NA
15114,NA,NA,NA,NA
15115,NA,NA,NA,NA
15116,2,0,2,0
15117,NA,NA,NA,NA
15118,NA,NA,NA,NA
15119,NA,NA,NA,NA
15120,NSS,NSS,NSS,NSS
15121,NA,NA,NA,NA
15122,NA,NA,NA,NA
15123,NA,NA,NA,NA
15124,NA,NA,NA,NA
15125,NA,NA,NA,NA
16001,NA,NA,NA,NA
16002,NA,NA,NA,NA
16003,NA,NA,NA,NA
16004,NA,NA,NA,NA
16005,NA,NA,NA,NA
16006,NA,NA,NA,NA
16007,NA,NA,NA,NA
16008,NA,NA,NA,NA
16009,1,1,0,0
16010,NA,NA,NA,NA
16011,NA,NA,NA,NA
16012,NA,NA,NA,NA
16013,NA,NA,NA,NA
16014,NA,NA,NA,NA
16015,NA,NA,NA,NA
16016,NA,NA,NA,NA
16017,NA,NA,NA,NA
16018,NSS,NSS,NSS,NSS
16019,NA,NA,NA,NA
16020,1,1,0,0
16021,NA,NA,NA,NA
16022,NA,NA,NA,NA
16023,NA,NA,NA,NA
16024,NA,NA,NA,NA
16025,1,1,0,0
16026,NA,NA,NA,NA
16027,NA,NA,NA,NA
16028,NA,NA,NA,NA
16029,NA,NA,NA,NA
16030,NA,NA,NA,NA
16031,NA,NA,NA,NA
16032,NA,NA,NA,NA
16033,NA,NA,NA,NA
16034,NA,NA,NA,NA
16035,NA,NA,NA,NA
16036,1,1,0,0
16037,NA,NA,NA,NA
16038,NA,NA,NA,NA
16039,NA,NA,NA,NA
16040,NA,NA,NA,NA
16041,NA,NA,NA,NA
16042,NA,NA,NA,NA
16043,4,0,0,4
16044,1,1,0,0
16045,2,2,0,0
16046,NA,NA,NA,NA
16047,NA,NA,NA,NA
16048,NA,NA,NA,NA
16049,NA,NA,NA,NA
16050,1,1,0,0
16051,ND,ND,ND,ND
16052,NA,NA,NA,NA
16053,3,3,0,0
16054,NA,NA,NA,NA
16055,NA,NA,NA,NA
16056,NA,NA,NA,NA
16057,NA,NA,NA,NA
16058,NA,NA,NA,NA
16059,NA,NA,NA,NA
16060,NSS,NSS,NSS,NSS
16061,NA,NA,NA,NA
16062,NA,NA,NA,NA
16063,NA,NA,NA,NA
16064,NA,NA,NA,NA
16065,NA,NA,NA,NA
16066,NA,NA,NA,NA
16067,NA,NA,NA,NA
16068,NA,NA,NA,NA
16069,NA,NA,NA,NA
16070,NA,NA,NA,NA
16071,NA,NA,NA,NA
16072,NSS,NSS,NSS,NSS
16073,NA,NA,NA,NA
16074,NA,NA,NA,NA
16075,NA,NA,NA,NA
16076,1,1,0,0
16077,NA,NA,NA,NA
16078,NA,NA,NA,NA
16079,NA,NA,NA,NA
16080,2,2,0,0
16081,NA,NA,NA,NA
16082,NA,NA,NA,NA
16083,NA,NA,NA,NA
16084,NA,NA,NA,NA
16085,NSS,NSS,NSS,NSS
16086,NA,NA,NA,NA
16087,NA,NA,NA,NA
16088,1,1,0,0
16089,NA,NA,NA,NA
16090,NA,NA,NA,NA
16091,NA,NA,NA,NA
16092,NA,NA,NA,NA
16093,NA,NA,NA,NA
16094,NA,NA,NA,NA
16095,NA,NA,NA,NA
16096,NA,NA,NA,NA
16097,NA,NA,NA,NA
16098,NA,NA,NA,NA
16099,NA,NA,NA,NA
16100,NA,NA,NA,NA
16101,NA,NA,NA,NA
16102,NSS,NSS,NSS,NSS
16103,NA,NA,NA,NA
16104,1,1,0,0
16105,NA,NA,NA,NA
16106,NA,NA,NA,NA
16107,NA,NA,NA,NA
16108,1,1,0,0
16109,NA,NA,NA,NA
16110,NA,NA,NA,NA
16111,NA,NA,NA,NA
16112,2,0,2,0
16113,NA,NA,NA,NA
17001,NA,NA,NA,NA
17002,NA,NA,NA,NA
17003,NA,NA,NA,NA
17004,NA,NA,NA,NA
17005,NA,NA,NA,NA
17006,2,2,0,0
17007,NA,NA,NA,NA
17008,NA,NA,NA,NA
17009,NA,NA,NA,NA
17010,NA,NA,NA,NA
17011,2,2,0,0
17012,NA,NA,NA,NA
17013,NA,NA,NA,NA
17014,NA,NA,NA,NA
17015,NA,NA,NA,NA
17016,NA,NA,NA,NA
17017,2,0,2,0
17018,1,1,0,0
17019,NA,NA,NA,NA
17020,NA,NA,NA,NA
17021,NA,NA,NA,NA
17022,NA,NA,NA,NA
17023,NA,NA,NA,NA
17024,1,0,1,0
17025,NA,NA,NA,NA
17026,NA,NA,NA,NA
17027,NA,NA,NA,NA
17028,NA,NA,NA,NA
17029,1,1,0,0
17030,NA,NA,NA,NA
17031,NA,NA,NA,NA
17032,NA,NA,NA,NA
17033,NA,NA,NA,NA
17034,NA,NA,NA,NA
17035,NA,NA,NA,NA
17036,NA,NA,NA,NA
18001,NA,NA,NA,NA
18002,NA,NA,NA,NA
18003,NA,NA,NA,NA
18004,NA,NA,NA,NA
18005,NA,NA,NA,NA
18006,NA,NA,NA,NA
18007,NA,NA,NA,NA
18008,NA,NA,NA,NA
18009,NA,NA,NA,NA
18010,NA,NA,NA,NA
18011,NA,NA,NA,NA
18012,NA,NA,NA,NA
18013,NA,NA,NA,NA
18014,NA,NA,NA,NA
18015,NA,NA,NA,NA
18016,NA,NA,NA,NA
18017,NA,NA,NA,NA
18018,NA,NA,NA,NA
18019,NA,NA,NA,NA
18020,NA,NA,NA,NA
19001,NA,NA,NA,NA
19002,NA,NA,NA,NA
19003,NA,NA,NA,NA
19004,NA,NA,NA,NA
19005,1,1,0,0
19006,NA,NA,NA,NA
19007,NA,NA,NA,NA
19008,NA,NA,NA,NA
19009,NA,NA,NA,NA
19010,NA,NA,NA,NA
19011,NA,NA,NA,NA
19012,1,1,0,0
19013,NA,NA,NA,NA
19014,NSS,NSS,NSS,NSS
19015,NA,NA,NA,NA
19016,NA,NA,NA,NA
19017,NA,NA,NA,NA
19018,3,3,0,0
19019,NA,NA,NA,NA
19020,NSS,NSS,NSS,NSS
19021,1,1,0,0
19022,NA,NA,NA,NA
19023,NA,NA,NA,NA
19024,NA,NA,NA,NA
19025,NA,NA,NA,NA
19026,NA,NA,NA,NA
19027,NSS,NSS,NSS,NSS
19028,NA,NA,NA,NA
19029,NA,NA,NA,NA
19030,NA,NA,NA,NA
19031,2,2,0,0
19032,NA,NA,NA,NA
19033,1,1,0,0
19034,NA,NA,NA,NA
19035,NA,NA,NA,NA
19036,NA,NA,NA,NA
19037,NA,NA,NA,NA
19038,NA,NA,NA,NA
19039,NA,NA,NA,NA
19040,NA,NA,NA,NA
19041,1,1,0,0
19042,NA,NA,NA,NA
19043,NA,NA,NA,NA
19044,NA,NA,NA,NA
19045,NA,NA,NA,NA
19046,2,2,0,0
19047,NA,NA,NA,NA
19048,NA,NA,NA,NA
19049,NA,NA,NA,NA
19050,NA,NA,NA,NA
19051,1,1,0,0
20001,NA,NA,NA,NA
20002,NA,NA,NA,NA
20003,NA,NA,NA,NA
20004,NA,NA,NA,NA
20005,NA,NA,NA,NA
20006,NA,NA,NA,NA
20007,NA,NA,NA,NA
20008,NA,NA,NA,NA
20009,NA,NA,NA,NA
20010,NA,NA,NA,NA
20011,NA,NA,NA,NA
20012,NA,NA,NA,NA
20013,NA,NA,NA,NA
20014,NA,NA,NA,NA
20015,NA,NA,NA,NA
20016,NA,NA,NA,NA
20017,NA,NA,NA,NA
20018,NA,NA,NA,NA
20019,NA,NA,NA,NA
20020,NA,NA,NA,NA
20021,NA,NA,NA,NA
20022,NA,NA,NA,NA
20023,NA,NA,NA,NA
20024,NA,NA,NA,NA
20025,NA,NA,NA,NA
20026,NA,NA,NA,NA
20027,NA,NA,NA,NA
20028,NA,NA,NA,NA
20029,NA,NA,NA,NA
20030,NA,NA,NA,NA
20031,NA,NA,NA,NA
20032,NA,NA,NA,NA
20033,NA,NA,NA,NA
20034,NA,NA,NA,NA
20035,NA,NA,NA,NA
20036,NA,NA,NA,NA
20037,NA,NA,NA,NA
20038,NA,NA,NA,NA
20039,NA,NA,NA,NA
20040,NA,NA,NA,NA
20041,NA,NA,NA,NA
20042,NA,NA,NA,NA
20043,NA,NA,NA,NA
20044,NA,NA,NA,NA
20045,NA,NA,NA,NA
20046,NA,NA,NA,NA
20047,NA,NA,NA,NA
20048,NA,NA,NA,NA
20049,NA,NA,NA,NA
20050,NA,NA,NA,NA
20051,NA,NA,NA,NA
20052,NA,NA,NA,NA
20053,NA,NA,NA,NA
20054,NA,NA,NA,NA
20055,NA,NA,NA,NA
20056,NA,NA,NA,NA
20057,NA,NA,NA,NA
20058,NA,NA,NA,NA
20059,NA,NA,NA,NA
20060,NA,NA,NA,NA
20061,NA,NA,NA,NA
20062,NA,NA,NA,NA
20063,NA,NA,NA,NA
20064,NA,NA,NA,NA
20065,NA,NA,NA,NA
20066,1,1,0,0
20067,NA,NA,NA,NA
20068,NA,NA,NA,NA
20069,NA,NA,NA,NA
20070,NA,NA,NA,NA
20071,NA,NA,NA,NA
20072,NA,NA,NA,NA
20073,NA,NA,NA,NA
20074,NA,NA,NA,NA
20075,NA,NA,NA,NA
20076,NA,NA,NA,NA
20077,NA,NA,NA,NA
20078,NA,NA,NA,NA
20079,NA,NA,NA,NA
20080,NA,NA,NA,NA
20081,NA,NA,NA,NA
20082,NA,NA,NA,NA
20083,NA,NA,NA,NA
20084,NA,NA,NA,NA
20085,NA,NA,NA,NA
20086,NA,NA,NA,NA
20087,NA,NA,NA,NA
20088,NA,NA,NA,NA
20089,NA,NA,NA,NA
20090,NA,NA,NA,NA
20091,NA,NA,NA,NA
20092,NA,NA,NA,NA
20093,NA,NA,NA,NA
20094,NA,NA,NA,NA
20095,NA,NA,NA,NA
20096,NA,NA,NA,NA
20097,NA,NA,NA,NA
20098,NA,NA,NA,NA
20099,NA,NA,NA,NA
20100,NA,NA,NA,NA
20101,NA,NA,NA,NA
20102,NA,NA,NA,NA
20103,NA,NA,NA,NA
20104,NA,NA,NA,NA
20105,NA,NA,NA,NA
20106,NA,NA,NA,NA
20107,NA,NA,NA,NA
20108,NA,NA,NA,NA
20109,NA,NA,NA,NA
20110,NA,NA,NA,NA
20111,NA,NA,NA,NA
20112,NA,NA,NA,NA
20113,NA,NA,NA,NA
20114,NA,NA,NA,NA
20115,NA,NA,NA,NA
20116,NA,NA,NA,NA
20117,NA,NA,NA,NA
20118,NA,NA,NA,NA
20119,NA,NA,NA,NA
20120,NA,NA,NA,NA
20121,NA,NA,NA,NA
20122,NA,NA,NA,NA
20123,NA,NA,NA,NA
20124,NA,NA,NA,NA
20125,NA,NA,NA,NA
20126,NA,NA,NA,NA
20127,NA,NA,NA,NA
20128,NA,NA,NA,NA
20129,NA,NA,NA,NA
20130,1,0,0,1
20131,NA,NA,NA,NA
20132,NA,NA,NA,NA
20133,NA,NA,NA,NA
20134,NA,NA,NA,NA
20135,NA,NA,NA,NA
20136,NA,NA,NA,NA
20137,NA,NA,NA,NA
20138,NA,NA,NA,NA
20139,NA,NA,NA,NA
20140,NA,NA,NA,NA
20141,NA,NA,NA,NA
20142,NA,NA,NA,NA
20143,NA,NA,NA,NA
20144,NA,NA,NA,NA
20145,NA,NA,NA,NA
20146,NA,NA,NA,NA
20147,NA,NA,NA,NA
20148,NA,NA,NA,NA
20149,NA,NA,NA,NA
20150,2,1,1,0
20151,NA,NA,NA,NA
20152,NA,NA,NA,NA
20153,NA,NA,NA,NA
20154,NA,NA,NA,NA
20155,NA,NA,NA,NA
20156,NA,NA,NA,NA
20157,2,2,0,0
20158,NA,NA,NA,NA
20159,NA,NA,NA,NA
20160,NA,NA,NA,NA
20161,NA,NA,NA,NA
20162,NA,NA,NA,NA
20163,NA,NA,NA,NA
20164,NA,NA,NA,NA
20165,NA,NA,NA,NA
20166,NA,NA,NA,NA
20167,NA,NA,NA,NA
20168,NA,NA,NA,NA
20169,NA,NA,NA,NA
20170,NA,NA,NA,NA
20171,NA,NA,NA,NA
20172,NA,NA,NA,NA
20173,NA,NA,NA,NA
20174,NA,NA,NA,NA
20175,NA,NA,NA,NA
20176,NA,NA,NA,NA
20177,NA,NA,NA,NA
20178,NA,NA,NA,NA
20179,NA,NA,NA,NA
20180,NA,NA,NA,NA
20181,NA,NA,NA,NA
20182,NA,NA,NA,NA
20183,NA,NA,NA,NA
20184,1,1,0,0
20185,NA,NA,NA,NA
20186,NA,NA,NA,NA
20187,NA,NA,NA,NA
20188,NA,NA,NA,NA
20189,NA,NA,NA,NA
20190,NA,NA,NA,NA
20191,NA,NA,NA,NA
20192,NA,NA,NA,NA
20193,NA,NA,NA,NA
20194,NA,NA,NA,NA
20195,NSS,NSS,NSS,NSS
20196,NA,NA,NA,NA
20197,NA,NA,NA,NA
20198,NA,NA,NA,NA
20199,NA,NA,NA,NA
20200,NA,NA,NA,NA
20201,NA,NA,NA,NA
20202,NA,NA,NA,NA
20203,NA,NA,NA,NA
20204,NA,NA,NA,NA
20205,NA,NA,NA,NA
20206,NA,NA,NA,NA
20207,NA,NA,NA,NA
20208,NA,NA,NA,NA
20209,NA,NA,NA,NA
20210,NA,NA,NA,NA
20211,NA,NA,NA,NA
20212,NA,NA,NA,NA
20213,NA,NA,NA,NA
20214,NA,NA,NA,NA
20215,NA,NA,NA,NA
20216,NA,NA,NA,NA
20217,NA,NA,NA,NA
20218,NA,NA,NA,NA
20219,NA,NA,NA,NA
20220,NA,NA,NA,NA
20221,NA,NA,NA,NA
20222,NA,NA,NA,NA
20223,NA,NA,NA,NA
20224,NA,NA,NA,NA
20225,NA,NA,NA,NA
20226,NA,NA,NA,NA
20227,NA,NA,NA,NA
20228,NA,NA,NA,NA
20229,NA,NA,NA,NA
20230,NA,NA,NA,NA
20231,NA,NA,NA,NA
20232,NA,NA,NA,NA
20233,NA,NA,NA,NA
20234,NA,NA,NA,NA
20235,NA,NA,NA,NA
20236,NA,NA,NA,NA
20237,NA,NA,NA,NA
20238,NA,NA,NA,NA
20239,NA,NA,NA,NA
20240,NA,NA,NA,NA
20241,NA,NA,NA,NA
20242,NA,NA,NA,NA
20243,NA,NA,NA,NA
20244,NA,NA,NA,NA
20245,NA,NA,NA,NA
20246,NA,NA,NA,NA
20247,NA,NA,NA,NA
20248,NA,NA,NA,NA
20249,NA,NA,NA,NA
20250,NA,NA,NA,NA
20251,NA,NA,NA,NA
20252,NA,NA,NA,NA
20253,NA,NA,NA,NA
20254,NA,NA,NA,NA
20255,NA,NA,NA,NA
20256,NA,NA,NA,NA
20257,NA,NA,NA,NA
20258,NA,NA,NA,NA
20259,NA,NA,NA,NA
20260,NA,NA,NA,NA
20261,NA,NA,NA,NA
20262,NA,NA,NA,NA
20263,NA,NA,NA,NA
20264,NA,NA,NA,NA
20265,NA,NA,NA,NA
20266,NA,NA,NA,NA
20267,NA,NA,NA,NA
20268,NA,NA,NA,NA
20269,NA,NA,NA,NA
20270,NSS,NSS,NSS,NSS
20271,NA,NA,NA,NA
20272,NA,NA,NA,NA
20273,NA,NA,NA,NA
20274,NA,NA,NA,NA
20275,NA,NA,NA,NA
20276,NA,NA,NA,NA
20277,NA,NA,NA,NA
20278,NA,NA,NA,NA
20279,NA,NA,NA,NA
20280,NA,NA,NA,NA
20281,NA,NA,NA,NA
20282,NA,NA,NA,NA
20283,NA,NA,NA,NA
20284,NA,NA,NA,NA
20285,NA,NA,NA,NA
20286,NA,NA,NA,NA
20287,NA,NA,NA,NA
20288,NA,NA,NA,NA
20289,NA,NA,NA,NA
20290,NA,NA,NA,NA
20291,NA,NA,NA,NA
20292,NA,NA,NA,NA
20293,NA,NA,NA,NA
20294,NA,NA,NA,NA
20295,NA,NA,NA,NA
20296,NA,NA,NA,NA
20297,NA,NA,NA,NA
20298,NA,NA,NA,NA
20299,NA,NA,NA,NA
20300,NA,NA,NA,NA
20301,NA,NA,NA,NA
20302,NA,NA,NA,NA
20303,NA,NA,NA,NA
20304,NA,NA,NA,NA
20305,NA,NA,NA,NA
20306,NA,NA,NA,NA
20307,NA,NA,NA,NA
20308,NA,NA,NA,NA
20309,NA,NA,NA,NA
20310,NA,NA,NA,NA
20311,NA,NA,NA,NA
20312,NA,NA,NA,NA
20313,NA,NA,NA,NA
20314,NA,NA,NA,NA
20315,NA,NA,NA,NA
20316,NA,NA,NA,NA
20317,NA,NA,NA,NA
20318,NA,NA,NA,NA
20319,NA,NA,NA,NA
20320,NA,NA,NA,NA
20321,NA,NA,NA,NA
20322,NA,NA,NA,NA
20323,NA,NA,NA,NA
20324,NA,NA,NA,NA
20325,NA,NA,NA,NA
20326,NA,NA,NA,NA
20327,NA,NA,NA,NA
20328,NA,NA,NA,NA
20329,NA,NA,NA,NA
20330,NA,NA,NA,NA
20331,NA,NA,NA,NA
20332,NA,NA,NA,NA
20333,NA,NA,NA,NA
20334,NA,NA,NA,NA
20335,NA,NA,NA,NA
20336,NA,NA,NA,NA
20337,NA,NA,NA,NA
20338,NA,NA,NA,NA
20339,NA,NA,NA,NA
20340,NA,NA,NA,NA
20341,NA,NA,NA,NA
20342,NA,NA,NA,NA
20343,NA,NA,NA,NA
20344,NA,NA,NA,NA
20345,NA,NA,NA,NA
20346,NA,NA,NA,NA
20347,NA,NA,NA,NA
20348,NA,NA,NA,NA
20349,NA,NA,NA,NA
20350,NA,NA,NA,NA
20351,NA,NA,NA,NA
20352,NA,NA,NA,NA
20353,NA,NA,NA,NA
20354,NA,NA,NA,NA
20355,NA,NA,NA,NA
20356,NA,NA,NA,NA
20357,NA,NA,NA,NA
20358,NA,NA,NA,NA
20359,NA,NA,NA,NA
20360,NA,NA,NA,NA
20361,NA,NA,NA,NA
20362,NA,NA,NA,NA
20363,NA,NA,NA,NA
20364,NA,NA,NA,NA
20365,NA,NA,NA,NA
20366,NA,NA,NA,NA
20367,NA,NA,NA,NA
20368,NA,NA,NA,NA
20369,NA,NA,NA,NA
20370,NA,NA,NA,NA
20371,NA,NA,NA,NA
20372,NA,NA,NA,NA
20373,NA,NA,NA,NA
20374,NA,NA,NA,NA
20375,NA,NA,NA,NA
20376,NA,NA,NA,NA
20377,NA,NA,NA,NA
20378,NA,NA,NA,NA
20379,NA,NA,NA,NA
20380,NA,NA,NA,NA
20381,NA,NA,NA,NA
20382,NA,NA,NA,NA
20383,NA,NA,NA,NA
20384,NA,NA,NA,NA
20385,NA,NA,NA,NA
20386,NA,NA,NA,NA
20387,NA,NA,NA,NA
20388,NA,NA,NA,NA
20389,NA,NA,NA,NA
20390,NA,NA,NA,NA
20391,NA,NA,NA,NA
20392,NA,NA,NA,NA
20393,NA,NA,NA,NA
20394,NA,NA,NA,NA
20395,NA,NA,NA,NA
20396,NA,NA,NA,NA
20397,NA,NA,NA,NA
20398,NA,NA,NA,NA
20399,NA,NA,NA,NA
20400,NA,NA,NA,NA
20401,NA,NA,NA,NA
20402,NA,NA,NA,NA
20403,NA,NA,NA,NA
20404,NA,NA,NA,NA
20405,NA,NA,NA,NA
20406,NA,NA,NA,NA
20407,NA,NA,NA,NA
20408,NA,NA,NA,NA
20409,NA,NA,NA,NA
20410,NA,NA,NA,NA
20411,NA,NA,NA,NA
20412,NA,NA,NA,NA
20413,NA,NA,NA,NA
20414,NA,NA,NA,NA
20415,NA,NA,NA,NA
20416,NA,NA,NA,NA
20417,NA,NA,NA,NA
20418,NA,NA,NA,NA
20419,NA,NA,NA,NA
20420,NA,NA,NA,NA
20421,NA,NA,NA,NA
20422,NA,NA,NA,NA
20423,NA,NA,NA,NA
20424,NA,NA,NA,NA
20425,NA,NA,NA,NA
20426,NA,NA,NA,NA
20427,NA,NA,NA,NA
20428,NA,NA,NA,NA
20429,NA,NA,NA,NA
20430,NA,NA,NA,NA
20431,NA,NA,NA,NA
20432,NA,NA,NA,NA
20433,NA,NA,NA,NA
20434,NA,NA,NA,NA
20435,NA,NA,NA,NA
20436,NA,NA,NA,NA
20437,NA,NA,NA,NA
20438,NA,NA,NA,NA
20439,NA,NA,NA,NA
20440,NA,NA,NA,NA
20441,NA,NA,NA,NA
20442,NA,NA,NA,NA
20443,NA,NA,NA,NA
20444,NA,NA,NA,NA
20445,NA,NA,NA,NA
20446,NA,NA,NA,NA
20447,NA,NA,NA,NA
20448,NA,NA,NA,NA
20449,NA,NA,NA,NA
20450,NA,NA,NA,NA
20451,NA,NA,NA,NA
20452,NA,NA,NA,NA
20453,NA,NA,NA,NA
20454,NA,NA,NA,NA
20455,NA,NA,NA,NA
20456,NA,NA,NA,NA
20457,NA,NA,NA,NA
20458,NA,NA,NA,NA
20459,NA,NA,NA,NA
20460,NA,NA,NA,NA
20461,NA,NA,NA,NA
20462,NA,NA,NA,NA
20463,NA,NA,NA,NA
20464,NA,NA,NA,NA
20465,NA,NA,NA,NA
20466,NA,NA,NA,NA
20467,NA,NA,NA,NA
20468,NA,NA,NA,NA
20469,NA,NA,NA,NA
20470,NA,NA,NA,NA
20471,NA,NA,NA,NA
20472,NA,NA,NA,NA
20473,NA,NA,NA,NA
20474,NA,NA,NA,NA
20475,NA,NA,NA,NA
20476,NA,NA,NA,NA
20477,NA,NA,NA,NA
20478,NA,NA,NA,NA
20479,NA,NA,NA,NA
20480,NA,NA,NA,NA
20481,NA,NA,NA,NA
20482,NA,NA,NA,NA
20483,NA,NA,NA,NA
20484,NA,NA,NA,NA
20485,NA,NA,NA,NA
20486,NA,NA,NA,NA
20487,NA,NA,NA,NA
20488,NA,NA,NA,NA
20489,NA,NA,NA,NA
20490,NA,NA,NA,NA
20491,NA,NA,NA,NA
20492,NA,NA,NA,NA
20493,NA,NA,NA,NA
20494,NA,NA,NA,NA
20495,NSS,NSS,NSS,NSS
20496,1,1,0,0
20497,NA,NA,NA,NA
20498,NA,NA,NA,NA
20499,NA,NA,NA,NA
20500,NA,NA,NA,NA
20501,NA,NA,NA,NA
20502,NA,NA,NA,NA
20503,NA,NA,NA,NA
20504,NA,NA,NA,NA
20505,NA,NA,NA,NA
20506,NA,NA,NA,NA
20507,NA,NA,NA,NA
20508,NA,NA,NA,NA
20509,NA,NA,NA,NA
20510,NA,NA,NA,NA
20511,NA,NA,NA,NA
20512,NA,NA,NA,NA
20513,NA,NA,NA,NA
20514,NA,NA,NA,NA
20515,NA,NA,NA,NA
20516,NA,NA,NA,NA
20517,NA,NA,NA,NA
20518,NA,NA,NA,NA
20519,NA,NA,NA,NA
20520,NA,NA,NA,NA
20521,NA,NA,NA,NA
20522,NA,NA,NA,NA
20523,NA,NA,NA,NA
20524,NA,NA,NA,NA
20525,NA,NA,NA,NA
20526,NA,NA,NA,NA
20527,NA,NA,NA,NA
20528,NA,NA,NA,NA
20529,NA,NA,NA,NA
20530,NA,NA,NA,NA
20531,NA,NA,NA,NA
20532,NA,NA,NA,NA
20533,NA,NA,NA,NA
20534,NA,NA,NA,NA
20535,NA,NA,NA,NA
20536,NA,NA,NA,NA
20537,NA,NA,NA,NA
20538,NA,NA,NA,NA
20539,NA,NA,NA,NA
20540,NA,NA,NA,NA
20541,NA,NA,NA,NA
20542,NA,NA,NA,NA
20543,NA,NA,NA,NA
20544,NA,NA,NA,NA
20545,NA,NA,NA,NA
20546,NA,NA,NA,NA
20547,NA,NA,NA,NA
20548,NA,NA,NA,NA
20549,NA,NA,NA,NA
20550,NA,NA,NA,NA
20551,NA,NA,NA,NA
20552,NA,NA,NA,NA
20553,NA,NA,NA,NA
20554,NA,NA,NA,NA
20555,NA,NA,NA,NA
20556,NA,NA,NA,NA
20557,NA,NA,NA,NA
20558,NA,NA,NA,NA
20559,NA,NA,NA,NA
20560,NA,NA,NA,NA
20561,NA,NA,NA,NA
20562,NA,NA,NA,NA
20563,NA,NA,NA,NA
20564,NA,NA,NA,NA
20565,NA,NA,NA,NA
20566,NA,NA,NA,NA
20567,NA,NA,NA,NA
20568,NSS,NSS,NSS,NSS
20569,NA,NA,NA,NA
20570,NA,NA,NA,NA
21001,NA,NA,NA,NA
21002,NA,NA,NA,NA
21003,NA,NA,NA,NA
21004,NA,NA,NA,NA
21005,NA,NA,NA,NA
21006,NA,NA,NA,NA
21007,NA,NA,NA,NA
21008,NA,NA,NA,NA
21009,NA,NA,NA,NA
21010,NA,NA,NA,NA
21011,NA,NA,NA,NA
21012,NA,NA,NA,NA
21013,NA,NA,NA,NA
21014,NA,NA,NA,NA
21015,NA,NA,NA,NA
21016,NA,NA,NA,NA
21017,NA,NA,NA,NA
21018,NA,NA,NA,NA
21019,NA,NA,NA,NA
21020,NA,NA,NA,NA
21021,NA,NA,NA,NA
21022,NA,NA,NA,NA
21023,NA,NA,NA,NA
21024,NA,NA,NA,NA
21025,NA,NA,NA,NA
21026,NA,NA,NA,NA
21027,NA,NA,NA,NA
21028,NA,NA,NA,NA
21029,NA,NA,NA,NA
21030,NA,NA,NA,NA
21031,NA,NA,NA,NA
21032,NA,NA,NA,NA
21033,NA,NA,NA,NA
21034,1,1,0,0
21035,NA,NA,NA,NA
21036,NA,NA,NA,NA
21037,NA,NA,NA,NA
21038,NA,NA,NA,NA
21039,NA,NA,NA,NA
21040,NA,NA,NA,NA
21041,2,0,2,0
21042,NA,NA,NA,NA
21043,NA,NA,NA,NA
21044,NA,NA,NA,NA
21045,NSS,NSS,NSS,NSS
21046,NA,NA,NA,NA
21047,NA,NA,NA,NA
21048,NA,NA,NA,NA
21049,NA,NA,NA,NA
21050,NA,NA,NA,NA
21051,NA,NA,NA,NA
21052,NA,NA,NA,NA
21053,1,1,0,0
21054,NA,NA,NA,NA
21055,NA,NA,NA,NA
21056,NA,NA,NA,NA
21057,NA,NA,NA,NA
21058,NA,NA,NA,NA
21059,NA,NA,NA,NA
21060,NA,NA,NA,NA
21061,NA,NA,NA,NA
21062,NA,NA,NA,NA
21063,NA,NA,NA,NA
21064,NA,NA,NA,NA
21065,NA,NA,NA,NA
21066,NA,NA,NA,NA
21067,NA,NA,NA,NA
21068,NA,NA,NA,NA
21069,NA,NA,NA,NA
21070,NA,NA,NA,NA
21071,NA,NA,NA,NA
21072,NA,NA,NA,NA
21073,NA,NA,NA,NA
21074,NA,NA,NA,NA
21075,NA,NA,NA,NA
21076,NA,NA,NA,NA
21077,NA,NA,NA,NA
21078,NA,NA,NA,NA
21079,NA,NA,NA,NA
21080,NA,NA,NA,NA
21081,NA,NA,NA,NA
21082,NA,NA,NA,NA
21083,NA,NA,NA,NA
21084,NA,NA,NA,NA
21085,NA,NA,NA,NA
21086,NA,NA,NA,NA
21087,NA,NA,NA,NA
21088,NA,NA,NA,NA
21089,NA,NA,NA,NA
21090,NA,NA,NA,NA
21091,NA,NA,NA,NA
21092,NA,NA,NA,NA
21093,NA,NA,NA,NA
21094,NA,NA,NA,NA
21095,NA,NA,NA,NA
21096,NA,NA,NA,NA
21097,NA,NA,NA,NA
21098,NA,NA,NA,NA
21099,NA,NA,NA,NA
21100,NA,NA,NA,NA
21101,NA,NA,NA,NA
21102,NA,NA,NA,NA
21103,NA,NA,NA,NA
21104,NA,NA,NA,NA
21105,NA,NA,NA,NA
21106,NA,NA,NA,NA
21107,NA,NA,NA,NA
21108,NA,NA,NA,NA
21109,NA,NA,NA,NA
21110,NA,NA,NA,NA
21111,NA,NA,NA,NA
21112,NA,NA,NA,NA
21113,NA,NA,NA,NA
21114,2,2,0,0
21115,NA,NA,NA,NA
21116,NA,NA,NA,NA
21117,NA,NA,NA,NA
21118,NA,NA,NA,NA
21119,NA,NA,NA,NA
21120,NA,NA,NA,NA
21121,NA,NA,NA,NA
21122,NA,NA,NA,NA
21123,NA,NA,NA,NA
21124,NA,NA,NA,NA
21125,NA,NA,NA,NA
21126,NA,NA,NA,NA
21127,NA,NA,NA,NA
21128,NA,NA,NA,NA
21129,NA,NA,NA,NA
21130,NA,NA,NA,NA
21131,NA,NA,NA,NA
21132,NA,NA,NA,NA
21133,NA,NA,NA,NA
21134,NA,NA,NA,NA
21135,NA,NA,NA,NA
21136,1,1,0,0
21137,NA,NA,NA,NA
21138,NA,NA,NA,NA
21139,NA,NA,NA,NA
21140,NA,NA,NA,NA
21141,NA,NA,NA,NA
21142,NA,NA,NA,NA
21143,NA,NA,NA,NA
21144,NA,NA,NA,NA
21145,NA,NA,NA,NA
21146,NA,NA,NA,NA
21147,NA,NA,NA,NA
21148,NA,NA,NA,NA
21149,NA,NA,NA,NA
21150,NA,NA,NA,NA
21151,NA,NA,NA,NA
21152,NA,NA,NA,NA
21153,NA,NA,NA,NA
21154,NA,NA,NA,NA
21155,NA,NA,NA,NA
21156,1,1,0,0
21157,NA,NA,NA,NA
21158,NA,NA,NA,NA
21159,NA,NA,NA,NA
21160,NA,NA,NA,NA
21161,1,1,0,0
21162,NA,NA,NA,NA
21163,NA,NA,NA,NA
21164,1,0,0,1
21165,NA,NA,NA,NA
21166,NA,NA,NA,NA
21167,NA,NA,NA,NA
21168,NA,NA,NA,NA
21169,NA,NA,NA,NA
21170,NA,NA,NA,NA
21171,NA,NA,NA,NA
21172,NA,NA,NA,NA
21173,NA,NA,NA,NA
21174,NA,NA,NA,NA
21175,NA,NA,NA,NA
21176,NA,NA,NA,NA
21177,NA,NA,NA,NA
21178,NA,NA,NA,NA
21179,NA,NA,NA,NA
21180,NA,NA,NA,NA
21181,NA,NA,NA,NA
21182,NA,NA,NA,NA
21183,NA,NA,NA,NA
21184,NA,NA,NA,NA
21185,NA,NA,NA,NA
21186,NA,NA,NA,NA
21187,NA,NA,NA,NA
21188,NA,NA,NA,NA
21189,NA,NA,NA,NA
21190,NA,NA,NA,NA
21191,NA,NA,NA,NA
21192,NA,NA,NA,NA
21193,NA,NA,NA,NA
21194,NA,NA,NA,NA
21195,NA,NA,NA,NA
21196,NA,NA,NA,NA
21197,NA,NA,NA,NA
21198,NA,NA,NA,NA
21199,NA,NA,NA,NA
21200,NA,NA,NA,NA
21201,NA,NA,NA,NA
21202,NA,NA,NA,NA
21203,NA,NA,NA,NA
21204,NA,NA,NA,NA
21205,NA,NA,NA,NA
21206,NA,NA,NA,NA
21207,NA,NA,NA,NA
21208,1,1,0,0
21209,NA,NA,NA,NA
21210,NA,NA,NA,NA
21211,NA,NA,NA,NA
21212,1,1,0,0
21213,NA,NA,NA,NA
21214,NA,NA,NA,NA
21215,NA,NA,NA,NA
21216,NA,NA,NA,NA
21217,NA,NA,NA,NA
22001,NA,NA,NA,NA
22002,NA,NA,NA,NA
22003,NA,NA,NA,NA
22004,NA,NA,NA,NA
22005,1,1,0,0
22006,NA,NA,NA,NA
22007,NA,NA,NA,NA
22008,NA,NA,NA,NA
22009,NA,NA,NA,NA
22010,NA,NA,NA,NA
22011,NA,NA,NA,NA
22012,NA,NA,NA,NA
22013,NA,NA,NA,NA
22014,6,6,0,0
22015,NA,NA,NA,NA
22016,NA,NA,NA,NA
22017,NA,NA,NA,NA
22018,NA,NA,NA,NA
23001,NA,NA,NA,NA
23002,NA,NA,NA,NA
23003,NA,NA,NA,NA
23004,NA,NA,NA,NA
23005,NA,NA,NA,NA
23006,NA,NA,NA,NA
23007,NA,NA,NA,NA
23008,NA,NA,NA,NA
23009,NA,NA,NA,NA
23010,NA,NA,NA,NA
23011,NA,NA,NA,NA
24001,NA,NA,NA,NA
24002,NA,NA,NA,NA
24003,NA,NA,NA,NA
24004,NA,NA,NA,NA
24005,NA,NA,NA,NA
24006,NA,NA,NA,NA
24007,NA,NA,NA,NA
24008,NA,NA,NA,NA
24009,NA,NA,NA,NA
24010,1,1,0,0
24011,2,2,0,0
24012,NA,NA,NA,NA
24013,1,1,0,0
24014,NA,NA,NA,NA
24015,NA,NA,NA,NA
24016,NA,NA,NA,NA
24017,1,1,0,0
24018,NA,NA,NA,NA
24019,NA,NA,NA,NA
24020,NA,NA,NA,NA
24021,NA,NA,NA,NA
24022,NA,NA,NA,NA
24023,NA,NA,NA,NA
24024,1,1,0,0
24025,NA,NA,NA,NA
24026,NA,NA,NA,NA
24027,NA,NA,NA,NA
24028,1,1,0,0
24029,NA,NA,NA,NA
24030,NA,NA,NA,NA
24031,NA,NA,NA,NA
24032,NA,NA,NA,NA
24033,NA,NA,NA,NA
24034,NA,NA,NA,NA
24035,NA,NA,NA,NA
24036,NA,NA,NA,NA
24037,NA,NA,NA,NA
24038,NA,NA,NA,NA
24039,NA,NA,NA,NA
24040,NA,NA,NA,NA
24041,NA,NA,NA,NA
24042,NA,NA,NA,NA
24043,NA,NA,NA,NA
24044,NA,NA,NA,NA
24045,NA,NA,NA,NA
24046,NA,NA,NA,NA
24047,NA,NA,NA,NA
24048,NA,NA,NA,NA
24049,NSS,NSS,NSS,NSS
24050,NA,NA,NA,NA
24051,NA,NA,NA,NA
24052,NA,NA,NA,NA
24053,NA,NA,NA,NA
24054,NA,NA,NA,NA
24055,NA,NA,NA,NA
24056,NA,NA,NA,NA
24057,NA,NA,NA,NA
24058,NA,NA,NA,NA
25001,NA,NA,NA,NA
25002,NA,NA,NA,NA
25003,NA,NA,NA,NA
25004,NA,NA,NA,NA
25005,NA,NA,NA,NA
25006,NA,NA,NA,NA
25007,NA,NA,NA,NA
25008,NA,NA,NA,NA
25009,NA,NA,NA,NA
25010,NA,NA,NA,NA
25011,NA,NA,NA,NA
25012,NA,NA,NA,NA
25013,NA,NA,NA,NA
25014,NA,NA,NA,NA
25015,NA,NA,NA,NA
25016,NA,NA,NA,NA
25017,NA,NA,NA,NA
25018,NA,NA,NA,NA
26001,NA,NA,NA,NA
26002,NA,NA,NA,NA
26003,NA,NA,NA,NA
26004,NA,NA,NA,NA
26005,NA,NA,NA,NA
26006,NA,NA,NA,NA
26007,NA,NA,NA,NA
26008,NA,NA,NA,NA
26009,NA,NA,NA,NA
26010,NA,NA,NA,NA
26011,NA,NA,NA,NA
26012,NA,NA,NA,NA
26013,NA,NA,NA,NA
26014,NA,NA,NA,NA
26015,NA,NA,NA,NA
26016,NA,NA,NA,NA
26017,2,1,1,0
26018,NSS,NSS,NSS,NSS
26019,NA,NA,NA,NA
26020,NA,NA,NA,NA
26021,NA,NA,NA,NA
26022,NA,NA,NA,NA
26023,NA,NA,NA,NA
26024,NA,NA,NA,NA
26025,NA,NA,NA,NA
26026,NA,NA,NA,NA
26027,NA,NA,NA,NA
26028,NA,NA,NA,NA
26029,NA,NA,NA,NA
26030,1,1,0,0
26031,NA,NA,NA,NA
26032,NA,NA,NA,NA
26033,1,1,0,0
26034,NA,NA,NA,NA
26035,NA,NA,NA,NA
26036,NA,NA,NA,NA
26037,NA,NA,NA,NA
26038,NA,NA,NA,NA
26039,NA,NA,NA,NA
26040,NA,NA,NA,NA
26041,NA,NA,NA,NA
26042,NA,NA,NA,NA
26043,NA,NA,NA,NA
26044,NA,NA,NA,NA
26045,NA,NA,NA,NA
26046,NA,NA,NA,NA
26047,NA,NA,NA,NA
26048,NSS,NSS,NSS,NSS
26049,NA,NA,NA,NA
26050,NA,NA,NA,NA
26051,1,0,1,0
26052,NA,NA,NA,NA
26053,NA,NA,NA,NA
26054,NA,NA,NA,NA
26055,1,0,0,1
26056,NA,NA,NA,NA
26057,NA,NA,NA,NA
26058,NA,NA,NA,NA
26059,NA,NA,NA,NA
26060,NA,NA,NA,NA
26061,NA,NA,NA,NA
26062,NA,NA,NA,NA
26063,NA,NA,NA,NA
26064,NA,NA,NA,NA
26065,NA,NA,NA,NA
26066,NA,NA,NA,NA
26067,NA,NA,NA,NA
26068,NSS,NSS,NSS,NSS
26069,NA,NA,NA,NA
26070,NA,NA,NA,NA
26071,NA,NA,NA,NA
26072,NA,NA,NA,NA
27001,1,1,0,0
27002,1,1,0,0
27003,NA,NA,NA,NA
27004,NA,NA,NA,NA
27005,NA,NA,NA,NA
27006,NA,NA,NA,NA
27007,NA,NA,NA,NA
27008,2,2,0,0
27009,NA,NA,NA,NA
27010,NA,NA,NA,NA
27011,NA,NA,NA,NA
27012,NA,NA,NA,NA
27013,NA,NA,NA,NA
27014,NA,NA,NA,NA
27015,NA,NA,NA,NA
27016,NA,NA,NA,NA
27017,NA,NA,NA,NA
28001,NA,NA,NA,NA
28002,NA,NA,NA,NA
28003,NA,NA,NA,NA
28004,NA,NA,NA,NA
28005,NA,NA,NA,NA
28006,NA,NA,NA,NA
28007,NA,NA,NA,NA
28008,NA,NA,NA,NA
28009,NA,NA,NA,NA
28010,NA,NA,NA,NA
28011,NA,NA,NA,NA
28012,NA,NA,NA,NA
28013,NA,NA,NA,NA
28014,NA,NA,NA,NA
28015,NA,NA,NA,NA
28016,NA,NA,NA,NA
28017,NA,NA,NA,NA
28018,NA,NA,NA,NA
28019,NA,NA,NA,NA
28020,NA,NA,NA,NA
28021,NA,NA,NA,NA
28022,NA,NA,NA,NA
28023,NA,NA,NA,NA
28024,NA,NA,NA,NA
28025,NA,NA,NA,NA
28026,NA,NA,NA,NA
28027,NA,NA,NA,NA
28028,NA,NA,NA,NA
28029,NA,NA,NA,NA
28030,NA,NA,NA,NA
28031,NA,NA,NA,NA
28032,NA,NA,NA,NA
28033,NA,NA,NA,NA
28034,NA,NA,NA,NA
28035,NA,NA,NA,NA
28036,NA,NA,NA,NA
28037,NA,NA,NA,NA
28038,NA,NA,NA,NA
28039,NA,NA,NA,NA
28040,NA,NA,NA,NA
28041,NA,NA,NA,NA
28042,NA,NA,NA,NA
28043,NA,NA,NA,NA
29001,NA,NA,NA,NA
29002,NA,NA,NA,NA
29003,NA,NA,NA,NA
29004,NA,NA,NA,NA
29005,NA,NA,NA,NA
29006,NA,NA,NA,NA
29007,NA,NA,NA,NA
29008,NA,NA,NA,NA
29009,NA,NA,NA,NA
29010,NA,NA,NA,NA
29011,NA,NA,NA,NA
29012,NA,NA,NA,NA
29013,NA,NA,NA,NA
29014,NA,NA,NA,NA
29015,NA,NA,NA,NA
29016,NA,NA,NA,NA
29017,NA,NA,NA,NA
29018,NA,NA,NA,NA
29019,NA,NA,NA,NA
29020,NA,NA,NA,NA
29021,NA,NA,NA,NA
29022,NA,NA,NA,NA
29023,NA,NA,NA,NA
29024,NA,NA,NA,NA
29025,NA,NA,NA,NA
29026,NA,NA,NA,NA
29027,NA,NA,NA,NA
29028,NA,NA,NA,NA
29029,NA,NA,NA,NA
29030,NA,NA,NA,NA
29031,NA,NA,NA,NA
29032,NA,NA,NA,NA
29033,NA,NA,NA,NA
29034,5,3,2,0
29035,NA,NA,NA,NA
29036,NA,NA,NA,NA
29037,NA,NA,NA,NA
29038,NA,NA,NA,NA
29039,10,6,4,0
29040,NA,NA,NA,NA
29041,NA,NA,NA,NA
29042,2,1,1,0
29043,NA,NA,NA,NA
29044,NA,NA,NA,NA
29045,NA,NA,NA,NA
29046,NA,NA,NA,NA
29047,2,2,0,0
29048,NA,NA,NA,NA
29049,NA,NA,NA,NA
29050,NA,NA,NA,NA
29051,NA,NA,NA,NA
29052,NA,NA,NA,NA
29053,NA,NA,NA,NA
29054,NA,NA,NA,NA
29055,NA,NA,NA,NA
29056,NA,NA,NA,NA
29057,NA,NA,NA,NA
29058,NA,NA,NA,NA
29059,NA,NA,NA,NA
29060,NA,NA,NA,NA
30001,NA,NA,NA,NA
30002,NA,NA,NA,NA
30003,NA,NA,NA,NA
30004,NA,NA,NA,NA
30005,NA,NA,NA,NA
30006,NSS,NSS,NSS,NSS
30007,NA,NA,NA,NA
30008,NA,NA,NA,NA
30009,NA,NA,NA,NA
30010,NA,NA,NA,NA
30011,NA,NA,NA,NA
30012,NA,NA,NA,NA
30013,NA,NA,NA,NA
30014,NSS,NSS,NSS,NSS
30015,1,0,1,0
30016,NA,NA,NA,NA
30017,NA,NA,NA,NA
30018,NA,NA,NA,NA
30019,NA,NA,NA,NA
30020,NA,NA,NA,NA
30021,NA,NA,NA,NA
30022,NA,NA,NA,NA
30023,NA,NA,NA,NA
30024,NA,NA,NA,NA
30025,NA,NA,NA,NA
30026,NA,NA,NA,NA
30027,NA,NA,NA,NA
30028,3,3,0,0
30029,NA,NA,NA,NA
30030,NA,NA,NA,NA
30031,NA,NA,NA,NA
30032,NA,NA,NA,NA
30033,NA,NA,NA,NA
30034,NA,NA,NA,NA
30035,NA,NA,NA,NA
30036,NA,NA,NA,NA
30037,NA,NA,NA,NA
30038,NA,NA,NA,NA
30039,NA,NA,NA,NA
30040,NA,NA,NA,NA
30041,NA,NA,NA,NA
30042,NA,NA,NA,NA
30043,NA,NA,NA,NA
30044,NA,NA,NA,NA
30045,NA,NA,NA,NA
30046,NA,NA,NA,NA
30047,NA,NA,NA,NA
30048,NA,NA,NA,NA
30049,NA,NA,NA,NA
30050,NA,NA,NA,NA
30051,NA,NA,NA,NA
30052,NA,NA,NA,NA
30053,NA,NA,NA,NA
30054,NA,NA,NA,NA
30055,NA,NA,NA,NA
30056,NA,NA,NA,NA
30057,NA,NA,NA,NA
30058,NA,NA,NA,NA
30059,NA,NA,NA,NA
30060,NA,NA,NA,NA
30061,NA,NA,NA,NA
30062,NA,NA,NA,NA
30063,NA,NA,NA,NA
30064,NA,NA,NA,NA
30065,NA,NA,NA,NA
30066,NA,NA,NA,NA
30067,NA,NA,NA,NA
30068,NSS,NSS,NSS,NSS
30069,NA,NA,NA,NA
30070,NA,NA,NA,NA
30071,NA,NA,NA,NA
30072,NA,NA,NA,NA
30073,NA,NA,NA,NA
30074,NSS,NSS,NSS,NSS
30075,NSS,NSS,NSS,NSS
30076,NA,NA,NA,NA
30077,NA,NA,NA,NA
30078,NA,NA,NA,NA
30079,NA,NA,NA,NA
30080,NA,NA,NA,NA
30081,NA,NA,NA,NA
30082,NSS,NSS,NSS,NSS
30083,NA,NA,NA,NA
30084,NA,NA,NA,NA
30085,NA,NA,NA,NA
30086,NA,NA,NA,NA
30087,NA,NA,NA,NA
30088,NA,NA,NA,NA
30089,NA,NA,NA,NA
30090,NA,NA,NA,NA
30091,NA,NA,NA,NA
30092,NSS,NSS,NSS,NSS
30093,NSS,NSS,NSS,NSS
30094,NA,NA,NA,NA
30095,NA,NA,NA,NA
30096,NA,NA,NA,NA
30097,NA,NA,NA,NA
30098,NA,NA,NA,NA
30099,NSS,NSS,NSS,NSS
30100,NA,NA,NA,NA
30101,NA,NA,NA,NA
30102,NA,NA,NA,NA
30103,NA,NA,NA,NA
30104,NA,NA,NA,NA
30105,NSS,NSS,NSS,NSS
30106,NA,NA,NA,NA
30107,NA,NA,NA,NA
30108,NA,NA,NA,NA
30109,NA,NA,NA,NA
30110,NA,NA,NA,NA
30111,NA,NA,NA,NA
30112,NA,NA,NA,NA
30113,NA,NA,NA,NA
30114,NA,NA,NA,NA
30115,NSS,NSS,NSS,NSS
30116,NA,NA,NA,NA
30117,1,0,1,0
30118,1,0,1,0
30119,NSS,NSS,NSS,NSS
30120,NA,NA,NA,NA
30121,NA,NA,NA,NA
30122,NA,NA,NA,NA
30123,NA,NA,NA,NA
30124,NA,NA,NA,NA
30125,NSS,NSS,NSS,NSS
30126,NA,NA,NA,NA
30127,3,3,0,0
30128,NA,NA,NA,NA
30129,NA,NA,NA,NA
30130,NA,NA,NA,NA
30131,NA,NA,NA,NA
30132,NA,NA,NA,NA
30133,NA,NA,NA,NA
30134,NA,NA,NA,NA
30135,NA,NA,NA,NA
30136,NA,NA,NA,NA
30137,NA,NA,NA,NA
30138,NSS,NSS,NSS,NSS
30139,NA,NA,NA,NA
30140,NA,NA,NA,NA
30141,NA,NA,NA,NA
30142,NA,NA,NA,NA
30143,NA,NA,NA,NA
30144,NSS,NSS,NSS,NSS
30145,NA,NA,NA,NA
30146,NA,NA,NA,NA
30147,NSS,NSS,NSS,NSS
30148,NA,NA,NA,NA
30149,NA,NA,NA,NA
30150,NA,NA,NA,NA
30151,NA,NA,NA,NA
30152,NA,NA,NA,NA
30153,NA,NA,NA,NA
30154,NA,NA,NA,NA
30155,NA,NA,NA,NA
30156,NA,NA,NA,NA
30157,NA,NA,NA,NA
30158,NSS,NSS,NSS,NSS
30159,NA,NA,NA,NA
30160,NA,NA,NA,NA
30161,NA,NA,NA,NA
30162,NA,NA,NA,NA
30163,NA,NA,NA,NA
30164,1,1,0,0
30165,NA,NA,NA,NA
30166,NA,NA,NA,NA
30167,NA,NA,NA,NA
30168,NA,NA,NA,NA
30169,NSS,NSS,NSS,NSS
30170,NA,NA,NA,NA
30171,NA,NA,NA,NA
30172,NA,NA,NA,NA
30173,NA,NA,NA,NA
30174,NA,NA,NA,NA
30175,NA,NA,NA,NA
30176,NA,NA,NA,NA
30177,NA,NA,NA,NA
30178,NA,NA,NA,NA
30179,NA,NA,NA,NA
30180,NA,NA,NA,NA
30181,NA,NA,NA,NA
30182,NSS,NSS,NSS,NSS
30183,NA,NA,NA,NA
30184,NA,NA,NA,NA
30185,NA,NA,NA,NA
30186,NA,NA,NA,NA
30187,NA,NA,NA,NA
30188,NA,NA,NA,NA
30189,NA,NA,NA,NA
30190,NA,NA,NA,NA
30191,NSS,NSS,NSS,NSS
30192,NA,NA,NA,NA
30193,NA,NA,NA,NA
30194,NA,NA,NA,NA
30195,NA,NA,NA,NA
30196,NA,NA,NA,NA
30197,NA,NA,NA,NA
30198,NA,NA,NA,NA
30199,NA,NA,NA,NA
30200,NA,NA,NA,NA
30201,NA,NA,NA,NA
30202,NA,NA,NA,NA
30203,NA,NA,NA,NA
30204,NA,NA,NA,NA
30205,NA,NA,NA,NA
30206,NSS,NSS,NSS,NSS
30207,1,1,0,0
30208,NA,NA,NA,NA
30209,NA,NA,NA,NA
30210,NA,NA,NA,NA
30211,NA,NA,NA,NA
30212,NA,NA,NA,NA
31001,NA,NA,NA,NA
31002,NA,NA,NA,NA
31003,NA,NA,NA,NA
31004,NA,NA,NA,NA
31005,NA,NA,NA,NA
31006,NA,NA,NA,NA
31007,NA,NA,NA,NA
31008,NA,NA,NA,NA
31009,NA,NA,NA,NA
31010,NA,NA,NA,NA
31011,NA,NA,NA,NA
31012,NA,NA,NA,NA
31013,NA,NA,NA,NA
31014,NA,NA,NA,NA
31015,NA,NA,NA,NA
31016,NA,NA,NA,NA
31017,NA,NA,NA,NA
31018,NA,NA,NA,NA
31019,NA,NA,NA,NA
31020,NA,NA,NA,NA
31021,NA,NA,NA,NA
31022,NA,NA,NA,NA
31023,NA,NA,NA,NA
31024,NA,NA,NA,NA
31025,NA,NA,NA,NA
31026,NA,NA,NA,NA
31027,NA,NA,NA,NA
31028,NA,NA,NA,NA
31029,NA,NA,NA,NA
31030,NA,NA,NA,NA
31031,NA,NA,NA,NA
31032,NA,NA,NA,NA
31033,3,3,0,0
31034,NA,NA,NA,NA
31035,NA,NA,NA,NA
31036,NA,NA,NA,NA
31037,NA,NA,NA,NA
31038,NA,NA,NA,NA
31039,NA,NA,NA,NA
31040,NA,NA,NA,NA
31041,NA,NA,NA,NA
31042,NA,NA,NA,NA
31043,NA,NA,NA,NA
31044,NA,NA,NA,NA
31045,NA,NA,NA,NA
31046,NA,NA,NA,NA
31047,NA,NA,NA,NA
31048,4,0,4,0
31049,NA,NA,NA,NA
31050,NA,NA,NA,NA
31051,NA,NA,NA,NA
31052,NA,NA,NA,NA
31053,NA,NA,NA,NA
31054,NA,NA,NA,NA
31055,NA,NA,NA,NA
31056,NA,NA,NA,NA
31057,NA,NA,NA,NA
31058,NA,NA,NA,NA
31059,NA,NA,NA,NA
31060,NA,NA,NA,NA
31061,NA,NA,NA,NA
31062,NA,NA,NA,NA
31063,NA,NA,NA,NA
31064,NA,NA,NA,NA
31065,NA,NA,NA,NA
31066,NA,NA,NA,NA
31067,NA,NA,NA,NA
31068,NA,NA,NA,NA
31069,NA,NA,NA,NA
31070,NA,NA,NA,NA
31071,NA,NA,NA,NA
31072,NA,NA,NA,NA
31073,NA,NA,NA,NA
31074,NA,NA,NA,NA
31075,NA,NA,NA,NA
31076,NA,NA,NA,NA
31077,NA,NA,NA,NA
31078,NA,NA,NA,NA
31079,NA,NA,NA,NA
31080,NA,NA,NA,NA
31081,NA,NA,NA,NA
31082,NA,NA,NA,NA
31083,NA,NA,NA,NA
31084,NA,NA,NA,NA
31085,NA,NA,NA,NA
31086,NA,NA,NA,NA
31087,NA,NA,NA,NA
31088,NA,NA,NA,NA
31089,NA,NA,NA,NA
31090,NA,NA,NA,NA
31091,NA,NA,NA,NA
31092,NA,NA,NA,NA
31093,NA,NA,NA,NA
31094,NA,NA,NA,NA
31095,NA,NA,NA,NA
31096,NA,NA,NA,NA
31097,NA,NA,NA,NA
31098,2,1,1,0
31099,NA,NA,NA,NA
31100,NA,NA,NA,NA
31101,NA,NA,NA,NA
31102,NA,NA,NA,NA
31103,NA,NA,NA,NA
31104,NA,NA,NA,NA
31105,NA,NA,NA,NA
31106,NA,NA,NA,NA
32001,NA,NA,NA,NA
32002,NA,NA,NA,NA
32003,NA,NA,NA,NA
32004,NA,NA,NA,NA
32005,NA,NA,NA,NA
32006,NA,NA,NA,NA
32007,NA,NA,NA,NA
32008,NA,NA,NA,NA
32009,NA,NA,NA,NA
32010,NSS,NSS,NSS,NSS
32011,NA,NA,NA,NA
32012,NA,NA,NA,NA
32013,NA,NA,NA,NA
32014,NA,NA,NA,NA
32015,NA,NA,NA,NA
32016,NA,NA,NA,NA
32017,NA,NA,NA,NA
32018,NA,NA,NA,NA
32019,NA,NA,NA,NA
32020,NA,NA,NA,NA
32021,NA,NA,NA,NA
32022,NA,NA,NA,NA
32023,NA,NA,NA,NA
32024,2,1,1,0
32025,NA,NA,NA,NA
32026,NA,NA,NA,NA
32027,NA,NA,NA,NA
32028,NA,NA,NA,NA
32029,NA,NA,NA,NA
32030,NA,NA,NA,NA
32031,NA,NA,NA,NA
32032,1,0,1,0
32033,NA,NA,NA,NA
32034,NA,NA,NA,NA
32035,NA,NA,NA,NA
32036,NA,NA,NA,NA
32037,1,1,0,0
32038,NA,NA,NA,NA
32039,NA,NA,NA,NA
32040,NA,NA,NA,NA
32041,NA,NA,NA,NA
32042,NA,NA,NA,NA
32043,NA,NA,NA,NA
32044,NA,NA,NA,NA
32045,NA,NA,NA,NA
32046,3,3,0,0
32047,NA,NA,NA,NA
32048,NA,NA,NA,NA
32049,1,1,0,0
32050,NA,NA,NA,NA
32051,NA,NA,NA,NA
32052,NA,NA,NA,NA
32053,NA,NA,NA,NA
32054,NA,NA,NA,NA
32055,NA,NA,NA,NA
32056,NA,NA,NA,NA
32057,NA,NA,NA,NA
32058,NA,NA,NA,NA
