ubicageo_f,rnsnni1,acfoic1,acfoic2,acfoic3,acfoic4,acfoic6,acfoic7,acfoic8,acfoic9,sexostt,sexos1,sexos2
1001,1,3,3,0,0,3,3,0,0,1200,930,270
1002,1,13,13,0,0,13,13,0,0,13,8,5
1003,1,1,1,0,0,1,1,0,0,4,0,4
1004,1,9,9,0,0,9,9,0,0,21,12,9
1005,1,24,24,0,0,24,24,0,0,24,7,17
1006,1,13,12,0,1,13,12,0,1,41,16,25
1007,1,44,44,0,0,44,44,0,0,44,31,13
1008,1,9,9,0,0,9,9,0,0,19,13,6
1009,1,3,0,3,0,3,0,3,0,3,2,1
1010,1,8,8,0,0,8,8,0,0,28,17,11
1011,1,1,1,0,0,1,1,0,0,10,2,8
2001,1,60,60,0,0,60,60,0,0,60,30,30
2002,1,1465,0,0,1465,1465,0,0,1465,1465,1067,398
2003,2,NA,NA,NA,NA,NA,NA,NA,NA,NA,NA,NA
2004,1,129,73,56,0,129,73,56,0,1496,1244,252
2005,1,14,5,2,7,14,5,2,7,52,48,4
2006,1,1,1,0,0,1,1,0,0,69,62,7
2007,2,NA,NA,NA,NA,NA,NA,NA,NA,NA,NA,NA
3001,2,NA,NA,NA,NA,NA,NA,NA,NA,NA,NA,NA
3002,9,NSS,NSS,NSS,NSS,NSS,NSS,NSS,NSS,NSS,NSS,NSS
3003,1,55,55,0,0,55,55,0,0,1544,1143,401
3008,1,7,3,4,0,7,3,4,0,210,136,74
3009,1,17,11,6,0,17,11,6,0,95,57,38
4001,2,NA,NA,NA,NA,NA,NA,NA,NA,NA,NA,NA
4002,2,NA,NA,NA,NA,NA,NA,NA,NA,NA,NA,NA
4003,1,3,3,0,0,3,3,0,0,246,208,38
4004,2,NA,NA,NA,NA,NA,NA,NA,NA,NA,NA,NA
4005,2,NA,NA,NA,NA,NA,NA,NA,NA,NA,NA,NA
4006,9,NSS,NSS,NSS,NSS,NSS,NSS,NSS,NSS,NSS,NSS,NSS
4007,1,6,4,2,0,6,4,2,0,29,29,0
4008,2,NA,NA,NA,NA,NA,NA,NA,NA,NA,NA,NA
4009,1,2,0,2,0,2,0,2,0,31,30,1
4010,2,NA,NA,NA,NA,NA,NA,NA,NA,NA,NA,NA
4011,2,NA,NA,NA,NA,NA,NA,NA,NA,NA,NA,NA
4012,0,NA,NA,NA,NA,NA,NA,NA,NA,NA,NA,NA
4013,0,NA,NA,NA,NA,NA,NA,NA,NA,NA,NA,NA
5001,2,NA,NA,NA,NA,NA,NA,NA,NA,NA,NA,NA
5002,2,NA,NA,NA,NA,NA,NA,NA,NA,NA,NA,NA
5003,2,NA,NA,NA,NA,NA,NA,NA,NA,NA,NA,NA
5004,2,NA,NA,NA,NA,NA,NA,NA,NA,NA,NA,NA
5005,1,4,0,4,0,4,0,4,0,3,2,1
5006,1,5,5,0,0,5,5,0,0,5,3,2
5007,2,NA,NA,NA,NA,NA,NA,NA,NA,NA,NA,NA
5008,0,NA,NA,NA,NA,NA,NA,NA,NA,NA,NA,NA
5009,2,NA,NA,NA,NA,NA,NA,NA,NA,NA,NA,NA
5010,2,NA,NA,NA,NA,NA,NA,NA,NA,NA,NA,NA
5011,2,NA,NA,NA,NA,NA,NA,NA,NA,NA,NA,NA
5012,0,NA,NA,NA,NA,NA,NA,NA,NA,NA,NA,NA
5013,0,NA,NA,NA,NA,NA,NA,NA,NA,NA,NA,NA
5014,2,NA,NA,NA,NA,NA,NA,NA,NA,NA,NA,NA
5015,0,NA,NA,NA,NA,NA,NA,NA,NA,NA,NA,NA
5016,1,3,0,3,0,3,0,3,0,10,9,1
5017,2,NA,NA,NA,NA,NA,NA,NA,NA,NA,NA,NA
5018,1,170,112,58,0,170,112,58,0,170,112,58
5019,1,10,1,0,9,6,1,0,5,2,1,1
5020,2,NA,NA,NA,NA,NA,NA,NA,NA,NA,NA,NA
5021,1,7,0,7,0,7,0,7,0,10,8,2
5022,2,NA,NA,NA,NA,NA,NA,NA,NA,NA,NA,NA
5023,2,NA,NA,NA,NA,NA,NA,NA,NA,NA,NA,NA
5024,1,20,10,10,0,20,10,10,0,39,32,7
5025,1,7,1,6,0,7,1,6,0,73,52,21
5026,0,NA,NA,NA,NA,NA,NA,NA,NA,NA,NA,NA
5027,1,52,52,0,0,52,52,0,0,52,43,9
5028,1,8,8,0,0,8,8,0,0,8,3,5
5029,2,NA,NA,NA,NA,NA,NA,NA,NA,NA,NA,NA
5030,2,NA,NA,NA,NA,NA,NA,NA,NA,NA,NA,NA
5031,1,16,0,16,0,16,0,16,0,16,14,2
5032,2,NA,NA,NA,NA,NA,NA,NA,NA,NA,NA,NA
5033,1,1,1,0,0,1,1,0,0,8,2,6
5034,1,1,1,0,0,1,1,0,0,13,11,2
5035,1,58,16,0,42,58,16,0,42,586,400,186
5036,2,NA,NA,NA,NA,NA,NA,NA,NA,NA,NA,NA
5037,1,4,0,4,0,4,0,4,0,4,2,2
5038,1,5,1,0,4,5,1,0,4,4,2,2
6001,1,7,7,0,0,7,7,0,0,31,18,13
6002,1,16,9,7,0,16,9,7,0,146,94,52
6003,2,NA,NA,NA,NA,NA,NA,NA,NA,NA,NA,NA
6004,1,6,3,3,0,6,3,3,0,46,39,7
6005,2,NA,NA,NA,NA,NA,NA,NA,NA,NA,NA,NA
6006,2,NA,NA,NA,NA,NA,NA,NA,NA,NA,NA,NA
6007,1,8,8,0,0,8,8,0,0,311,222,89
6008,1,4,4,0,0,4,4,0,0,4,0,4
6009,1,8,5,0,3,8,5,0,3,431,357,74
6010,2,NA,NA,NA,NA,NA,NA,NA,NA,NA,NA,NA
7001,1,1,1,0,0,1,1,0,0,7,4,3
7002,2,NA,NA,NA,NA,NA,NA,NA,NA,NA,NA,NA
7003,1,5,5,0,0,5,5,0,0,43,37,6
7004,1,2,2,0,0,2,2,0,0,69,58,11
7005,1,4,4,0,0,4,4,0,0,32,26,6
7006,2,NA,NA,NA,NA,NA,NA,NA,NA,NA,NA,NA
7007,2,NA,NA,NA,NA,NA,NA,NA,NA,NA,NA,NA
7008,2,NA,NA,NA,NA,NA,NA,NA,NA,NA,NA,NA
7009,2,NA,NA,NA,NA,NA,NA,NA,NA,NA,NA,NA
7010,2,NA,NA,NA,NA,NA,NA,NA,NA,NA,NA,NA
7011,2,NA,NA,NA,NA,NA,NA,NA,NA,NA,NA,NA
7012,1,2,2,0,0,2,2,0,0,10,3,7
7013,2,NA,NA,NA,NA,NA,NA,NA,NA,NA,NA,NA
7014,2,NA,NA,NA,NA,NA,NA,NA,NA,NA,NA,NA
7015,1,3,3,0,0,3,3,0,0,40,32,8
7016,2,NA,NA,NA,NA,NA,NA,NA,NA,NA,NA,NA
7017,2,NA,NA,NA,NA,NA,NA,NA,NA,NA,NA,NA
7018,1,1,1,0,0,1,1,0,0,22,17,5
7019,2,NA,NA,NA,NA,NA,NA,NA,NA,NA,NA,NA
7020,2,NA,NA,NA,NA,NA,NA,NA,NA,NA,NA,NA
7021,1,1,1,0,0,1,1,0,0,15,10,5
7022,2,NA,NA,NA,NA,NA,NA,NA,NA,NA,NA,NA
7023,2,NA,NA,NA,NA,NA,NA,NA,NA,NA,NA,NA
7024,2,NA,NA,NA,NA,NA,NA,NA,NA,NA,NA,NA
7025,1,5,5,0,0,5,5,0,0,24,16,8
7026,1,5,5,0,0,5,5,0,0,31,31,0
7027,2,NA,NA,NA,NA,NA,NA,NA,NA,NA,NA,NA
7028,2,NA,NA,NA,NA,NA,NA,NA,NA,NA,NA,NA
7029,2,NA,NA,NA,NA,NA,NA,NA,NA,NA,NA,NA
7030,1,2,2,0,0,2,2,0,0,2,2,0
7031,2,NA,NA,NA,NA,NA,NA,NA,NA,NA,NA,NA
7032,1,5,5,0,0,5,5,0,0,6,5,1
7033,2,NA,NA,NA,NA,NA,NA,NA,NA,NA,NA,NA
7034,2,NA,NA,NA,NA,NA,NA,NA,NA,NA,NA,NA
7035,1,6,6,0,0,6,6,0,0,41,24,17
7036,9,NSS,NSS,NSS,NSS,NSS,NSS,NSS,NSS,NSS,NSS,NSS
7037,1,4,4,0,0,4,4,0,0,57,44,13
7038,2,NA,NA,NA,NA,NA,NA,NA,NA,NA,NA,NA
7039,2,NA,NA,NA,NA,NA,NA,NA,NA,NA,NA,NA
7040,2,NA,NA,NA,NA,NA,NA,NA,NA,NA,NA,NA
7041,1,2,2,0,0,2,2,0,0,21,18,3
7042,2,NA,NA,NA,NA,NA,NA,NA,NA,NA,NA,NA
7043,1,3,3,0,0,3,3,0,0,26,16,10
7044,1,17,17,0,0,17,17,0,0,17,11,6
7045,1,1,1,0,0,1,1,0,0,19,18,1
7046,2,NA,NA,NA,NA,NA,NA,NA,NA,NA,NA,NA
7047,2,NA,NA,NA,NA,NA,NA,NA,NA,NA,NA,NA
7048,2,NA,NA,NA,NA,NA,NA,NA,NA,NA,NA,NA
7049,2,NA,NA,NA,NA,NA,NA,NA,NA,NA,NA,NA
7050,2,NA,NA,NA,NA,NA,NA,NA,NA,NA,NA,NA
7051,2,NA,NA,NA,NA,NA,NA,NA,NA,NA,NA,NA
7052,2,NA,NA,NA,NA,NA,NA,NA,NA,NA,NA,NA
7053,2,NA,NA,NA,NA,NA,NA,NA,NA,NA,NA,NA
7054,2,NA,NA,NA,NA,NA,NA,NA,NA,NA,NA,NA
7055,1,2,2,0,0,2,2,0,0,16,13,3
7056,2,NA,NA,NA,NA,NA,NA,NA,NA,NA,NA,NA
7057,2,NA,NA,NA,NA,NA,NA,NA,NA,NA,NA,NA
7058,2,NA,NA,NA,NA,NA,NA,NA,NA,NA,NA,NA
7059,2,NA,NA,NA,NA,NA,NA,NA,NA,NA,NA,NA
7060,2,NA,NA,NA,NA,NA,NA,NA,NA,NA,NA,NA
7061,1,5,3,2,0,5,3,2,0,140,109,31
7062,2,NA,NA,NA,NA,NA,NA,NA,NA,NA,NA,NA
7063,1,1,1,0,0,1,1,0,0,13,10,3
7064,2,NA,NA,NA,NA,NA,NA,NA,NA,NA,NA,NA
7065,2,NA,NA,NA,NA,NA,NA,NA,NA,NA,NA,NA
7066,2,NA,NA,NA,NA,NA,NA,NA,NA,NA,NA,NA
7067,1,10,10,0,0,10,10,0,0,27,17,10
7068,2,NA,NA,NA,NA,NA,NA,NA,NA,NA,NA,NA
7069,2,NA,NA,NA,NA,NA,NA,NA,NA,NA,NA,NA
7070,2,NA,NA,NA,NA,NA,NA,NA,NA,NA,NA,NA
7071,2,NA,NA,NA,NA,NA,NA,NA,NA,NA,NA,NA
7072,2,NA,NA,NA,NA,NA,NA,NA,NA,NA,NA,NA
7073,2,NA,NA,NA,NA,NA,NA,NA,NA,NA,NA,NA
7074,1,20,0,20,0,20,0,20,0,20,12,8
7075,2,NA,NA,NA,NA,NA,NA,NA,NA,NA,NA,NA
7076,1,5,5,0,0,5,5,0,0,39,37,2
7077,2,NA,NA,NA,NA,NA,NA,NA,NA,NA,NA,NA
7078,1,6,6,0,0,6,6,0,0,187,130,57
7079,2,NA,NA,NA,NA,NA,NA,NA,NA,NA,NA,NA
7080,2,NA,NA,NA,NA,NA,NA,NA,NA,NA,NA,NA
7081,2,NA,NA,NA,NA,NA,NA,NA,NA,NA,NA,NA
7082,2,NA,NA,NA,NA,NA,NA,NA,NA,NA,NA,NA
7083,2,NA,NA,NA,NA,NA,NA,NA,NA,NA,NA,NA
7084,2,NA,NA,NA,NA,NA,NA,NA,NA,NA,NA,NA
7085,1,12,12,0,0,12,12,0,0,12,10,2
7086,2,NA,NA,NA,NA,NA,NA,NA,NA,NA,NA,NA
7087,1,1,1,0,0,1,1,0,0,121,98,23
7088,1,11,11,0,0,1,1,0,0,13,12,1
7089,2,NA,NA,NA,NA,NA,NA,NA,NA,NA,NA,NA
7090,2,NA,NA,NA,NA,NA,NA,NA,NA,NA,NA,NA
7091,1,1,1,0,0,1,1,0,0,49,30,19
7092,2,NA,NA,NA,NA,NA,NA,NA,NA,NA,NA,NA
7093,2,NA,NA,NA,NA,NA,NA,NA,NA,NA,NA,NA
7094,2,NA,NA,NA,NA,NA,NA,NA,NA,NA,NA,NA
7096,2,NA,NA,NA,NA,NA,NA,NA,NA,NA,NA,NA
7097,1,5,5,0,0,5,5,0,0,80,60,20
7098,2,NA,NA,NA,NA,NA,NA,NA,NA,NA,NA,NA
7099,1,83,83,0,0,83,83,0,0,83,72,11
7100,2,NA,NA,NA,NA,NA,NA,NA,NA,NA,NA,NA
7101,1,18,18,0,0,18,18,0,0,625,468,157
7102,2,NA,NA,NA,NA,NA,NA,NA,NA,NA,NA,NA
7103,1,25,25,0,0,25,25,0,0,25,15,10
7104,2,NA,NA,NA,NA,NA,NA,NA,NA,NA,NA,NA
7105,1,5,5,0,0,5,5,0,0,46,27,19
7106,2,NA,NA,NA,NA,NA,NA,NA,NA,NA,NA,NA
7107,2,NA,NA,NA,NA,NA,NA,NA,NA,NA,NA,NA
7108,2,NA,NA,NA,NA,NA,NA,NA,NA,NA,NA,NA
7109,2,NA,NA,NA,NA,NA,NA,NA,NA,NA,NA,NA
7110,2,NA,NA,NA,NA,NA,NA,NA,NA,NA,NA,NA
7111,2,NA,NA,NA,NA,NA,NA,NA,NA,NA,NA,NA
7112,2,NA,NA,NA,NA,NA,NA,NA,NA,NA,NA,NA
7113,2,NA,NA,NA,NA,NA,NA,NA,NA,NA,NA,NA
7114,2,NA,NA,NA,NA,NA,NA,NA,NA,NA,NA,NA
7115,1,2,2,0,0,2,2,0,0,22,16,6
7116,2,NA,NA,NA,NA,NA,NA,NA,NA,NA,NA,NA
7117,1,3,3,0,0,3,3,0,0,3,0,3
7118,2,NA,NA,NA,NA,NA,NA,NA,NA,NA,NA,NA
7119,2,NA,NA,NA,NA,NA,NA,NA,NA,NA,NA,NA
7120,2,NA,NA,NA,NA,NA,NA,NA,NA,NA,NA,NA
7121,2,NA,NA,NA,NA,NA,NA,NA,NA,NA,NA,NA
7122,2,NA,NA,NA,NA,NA,NA,NA,NA,NA,NA,NA
7123,2,NA,NA,NA,NA,NA,NA,NA,NA,NA,NA,NA
7124,2,NA,NA,NA,NA,NA,NA,NA,NA,NA,NA,NA
7125,1,1,1,0,0,1,1,0,0,26,16,10
8001,2,NA,NA,NA,NA,NA,NA,NA,NA,NA,NA,NA
8002,2,NA,NA,NA,NA,NA,NA,NA,NA,NA,NA,NA
8003,2,NA,NA,NA,NA,NA,NA,NA,NA,NA,NA,NA
8004,1,2,1,1,0,2,1,1,0,15,8,7
8005,1,3,3,0,0,3,3,0,0,12,10,2
8006,2,NA,NA,NA,NA,NA,NA,NA,NA,NA,NA,NA
8007,1,2,2,0,0,2,2,0,0,17,14,3
8008,1,2,2,0,0,2,2,0,0,8,8,0
8009,2,NA,NA,NA,NA,NA,NA,NA,NA,NA,NA,NA
8010,2,NA,NA,NA,NA,NA,NA,NA,NA,NA,NA,NA
8011,2,NA,NA,NA,NA,NA,NA,NA,NA,NA,NA,NA
8012,1,4,0,4,0,4,0,4,0,4,2,2
8013,2,NA,NA,NA,NA,NA,NA,NA,NA,NA,NA,NA
8014,2,NA,NA,NA,NA,NA,NA,NA,NA,NA,NA,NA
8015,9,NSS,NSS,NSS,NSS,NSS,NSS,NSS,NSS,NSS,NSS,NSS
8016,2,NA,NA,NA,NA,NA,NA,NA,NA,NA,NA,NA
8017,1,4,2,2,0,4,2,2,0,40,16,24
8018,2,NA,NA,NA,NA,NA,NA,NA,NA,NA,NA,NA
8019,1,60,60,0,0,60,60,0,0,1990,1369,621
8020,2,NA,NA,NA,NA,NA,NA,NA,NA,NA,NA,NA
8021,1,4,4,0,0,4,4,0,0,27,16,11
8022,1,13,0,13,0,13,0,13,0,1,1,0
8023,2,NA,NA,NA,NA,NA,NA,NA,NA,NA,NA,NA
8024,2,NA,NA,NA,NA,NA,NA,NA,NA,NA,NA,NA
8025,2,NA,NA,NA,NA,NA,NA,NA,NA,NA,NA,NA
8026,1,12,0,0,12,12,0,0,12,4,4,0
8027,1,3,3,0,0,3,3,0,0,59,46,13
8028,2,NA,NA,NA,NA,NA,NA,NA,NA,NA,NA,NA
8029,2,NA,NA,NA,NA,NA,NA,NA,NA,NA,NA,NA
8030,1,15,15,0,0,15,15,0,0,15,13,2
8031,1,1,0,1,0,1,0,1,0,18,13,5
8032,9,NSS,NSS,NSS,NSS,NSS,NSS,NSS,NSS,NSS,NSS,NSS
8033,2,NA,NA,NA,NA,NA,NA,NA,NA,NA,NA,NA
8034,2,NA,NA,NA,NA,NA,NA,NA,NA,NA,NA,NA
8035,2,NA,NA,NA,NA,NA,NA,NA,NA,NA,NA,NA
8036,2,NA,NA,NA,NA,NA,NA,NA,NA,NA,NA,NA
8037,1,15,10,5,0,15,10,5,0,2914,1964,950
8038,2,NA,NA,NA,NA,NA,NA,NA,NA,NA,NA,NA
8039,2,NA,NA,NA,NA,NA,NA,NA,NA,NA,NA,NA
8040,2,NA,NA,NA,NA,NA,NA,NA,NA,NA,NA,NA
8041,2,NA,NA,NA,NA,NA,NA,NA,NA,NA,NA,NA
8042,2,NA,NA,NA,NA,NA,NA,NA,NA,NA,NA,NA
8043,2,NA,NA,NA,NA,NA,NA,NA,NA,NA,NA,NA
8044,2,NA,NA,NA,NA,NA,NA,NA,NA,NA,NA,NA
8045,2,NA,NA,NA,NA,NA,NA,NA,NA,NA,NA,NA
8046,2,NA,NA,NA,NA,NA,NA,NA,NA,NA,NA,NA
8047,2,NA,NA,NA,NA,NA,NA,NA,NA,NA,NA,NA
8048,2,NA,NA,NA,NA,NA,NA,NA,NA,NA,NA,NA
8049,2,NA,NA,NA,NA,NA,NA,NA,NA,NA,NA,NA
8050,1,3,2,1,0,3,2,1,0,111,76,35
8051,2,NA,NA,NA,NA,NA,NA,NA,NA,NA,NA,NA
8052,1,28,28,0,0,28,28,0,0,28,26,2
8053,2,NA,NA,NA,NA,NA,NA,NA,NA,NA,NA,NA
8054,2,NA,NA,NA,NA,NA,NA,NA,NA,NA,NA,NA
8055,1,7,7,0,0,7,7,0,0,46,34,12
8056,2,NA,NA,NA,NA,NA,NA,NA,NA,NA,NA,NA
8057,1,15,15,0,0,15,15,0,0,5,5,0
8058,2,NA,NA,NA,NA,NA,NA,NA,NA,NA,NA,NA
8059,1,10,0,10,0,10,0,10,0,9,4,5
8060,1,1,1,0,0,1,1,0,0,25,19,6
8061,2,NA,NA,NA,NA,NA,NA,NA,NA,NA,NA,NA
8062,1,3,0,3,0,3,0,3,0,30,30,0
8063,2,NA,NA,NA,NA,NA,NA,NA,NA,NA,NA,NA
8064,2,NA,NA,NA,NA,NA,NA,NA,NA,NA,NA,NA
8065,2,NA,NA,NA,NA,NA,NA,NA,NA,NA,NA,NA
8066,2,NA,NA,NA,NA,NA,NA,NA,NA,NA,NA,NA
8067,2,NA,NA,NA,NA,NA,NA,NA,NA,NA,NA,NA
9002,0,NA,NA,NA,NA,NA,NA,NA,NA,NA,NA,NA
9003,0,NA,NA,NA,NA,NA,NA,NA,NA,NA,NA,NA
9004,0,NA,NA,NA,NA,NA,NA,NA,NA,NA,NA,NA
9005,0,NA,NA,NA,NA,NA,NA,NA,NA,NA,NA,NA
9006,0,NA,NA,NA,NA,NA,NA,NA,NA,NA,NA,NA
9007,0,NA,NA,NA,NA,NA,NA,NA,NA,NA,NA,NA
9008,0,NA,NA,NA,NA,NA,NA,NA,NA,NA,NA,NA
9009,0,NA,NA,NA,NA,NA,NA,NA,NA,NA,NA,NA
9010,0,NA,NA,NA,NA,NA,NA,NA,NA,NA,NA,NA
9011,0,NA,NA,NA,NA,NA,NA,NA,NA,NA,NA,NA
9012,0,NA,NA,NA,NA,NA,NA,NA,NA,NA,NA,NA
9013,0,NA,NA,NA,NA,NA,NA,NA,NA,NA,NA,NA
9014,0,NA,NA,NA,NA,NA,NA,NA,NA,NA,NA,NA
9015,0,NA,NA,NA,NA,NA,NA,NA,NA,NA,NA,NA
9016,0,NA,NA,NA,NA,NA,NA,NA,NA,NA,NA,NA
9017,0,NA,NA,NA,NA,NA,NA,NA,NA,NA,NA,NA
10001,2,NA,NA,NA,NA,NA,NA,NA,NA,NA,NA,NA
10002,2,NA,NA,NA,NA,NA,NA,NA,NA,NA,NA,NA
10003,1,1,1,0,0,1,1,0,0,6,6,0
10004,2,NA,NA,NA,NA,NA,NA,NA,NA,NA,NA,NA
10005,1,615,615,0,0,615,615,0,0,615,419,196
10006,2,NA,NA,NA,NA,NA,NA,NA,NA,NA,NA,NA
10007,2,NA,NA,NA,NA,NA,NA,NA,NA,NA,NA,NA
10008,2,NA,NA,NA,NA,NA,NA,NA,NA,NA,NA,NA
10009,2,NA,NA,NA,NA,NA,NA,NA,NA,NA,NA,NA
10010,2,NA,NA,NA,NA,NA,NA,NA,NA,NA,NA,NA
10011,2,NA,NA,NA,NA,NA,NA,NA,NA,NA,NA,NA
10012,2,NA,NA,NA,NA,NA,NA,NA,NA,NA,NA,NA
10013,2,NA,NA,NA,NA,NA,NA,NA,NA,NA,NA,NA
10014,2,NA,NA,NA,NA,NA,NA,NA,NA,NA,NA,NA
10015,2,NA,NA,NA,NA,NA,NA,NA,NA,NA,NA,NA
10016,2,NA,NA,NA,NA,NA,NA,NA,NA,NA,NA,NA
10017,2,NA,NA,NA,NA,NA,NA,NA,NA,NA,NA,NA
10018,2,NA,NA,NA,NA,NA,NA,NA,NA,NA,NA,NA
10019,2,NA,NA,NA,NA,NA,NA,NA,NA,NA,NA,NA
10020,2,NA,NA,NA,NA,NA,NA,NA,NA,NA,NA,NA
10021,2,NA,NA,NA,NA,NA,NA,NA,NA,NA,NA,NA
10022,2,NA,NA,NA,NA,NA,NA,NA,NA,NA,NA,NA
10023,9,NSS,NSS,NSS,NSS,NSS,NSS,NSS,NSS,NSS,NSS,NSS
10024,2,NA,NA,NA,NA,NA,NA,NA,NA,NA,NA,NA
10025,2,NA,NA,NA,NA,NA,NA,NA,NA,NA,NA,NA
10026,2,NA,NA,NA,NA,NA,NA,NA,NA,NA,NA,NA
10027,2,NA,NA,NA,NA,NA,NA,NA,NA,NA,NA,NA
10028,2,NA,NA,NA,NA,NA,NA,NA,NA,NA,NA,NA
10029,2,NA,NA,NA,NA,NA,NA,NA,NA,NA,NA,NA
10030,2,NA,NA,NA,NA,NA,NA,NA,NA,NA,NA,NA
10031,2,NA,NA,NA,NA,NA,NA,NA,NA,NA,NA,NA
10032,2,NA,NA,NA,NA,NA,NA,NA,NA,NA,NA,NA
10033,2,NA,NA,NA,NA,NA,NA,NA,NA,NA,NA,NA
10034,1,3,1,2,0,3,1,2,0,21,17,4
10035,2,NA,NA,NA,NA,NA,NA,NA,NA,NA,NA,NA
10036,2,NA,NA,NA,NA,NA,NA,NA,NA,NA,NA,NA
10037,1,3,3,0,0,3,3,0,0,4,3,1
10038,1,7,1,6,0,7,1,6,0,9,5,4
10039,2,NA,NA,NA,NA,NA,NA,NA,NA,NA,NA,NA
11001,2,NA,NA,NA,NA,NA,NA,NA,NA,NA,NA,NA
11002,9,NSS,NSS,NSS,NSS,NSS,NSS,NSS,NSS,NSS,NSS,NSS
11003,1,45,39,6,0,45,39,6,0,881,496,385
11004,1,2,2,0,0,2,2,0,0,70,63,7
11005,2,NA,NA,NA,NA,NA,NA,NA,NA,NA,NA,NA
11006,1,1,1,0,0,1,1,0,0,13,12,1
11007,1,111,94,17,0,111,94,17,0,327,165,162
11008,9,NSS,NSS,NSS,NSS,NSS,NSS,NSS,NSS,NSS,NSS,NSS
11009,1,5,5,0,0,5,5,0,0,9,5,4
11010,9,NSS,NSS,NSS,NSS,NSS,NSS,NSS,NSS,NSS,NSS,NSS
11011,1,48,48,0,0,48,48,0,0,100,67,33
11012,1,8,0,8,0,8,0,8,0,36,28,8
11013,1,14,14,0,0,14,14,0,0,45,28,17
11014,2,NA,NA,NA,NA,NA,NA,NA,NA,NA,NA,NA
11015,1,189,189,0,0,189,189,0,0,189,115,74
11016,9,NSS,NSS,NSS,NSS,NSS,NSS,NSS,NSS,NSS,NSS,NSS
11017,1,45,42,3,0,45,42,3,0,754,528,226
11018,2,NA,NA,NA,NA,NA,NA,NA,NA,NA,NA,NA
11019,1,13,10,3,0,13,10,3,0,13,10,3
11020,1,2779,2779,0,0,2779,2779,0,0,2547,1806,741
11021,1,89,89,0,0,89,89,0,0,89,82,7
11022,2,NA,NA,NA,NA,NA,NA,NA,NA,NA,NA,NA
11023,1,20,20,0,0,20,20,0,0,292,233,59
11024,2,NA,NA,NA,NA,NA,NA,NA,NA,NA,NA,NA
11025,1,1,1,0,0,1,1,0,0,40,32,8
11026,2,NA,NA,NA,NA,NA,NA,NA,NA,NA,NA,NA
11027,1,143,143,0,0,143,143,0,0,143,87,56
11028,1,2,2,0,0,2,2,0,0,12,10,2
11029,1,47,47,0,0,47,47,0,0,46,39,7
11030,2,NA,NA,NA,NA,NA,NA,NA,NA,NA,NA,NA
11031,1,17,8,9,0,17,8,9,0,107,87,20
11032,2,NA,NA,NA,NA,NA,NA,NA,NA,NA,NA,NA
11033,1,1,1,0,0,1,1,0,0,74,46,28
11034,2,NA,NA,NA,NA,NA,NA,NA,NA,NA,NA,NA
11035,2,NA,NA,NA,NA,NA,NA,NA,NA,NA,NA,NA
11036,2,NA,NA,NA,NA,NA,NA,NA,NA,NA,NA,NA
11037,1,42,20,22,0,42,20,22,0,185,120,65
11038,9,NSS,NSS,NSS,NSS,NSS,NSS,NSS,NSS,NSS,NSS,NSS
11039,9,NSS,NSS,NSS,NSS,NSS,NSS,NSS,NSS,NSS,NSS,NSS
11040,1,2,2,0,0,2,2,0,0,23,14,9
11041,1,20,18,2,0,20,18,2,0,129,100,29
11042,1,1,1,0,0,1,1,0,0,151,124,27
11043,2,NA,NA,NA,NA,NA,NA,NA,NA,NA,NA,NA
11044,2,NA,NA,NA,NA,NA,NA,NA,NA,NA,NA,NA
11045,9,NSS,NSS,NSS,NSS,NSS,NSS,NSS,NSS,NSS,NSS,NSS
11046,1,12,5,7,0,12,5,7,0,125,96,29
12001,2,NA,NA,NA,NA,NA,NA,NA,NA,NA,NA,NA
12002,2,NA,NA,NA,NA,NA,NA,NA,NA,NA,NA,NA
12003,2,NA,NA,NA,NA,NA,NA,NA,NA,NA,NA,NA
12004,1,2,2,0,0,2,2,0,0,25,22,3
12005,2,NA,NA,NA,NA,NA,NA,NA,NA,NA,NA,NA
12006,2,NA,NA,NA,NA,NA,NA,NA,NA,NA,NA,NA
12007,2,NA,NA,NA,NA,NA,NA,NA,NA,NA,NA,NA
12008,1,5,0,5,0,5,0,5,0,20,18,2
12009,2,NA,NA,NA,NA,NA,NA,NA,NA,NA,NA,NA
12010,2,NA,NA,NA,NA,NA,NA,NA,NA,NA,NA,NA
12011,1,1,1,0,0,1,1,0,0,70,60,10
12012,2,NA,NA,NA,NA,NA,NA,NA,NA,NA,NA,NA
12013,1,2,0,2,0,2,0,2,0,13,13,0
12014,2,NA,NA,NA,NA,NA,NA,NA,NA,NA,NA,NA
12015,2,NA,NA,NA,NA,NA,NA,NA,NA,NA,NA,NA
12016,1,1,0,1,0,1,0,1,0,1,1,0
12017,2,NA,NA,NA,NA,NA,NA,NA,NA,NA,NA,NA
12018,1,1,1,0,0,1,1,0,0,28,28,0
12019,1,1,1,0,0,1,1,0,0,16,14,2
12020,2,NA,NA,NA,NA,NA,NA,NA,NA,NA,NA,NA
12021,9,NSS,NSS,NSS,NSS,NSS,NSS,NSS,NSS,NSS,NSS,NSS
12022,1,4,2,2,0,4,2,2,0,10,8,2
12023,2,NA,NA,NA,NA,NA,NA,NA,NA,NA,NA,NA
12024,2,NA,NA,NA,NA,NA,NA,NA,NA,NA,NA,NA
12025,2,NA,NA,NA,NA,NA,NA,NA,NA,NA,NA,NA
12026,2,NA,NA,NA,NA,NA,NA,NA,NA,NA,NA,NA
12027,2,NA,NA,NA,NA,NA,NA,NA,NA,NA,NA,NA
12028,1,13,10,3,0,13,10,3,0,80,60,20
12029,1,31,20,11,0,31,20,11,0,95,60,35
12030,2,NA,NA,NA,NA,NA,NA,NA,NA,NA,NA,NA
12031,2,NA,NA,NA,NA,NA,NA,NA,NA,NA,NA,NA
12032,2,NA,NA,NA,NA,NA,NA,NA,NA,NA,NA,NA
12033,2,NA,NA,NA,NA,NA,NA,NA,NA,NA,NA,NA
12034,1,1,0,1,0,1,0,1,0,61,57,4
12035,1,13,8,5,0,13,8,5,0,13,10,3
12036,1,4,0,4,0,4,0,4,0,8,7,1
12037,2,NA,NA,NA,NA,NA,NA,NA,NA,NA,NA,NA
12038,1,15,15,0,0,15,15,0,0,15,12,3
12039,1,2,2,0,0,2,2,0,0,24,20,4
12040,2,NA,NA,NA,NA,NA,NA,NA,NA,NA,NA,NA
12041,1,1,0,1,0,1,0,1,0,22,21,1
12042,2,NA,NA,NA,NA,NA,NA,NA,NA,NA,NA,NA
12043,2,NA,NA,NA,NA,NA,NA,NA,NA,NA,NA,NA
12044,2,NA,NA,NA,NA,NA,NA,NA,NA,NA,NA,NA
12045,2,NA,NA,NA,NA,NA,NA,NA,NA,NA,NA,NA
12046,1,3,3,0,0,3,3,0,0,32,29,3
12047,2,NA,NA,NA,NA,NA,NA,NA,NA,NA,NA,NA
12048,1,3,1,2,0,3,1,2,0,97,75,22
12049,2,NA,NA,NA,NA,NA,NA,NA,NA,NA,NA,NA
12050,9,NSS,NSS,NSS,NSS,NSS,NSS,NSS,NSS,NSS,NSS,NSS
12051,2,NA,NA,NA,NA,NA,NA,NA,NA,NA,NA,NA
12052,2,NA,NA,NA,NA,NA,NA,NA,NA,NA,NA,NA
12053,1,25,10,15,0,25,10,15,0,25,22,3
12054,1,14,0,14,0,14,0,14,0,11,8,3
12055,1,20,5,15,0,20,5,15,0,34,27,7
12056,2,NA,NA,NA,NA,NA,NA,NA,NA,NA,NA,NA
12057,1,14,8,6,0,14,8,6,0,112,110,2
12058,1,3,3,0,0,3,3,0,0,14,12,2
12059,1,2,0,0,2,2,0,0,2,6,6,0
12060,2,NA,NA,NA,NA,NA,NA,NA,NA,NA,NA,NA
12061,1,13,9,4,0,13,9,4,0,17,13,4
12062,2,NA,NA,NA,NA,NA,NA,NA,NA,NA,NA,NA
12063,2,NA,NA,NA,NA,NA,NA,NA,NA,NA,NA,NA
12064,1,3,2,1,0,3,2,1,0,2,2,0
12065,2,NA,NA,NA,NA,NA,NA,NA,NA,NA,NA,NA
12066,1,2,2,0,0,2,2,0,0,82,64,18
12067,1,14,14,0,0,14,14,0,0,23,21,2
12068,2,NA,NA,NA,NA,NA,NA,NA,NA,NA,NA,NA
12069,2,NA,NA,NA,NA,NA,NA,NA,NA,NA,NA,NA
12070,1,1,0,1,0,1,0,1,0,2,2,0
12071,2,NA,NA,NA,NA,NA,NA,NA,NA,NA,NA,NA
12072,2,NA,NA,NA,NA,NA,NA,NA,NA,NA,NA,NA
12073,2,NA,NA,NA,NA,NA,NA,NA,NA,NA,NA,NA
12074,2,NA,NA,NA,NA,NA,NA,NA,NA,NA,NA,NA
12075,2,NA,NA,NA,NA,NA,NA,NA,NA,NA,NA,NA
12076,1,5,0,5,0,5,0,5,0,32,30,2
12077,2,NA,NA,NA,NA,NA,NA,NA,NA,NA,NA,NA
12078,2,NA,NA,NA,NA,NA,NA,NA,NA,NA,NA,NA
12079,2,NA,NA,NA,NA,NA,NA,NA,NA,NA,NA,NA
12080,2,NA,NA,NA,NA,NA,NA,NA,NA,NA,NA,NA
12081,2,NA,NA,NA,NA,NA,NA,NA,NA,NA,NA,NA
12082,0,NA,NA,NA,NA,NA,NA,NA,NA,NA,NA,NA
12083,0,NA,NA,NA,NA,NA,NA,NA,NA,NA,NA,NA
12084,0,NA,NA,NA,NA,NA,NA,NA,NA,NA,NA,NA
12085,0,NA,NA,NA,NA,NA,NA,NA,NA,NA,NA,NA
13001,2,NA,NA,NA,NA,NA,NA,NA,NA,NA,NA,NA
13002,2,NA,NA,NA,NA,NA,NA,NA,NA,NA,NA,NA
13003,1,1,1,0,0,1,1,0,0,14,12,2
13004,1,8,8,0,0,8,8,0,0,27,18,9
13005,2,NA,NA,NA,NA,NA,NA,NA,NA,NA,NA,NA
13006,2,NA,NA,NA,NA,NA,NA,NA,NA,NA,NA,NA
13007,1,8,0,8,0,8,0,8,0,31,23,8
13008,2,NA,NA,NA,NA,NA,NA,NA,NA,NA,NA,NA
13009,1,3,3,0,0,3,3,0,0,17,15,2
13010,2,NA,NA,NA,NA,NA,NA,NA,NA,NA,NA,NA
13011,2,NA,NA,NA,NA,NA,NA,NA,NA,NA,NA,NA
13012,1,2,0,2,0,2,0,2,0,2,1,1
13013,1,3,1,2,0,2,1,1,0,58,37,21
13014,2,NA,NA,NA,NA,NA,NA,NA,NA,NA,NA,NA
13015,1,11,0,11,0,11,0,11,0,16,14,2
13016,1,12,4,4,4,12,4,4,4,47,37,10
13017,2,NA,NA,NA,NA,NA,NA,NA,NA,NA,NA,NA
13018,2,NA,NA,NA,NA,NA,NA,NA,NA,NA,NA,NA
13019,2,NA,NA,NA,NA,NA,NA,NA,NA,NA,NA,NA
13020,1,6,2,4,0,6,2,4,0,8,6,2
13021,1,35,35,0,0,35,35,0,0,35,35,0
13022,2,NA,NA,NA,NA,NA,NA,NA,NA,NA,NA,NA
13023,2,NA,NA,NA,NA,NA,NA,NA,NA,NA,NA,NA
13024,2,NA,NA,NA,NA,NA,NA,NA,NA,NA,NA,NA
13025,1,2,2,0,0,2,2,0,0,7,7,0
13026,1,2,2,0,0,2,2,0,0,15,13,2
13027,2,NA,NA,NA,NA,NA,NA,NA,NA,NA,NA,NA
13028,1,12,0,12,0,12,0,12,0,159,143,16
13029,2,NA,NA,NA,NA,NA,NA,NA,NA,NA,NA,NA
13030,2,NA,NA,NA,NA,NA,NA,NA,NA,NA,NA,NA
13031,2,NA,NA,NA,NA,NA,NA,NA,NA,NA,NA,NA
13032,2,NA,NA,NA,NA,NA,NA,NA,NA,NA,NA,NA
13033,2,NA,NA,NA,NA,NA,NA,NA,NA,NA,NA,NA
13034,2,NA,NA,NA,NA,NA,NA,NA,NA,NA,NA,NA
13035,1,7,7,0,0,7,7,0,0,12,8,4
13036,1,2,0,2,0,2,0,2,0,60,46,14
13037,2,NA,NA,NA,NA,NA,NA,NA,NA,NA,NA,NA
13038,2,NA,NA,NA,NA,NA,NA,NA,NA,NA,NA,NA
13039,2,NA,NA,NA,NA,NA,NA,NA,NA,NA,NA,NA
13040,1,15,10,5,0,15,10,5,0,15,13,2
13041,1,2,2,0,0,2,2,0,0,20,15,5
13042,1,4,1,3,0,4,1,3,0,23,19,4
13043,2,NA,NA,NA,NA,NA,NA,NA,NA,NA,NA,NA
13044,9,NSS,NSS,NSS,NSS,NSS,NSS,NSS,NSS,NSS,NSS,NSS
13045,2,NA,NA,NA,NA,NA,NA,NA,NA,NA,NA,NA
13046,1,4,4,0,0,4,4,0,0,28,22,6
13047,1,39,37,2,0,39,37,2,0,10,7,3
13048,1,3,3,0,0,3,3,0,0,385,317,68
13049,1,5,5,0,0,5,5,0,0,18,15,3
13050,2,NA,NA,NA,NA,NA,NA,NA,NA,NA,NA,NA
13051,2,NA,NA,NA,NA,NA,NA,NA,NA,NA,NA,NA
13052,9,NSS,NSS,NSS,NSS,NSS,NSS,NSS,NSS,NSS,NSS,NSS
13053,2,NA,NA,NA,NA,NA,NA,NA,NA,NA,NA,NA
13054,1,17,7,10,0,17,7,10,0,20,17,3
13055,1,6,6,0,0,6,6,0,0,30,23,7
13056,1,6,4,2,0,6,4,2,0,21,12,9
13057,2,NA,NA,NA,NA,NA,NA,NA,NA,NA,NA,NA
13058,2,NA,NA,NA,NA,NA,NA,NA,NA,NA,NA,NA
13059,2,NA,NA,NA,NA,NA,NA,NA,NA,NA,NA,NA
13060,2,NA,NA,NA,NA,NA,NA,NA,NA,NA,NA,NA
13061,2,NA,NA,NA,NA,NA,NA,NA,NA,NA,NA,NA
13062,2,NA,NA,NA,NA,NA,NA,NA,NA,NA,NA,NA
13063,1,5,5,0,0,5,5,0,0,91,69,22
13064,1,5,5,0,0,5,5,0,0,11,10,1
13065,2,NA,NA,NA,NA,NA,NA,NA,NA,NA,NA,NA
13066,2,NA,NA,NA,NA,NA,NA,NA,NA,NA,NA,NA
13067,1,5,1,4,0,5,1,4,0,16,12,4
13068,1,1,1,0,0,1,1,0,0,15,14,1
13069,1,1,1,0,0,1,1,0,0,40,34,6
13070,1,3,3,0,0,3,3,0,0,26,20,6
13071,2,NA,NA,NA,NA,NA,NA,NA,NA,NA,NA,NA
13072,1,9,9,0,0,9,9,0,0,9,5,4
13073,2,NA,NA,NA,NA,NA,NA,NA,NA,NA,NA,NA
13074,1,7,3,4,0,7,3,4,0,10,7,3
13075,1,10,8,2,0,10,8,2,0,13,9,4
13076,2,NA,NA,NA,NA,NA,NA,NA,NA,NA,NA,NA
13077,1,14,13,1,0,14,13,1,0,192,154,38
13078,2,NA,NA,NA,NA,NA,NA,NA,NA,NA,NA,NA
13079,2,NA,NA,NA,NA,NA,NA,NA,NA,NA,NA,NA
13080,2,NA,NA,NA,NA,NA,NA,NA,NA,NA,NA,NA
13081,1,5,4,1,0,5,4,1,0,50,45,5
13082,2,NA,NA,NA,NA,NA,NA,NA,NA,NA,NA,NA
13083,2,NA,NA,NA,NA,NA,NA,NA,NA,NA,NA,NA
13084,2,NA,NA,NA,NA,NA,NA,NA,NA,NA,NA,NA
14001,2,NA,NA,NA,NA,NA,NA,NA,NA,NA,NA,NA
14002,2,NA,NA,NA,NA,NA,NA,NA,NA,NA,NA,NA
14003,1,12,8,4,0,12,8,4,0,22,14,8
14004,1,2,2,0,0,2,2,0,0,12,8,4
14005,1,11,11,0,0,11,11,0,0,18,10,8
14006,2,NA,NA,NA,NA,NA,NA,NA,NA,NA,NA,NA
14007,1,2,2,0,0,2,2,0,0,24,15,9
14008,1,130,130,0,0,130,130,0,0,130,73,57
14009,1,65,65,0,0,65,65,0,0,49,35,14
14010,2,NA,NA,NA,NA,NA,NA,NA,NA,NA,NA,NA
14011,2,NA,NA,NA,NA,NA,NA,NA,NA,NA,NA,NA
14012,2,NA,NA,NA,NA,NA,NA,NA,NA,NA,NA,NA
14013,2,NA,NA,NA,NA,NA,NA,NA,NA,NA,NA,NA
14014,1,2,1,1,0,2,1,1,0,5,3,2
14015,2,NA,NA,NA,NA,NA,NA,NA,NA,NA,NA,NA
14016,2,NA,NA,NA,NA,NA,NA,NA,NA,NA,NA,NA
14017,1,4,2,2,0,4,2,2,0,20,14,6
14018,1,1,1,0,0,1,1,0,0,2,1,1
14019,2,NA,NA,NA,NA,NA,NA,NA,NA,NA,NA,NA
14020,1,1,1,0,0,1,1,0,0,20,16,4
14021,2,NA,NA,NA,NA,NA,NA,NA,NA,NA,NA,NA
14022,9,NSS,NSS,NSS,NSS,NSS,NSS,NSS,NSS,NSS,NSS,NSS
14023,1,60,60,0,0,60,60,0,0,60,45,15
14024,1,1,1,0,0,1,1,0,0,35,25,10
14025,9,NSS,NSS,NSS,NSS,NSS,NSS,NSS,NSS,NSS,NSS,NSS
14026,2,NA,NA,NA,NA,NA,NA,NA,NA,NA,NA,NA
14027,2,NA,NA,NA,NA,NA,NA,NA,NA,NA,NA,NA
14028,2,NA,NA,NA,NA,NA,NA,NA,NA,NA,NA,NA
14029,1,13,4,9,0,13,4,9,0,23,14,9
14030,2,NA,NA,NA,NA,NA,NA,NA,NA,NA,NA,NA
14031,2,NA,NA,NA,NA,NA,NA,NA,NA,NA,NA,NA
14032,9,NSS,NSS,NSS,NSS,NSS,NSS,NSS,NSS,NSS,NSS,NSS
14033,1,30,3,24,3,30,3,24,3,25,22,3
14034,2,NA,NA,NA,NA,NA,NA,NA,NA,NA,NA,NA
14035,9,NSS,NSS,NSS,NSS,NSS,NSS,NSS,NSS,NSS,NSS,NSS
14036,2,NA,NA,NA,NA,NA,NA,NA,NA,NA,NA,NA
14037,1,3,2,1,0,3,2,1,0,15,9,6
14038,1,12,0,12,0,5,0,5,0,16,12,4
14039,1,64,58,6,0,64,58,6,0,7116,5088,2028
14040,2,NA,NA,NA,NA,NA,NA,NA,NA,NA,NA,NA
14041,2,NA,NA,NA,NA,NA,NA,NA,NA,NA,NA,NA
14042,2,NA,NA,NA,NA,NA,NA,NA,NA,NA,NA,NA
14043,2,NA,NA,NA,NA,NA,NA,NA,NA,NA,NA,NA
14044,1,20,16,4,0,20,16,4,0,41,30,11
14045,2,NA,NA,NA,NA,NA,NA,NA,NA,NA,NA,NA
14046,2,NA,NA,NA,NA,NA,NA,NA,NA,NA,NA,NA
14047,1,4,1,1,2,4,1,1,2,17,13,4
14048,1,2,2,0,0,2,2,0,0,9,7,2
14049,2,NA,NA,NA,NA,NA,NA,NA,NA,NA,NA,NA
14050,1,1,1,0,0,1,1,0,0,10,6,4
14051,2,NA,NA,NA,NA,NA,NA,NA,NA,NA,NA,NA
14052,1,2,2,0,0,2,2,0,0,15,12,3
14053,1,170,170,0,0,170,170,0,0,170,101,69
14054,1,21,3,0,18,21,3,0,18,91,70,21
14055,2,NA,NA,NA,NA,NA,NA,NA,NA,NA,NA,NA
14056,2,NA,NA,NA,NA,NA,NA,NA,NA,NA,NA,NA
14057,2,NA,NA,NA,NA,NA,NA,NA,NA,NA,NA,NA
14058,1,1,1,0,0,1,1,0,0,11,8,3
14059,2,NA,NA,NA,NA,NA,NA,NA,NA,NA,NA,NA
14060,2,NA,NA,NA,NA,NA,NA,NA,NA,NA,NA,NA
14061,2,NA,NA,NA,NA,NA,NA,NA,NA,NA,NA,NA
14062,1,5,5,0,0,5,5,0,0,15,8,7
14063,2,NA,NA,NA,NA,NA,NA,NA,NA,NA,NA,NA
14064,1,8,8,0,0,4,4,0,0,8,6,2
14065,1,4,2,1,1,4,2,1,1,22,15,7
14066,2,NA,NA,NA,NA,NA,NA,NA,NA,NA,NA,NA
14067,2,NA,NA,NA,NA,NA,NA,NA,NA,NA,NA,NA
14068,2,NA,NA,NA,NA,NA,NA,NA,NA,NA,NA,NA
14069,1,4,4,0,0,4,4,0,0,9,5,4
14070,2,NA,NA,NA,NA,NA,NA,NA,NA,NA,NA,NA
14071,1,27,27,0,0,27,27,0,0,4,4,0
14072,2,NA,NA,NA,NA,NA,NA,NA,NA,NA,NA,NA
14073,1,14,14,0,0,14,14,0,0,126,94,32
14074,1,5,5,0,0,5,5,0,0,34,27,7
14075,2,NA,NA,NA,NA,NA,NA,NA,NA,NA,NA,NA
14076,2,NA,NA,NA,NA,NA,NA,NA,NA,NA,NA,NA
14077,2,NA,NA,NA,NA,NA,NA,NA,NA,NA,NA,NA
14078,2,NA,NA,NA,NA,NA,NA,NA,NA,NA,NA,NA
14079,1,3,3,0,0,3,3,0,0,6,5,1
14080,2,NA,NA,NA,NA,NA,NA,NA,NA,NA,NA,NA
14081,2,NA,NA,NA,NA,NA,NA,NA,NA,NA,NA,NA
14082,1,3,3,0,0,3,3,0,0,31,20,11
14083,1,145,145,0,0,145,145,0,0,145,103,42
14084,1,1,1,0,0,1,1,0,0,21,15,6
14085,2,NA,NA,NA,NA,NA,NA,NA,NA,NA,NA,NA
14086,2,NA,NA,NA,NA,NA,NA,NA,NA,NA,NA,NA
14087,2,NA,NA,NA,NA,NA,NA,NA,NA,NA,NA,NA
14088,1,8,8,0,0,8,8,0,0,45,36,9
14089,1,3,3,0,0,3,3,0,0,3,3,0
14090,2,NA,NA,NA,NA,NA,NA,NA,NA,NA,NA,NA
14091,1,20,17,3,0,20,17,3,0,30,27,3
14092,1,1,1,0,0,1,1,0,0,1,0,1
14093,2,NA,NA,NA,NA,NA,NA,NA,NA,NA,NA,NA
14094,1,14,0,14,0,14,0,14,0,14,11,3
14095,1,4,3,1,0,4,3,1,0,6,5,1
14096,1,1,1,0,0,1,1,0,0,20,16,4
14097,2,NA,NA,NA,NA,NA,NA,NA,NA,NA,NA,NA
14098,1,14,13,1,0,14,13,1,0,234,141,93
14099,2,NA,NA,NA,NA,NA,NA,NA,NA,NA,NA,NA
14100,1,3,3,0,0,3,3,0,0,6,6,0
14101,1,355,246,0,109,238,159,0,79,355,231,124
14102,1,4,4,0,0,4,4,0,0,12,12,0
14103,2,NA,NA,NA,NA,NA,NA,NA,NA,NA,NA,NA
14104,2,NA,NA,NA,NA,NA,NA,NA,NA,NA,NA,NA
14105,1,10,10,0,0,10,10,0,0,53,30,23
14106,2,NA,NA,NA,NA,NA,NA,NA,NA,NA,NA,NA
14107,2,NA,NA,NA,NA,NA,NA,NA,NA,NA,NA,NA
14108,1,2,1,1,0,2,1,1,0,7,7,0
14109,2,NA,NA,NA,NA,NA,NA,NA,NA,NA,NA,NA
14110,1,5,5,0,0,5,5,0,0,30,20,10
14111,1,17,0,17,0,17,0,17,0,17,14,3
14112,2,NA,NA,NA,NA,NA,NA,NA,NA,NA,NA,NA
14113,2,NA,NA,NA,NA,NA,NA,NA,NA,NA,NA,NA
14114,1,1,1,0,0,1,1,0,0,26,22,4
14115,2,NA,NA,NA,NA,NA,NA,NA,NA,NA,NA,NA
14116,1,35,33,2,0,35,33,2,0,35,33,2
14117,1,2,2,0,0,2,2,0,0,2,1,1
14118,2,NA,NA,NA,NA,NA,NA,NA,NA,NA,NA,NA
14119,1,1,0,1,0,1,0,1,0,4,4,0
14120,1,1956,923,525,508,1739,845,416,478,1739,1307,432
14121,1,13,13,0,0,12,12,0,0,13,12,1
14122,1,8,1,2,5,8,1,2,5,8,7,1
14123,2,NA,NA,NA,NA,NA,NA,NA,NA,NA,NA,NA
14124,1,18,16,1,1,18,16,1,1,223,172,51
14125,2,NA,NA,NA,NA,NA,NA,NA,NA,NA,NA,NA
15001,1,42,42,0,0,42,42,0,0,69,55,14
15002,2,NA,NA,NA,NA,NA,NA,NA,NA,NA,NA,NA
15003,2,NA,NA,NA,NA,NA,NA,NA,NA,NA,NA,NA
15004,2,NA,NA,NA,NA,NA,NA,NA,NA,NA,NA,NA
15005,1,153,52,101,0,153,52,101,0,153,101,52
15006,1,5,4,1,0,3,2,1,0,20,12,8
15007,9,NSS,NSS,NSS,NSS,NSS,NSS,NSS,NSS,NSS,NSS,NSS
15008,2,NA,NA,NA,NA,NA,NA,NA,NA,NA,NA,NA
15009,1,6,6,0,0,6,6,0,0,66,46,20
15010,1,92,23,69,0,92,23,69,0,50,39,11
15011,9,NSS,NSS,NSS,NSS,NSS,NSS,NSS,NSS,NSS,NSS,NSS
15012,2,NA,NA,NA,NA,NA,NA,NA,NA,NA,NA,NA
15013,1,1230,1218,0,12,1230,1218,0,12,1230,934,296
15014,2,NA,NA,NA,NA,NA,NA,NA,NA,NA,NA,NA
15015,1,1,1,0,0,1,1,0,0,2,1,1
15016,1,5,5,0,0,5,5,0,0,32,18,14
15017,2,NA,NA,NA,NA,NA,NA,NA,NA,NA,NA,NA
15018,2,NA,NA,NA,NA,NA,NA,NA,NA,NA,NA,NA
15019,2,NA,NA,NA,NA,NA,NA,NA,NA,NA,NA,NA
15020,1,15,6,9,0,15,6,9,0,50,35,15
15021,2,NA,NA,NA,NA,NA,NA,NA,NA,NA,NA,NA
15022,2,NA,NA,NA,NA,NA,NA,NA,NA,NA,NA,NA
15023,1,9,0,9,0,9,0,9,0,48,40,8
15024,1,2,1,1,0,2,1,1,0,307,255,52
15025,2,NA,NA,NA,NA,NA,NA,NA,NA,NA,NA,NA
15026,1,10,10,0,0,8,8,0,0,27,27,0
15027,1,3,3,0,0,3,3,0,0,8,6,2
15028,2,NA,NA,NA,NA,NA,NA,NA,NA,NA,NA,NA
15029,1,306,306,0,0,306,306,0,0,306,306,0
15030,2,NA,NA,NA,NA,NA,NA,NA,NA,NA,NA,NA
15031,1,690,421,269,0,690,421,269,0,975,619,356
15032,1,2,1,1,0,2,1,1,0,9,6,3
15033,1,12,12,0,0,12,12,0,0,2423,1549,874
15034,1,10,8,2,0,10,8,2,0,24,18,6
15035,1,2,1,1,0,2,1,1,0,175,123,52
15036,1,25,18,7,0,25,18,7,0,55,46,9
15037,1,4,4,0,0,4,4,0,0,200,138,62
15038,2,NA,NA,NA,NA,NA,NA,NA,NA,NA,NA,NA
15039,1,1,1,0,0,1,1,0,0,250,164,86
15040,2,NA,NA,NA,NA,NA,NA,NA,NA,NA,NA,NA
15041,1,6,6,0,0,6,6,0,0,4,4,0
15042,1,115,115,0,0,115,115,0,0,115,93,22
15043,1,10,10,0,0,10,10,0,0,33,24,9
15044,2,NA,NA,NA,NA,NA,NA,NA,NA,NA,NA,NA
15045,1,106,106,0,0,106,106,0,0,106,87,19
15046,1,56,41,15,0,56,41,15,0,59,36,23
15047,1,2,2,0,0,2,2,0,0,62,50,12
15048,1,28,26,2,0,28,26,2,0,86,75,11
15049,9,NSS,NSS,NSS,NSS,NSS,NSS,NSS,NSS,NSS,NSS,NSS
15050,1,57,57,0,0,57,57,0,0,57,36,21
15051,2,NA,NA,NA,NA,NA,NA,NA,NA,NA,NA,NA
15052,2,NA,NA,NA,NA,NA,NA,NA,NA,NA,NA,NA
15053,2,NA,NA,NA,NA,NA,NA,NA,NA,NA,NA,NA
15054,1,385,385,0,0,385,385,0,0,385,328,57
15055,1,17,16,0,1,17,16,0,1,23,16,7
15056,1,10,5,5,0,10,5,5,0,10,7,3
15057,1,1580,1580,0,0,1580,1580,0,0,1580,1053,527
15058,1,16,16,0,0,16,16,0,0,620,500,120
15059,1,33,3,10,20,33,3,10,20,41,32,9
15060,1,25,10,15,0,18,3,15,0,185,103,82
15061,2,NA,NA,NA,NA,NA,NA,NA,NA,NA,NA,NA
15062,2,NA,NA,NA,NA,NA,NA,NA,NA,NA,NA,NA
15063,0,NA,NA,NA,NA,NA,NA,NA,NA,NA,NA,NA
15064,2,NA,NA,NA,NA,NA,NA,NA,NA,NA,NA,NA
15065,1,10,10,0,0,10,10,0,0,10,5,5
15066,1,3,1,2,0,3,1,2,0,4,2,2
15067,2,NA,NA,NA,NA,NA,NA,NA,NA,NA,NA,NA
15068,2,NA,NA,NA,NA,NA,NA,NA,NA,NA,NA,NA
15069,2,NA,NA,NA,NA,NA,NA,NA,NA,NA,NA,NA
15070,2,NA,NA,NA,NA,NA,NA,NA,NA,NA,NA,NA
15071,1,26,26,0,0,26,26,0,0,26,22,4
15072,2,NA,NA,NA,NA,NA,NA,NA,NA,NA,NA,NA
15073,2,NA,NA,NA,NA,NA,NA,NA,NA,NA,NA,NA
15074,1,5,5,0,0,2,2,0,0,86,68,18
15075,2,NA,NA,NA,NA,NA,NA,NA,NA,NA,NA,NA
15076,1,3,3,0,0,3,3,0,0,16,10,6
15077,2,NA,NA,NA,NA,NA,NA,NA,NA,NA,NA,NA
15078,1,3,0,3,0,3,0,3,0,14,10,4
15079,2,NA,NA,NA,NA,NA,NA,NA,NA,NA,NA,NA
15080,2,NA,NA,NA,NA,NA,NA,NA,NA,NA,NA,NA
15081,2,NA,NA,NA,NA,NA,NA,NA,NA,NA,NA,NA
15082,1,8,7,1,0,8,7,1,0,34,28,6
15083,2,NA,NA,NA,NA,NA,NA,NA,NA,NA,NA,NA
15084,1,6,2,4,0,6,2,4,0,82,62,20
15085,1,5,4,1,0,5,4,1,0,31,25,6
15086,1,3,0,3,0,2,0,2,0,25,19,6
15087,1,NSS,NSS,NSS,NSS,NSS,NSS,NSS,NSS,NSS,NSS,NSS
15088,1,2,2,0,0,2,2,0,0,40,25,15
15089,1,10,10,0,0,10,10,0,0,10,8,2
15090,1,22,22,0,0,22,22,0,0,22,17,5
15091,2,NA,NA,NA,NA,NA,NA,NA,NA,NA,NA,NA
15092,2,NA,NA,NA,NA,NA,NA,NA,NA,NA,NA,NA
15093,1,72,24,48,0,72,24,48,0,72,48,24
15094,2,NA,NA,NA,NA,NA,NA,NA,NA,NA,NA,NA
15095,1,20,10,10,0,20,10,10,0,144,113,31
15096,1,6,6,0,0,6,6,0,0,43,31,12
15097,2,NA,NA,NA,NA,NA,NA,NA,NA,NA,NA,NA
15098,1,5,2,3,0,5,2,3,0,21,16,5
15099,1,33,33,0,0,33,33,0,0,33,28,5
15100,2,NA,NA,NA,NA,NA,NA,NA,NA,NA,NA,NA
15101,2,NA,NA,NA,NA,NA,NA,NA,NA,NA,NA,NA
15102,2,NA,NA,NA,NA,NA,NA,NA,NA,NA,NA,NA
15103,1,138,138,0,0,138,138,0,0,99,75,24
15104,1,515,315,200,0,515,315,200,0,515,398,117
15105,1,1,1,0,0,1,1,0,0,4,2,2
15106,1,9,9,0,0,9,9,0,0,912,639,273
15107,2,NA,NA,NA,NA,NA,NA,NA,NA,NA,NA,NA
15108,1,1,1,0,0,1,1,0,0,250,220,30
15109,1,140,140,0,0,140,140,0,0,140,90,50
15110,2,NA,NA,NA,NA,NA,NA,NA,NA,NA,NA,NA
15111,2,NA,NA,NA,NA,NA,NA,NA,NA,NA,NA,NA
15112,1,11,11,0,0,11,11,0,0,11,8,3
15113,9,NSS,NSS,NSS,NSS,NSS,NSS,NSS,NSS,NSS,NSS,NSS
15114,2,NA,NA,NA,NA,NA,NA,NA,NA,NA,NA,NA
15115,2,NA,NA,NA,NA,NA,NA,NA,NA,NA,NA,NA
15116,9,NSS,NSS,NSS,NSS,NSS,NSS,NSS,NSS,NSS,NSS,NSS
15117,2,NA,NA,NA,NA,NA,NA,NA,NA,NA,NA,NA
15118,2,NA,NA,NA,NA,NA,NA,NA,NA,NA,NA,NA
15119,1,12,12,0,0,10,10,0,0,30,24,6
15120,1,7,7,0,0,7,7,0,0,28,24,4
15121,1,7,7,0,0,7,7,0,0,750,550,200
15122,1,3,3,0,0,3,3,0,0,505,370,135
15123,1,15,0,15,0,15,0,15,0,15,12,3
15124,1,4,4,0,0,4,4,0,0,50,39,11
15125,1,52,52,0,0,52,52,0,0,40,30,10
16001,1,3,2,1,0,3,2,1,0,5,5,0
16002,2,NA,NA,NA,NA,NA,NA,NA,NA,NA,NA,NA
16003,2,NA,NA,NA,NA,NA,NA,NA,NA,NA,NA,NA
16004,2,NA,NA,NA,NA,NA,NA,NA,NA,NA,NA,NA
16005,2,NA,NA,NA,NA,NA,NA,NA,NA,NA,NA,NA
16006,2,NA,NA,NA,NA,NA,NA,NA,NA,NA,NA,NA
16007,9,NSS,NSS,NSS,NSS,NSS,NSS,NSS,NSS,NSS,NSS,NSS
16008,0,NA,NA,NA,NA,NA,NA,NA,NA,NA,NA,NA
16009,2,NA,NA,NA,NA,NA,NA,NA,NA,NA,NA,NA
16010,0,NA,NA,NA,NA,NA,NA,NA,NA,NA,NA,NA
16011,2,NA,NA,NA,NA,NA,NA,NA,NA,NA,NA,NA
16012,2,NA,NA,NA,NA,NA,NA,NA,NA,NA,NA,NA
16013,1,15,0,15,0,15,0,15,0,15,12,3
16014,1,4,4,0,0,4,4,0,0,5,4,1
16015,1,7,7,0,0,7,7,0,0,20,19,1
16016,2,NA,NA,NA,NA,NA,NA,NA,NA,NA,NA,NA
16017,2,NA,NA,NA,NA,NA,NA,NA,NA,NA,NA,NA
16018,2,NA,NA,NA,NA,NA,NA,NA,NA,NA,NA,NA
16019,2,NA,NA,NA,NA,NA,NA,NA,NA,NA,NA,NA
16020,2,NA,NA,NA,NA,NA,NA,NA,NA,NA,NA,NA
16021,1,2,2,0,0,2,2,0,0,20,18,2
16022,1,3,3,0,0,3,3,0,0,32,29,3
16023,1,3,3,0,0,3,3,0,0,6,3,3
16024,2,NA,NA,NA,NA,NA,NA,NA,NA,NA,NA,NA
16025,1,25,25,0,0,25,25,0,0,25,20,5
16026,2,NA,NA,NA,NA,NA,NA,NA,NA,NA,NA,NA
16027,1,3,3,0,0,3,3,0,0,17,10,7
16028,2,NA,NA,NA,NA,NA,NA,NA,NA,NA,NA,NA
16029,2,NA,NA,NA,NA,NA,NA,NA,NA,NA,NA,NA
16030,2,NA,NA,NA,NA,NA,NA,NA,NA,NA,NA,NA
16031,1,9,9,0,0,9,9,0,0,9,7,2
16032,2,NA,NA,NA,NA,NA,NA,NA,NA,NA,NA,NA
16033,2,NA,NA,NA,NA,NA,NA,NA,NA,NA,NA,NA
16034,2,NA,NA,NA,NA,NA,NA,NA,NA,NA,NA,NA
16035,2,NA,NA,NA,NA,NA,NA,NA,NA,NA,NA,NA
16036,1,4,4,0,0,4,4,0,0,1,0,1
16037,2,NA,NA,NA,NA,NA,NA,NA,NA,NA,NA,NA
16038,2,NA,NA,NA,NA,NA,NA,NA,NA,NA,NA,NA
16039,2,NA,NA,NA,NA,NA,NA,NA,NA,NA,NA,NA
16040,2,NA,NA,NA,NA,NA,NA,NA,NA,NA,NA,NA
16041,2,NA,NA,NA,NA,NA,NA,NA,NA,NA,NA,NA
16042,2,NA,NA,NA,NA,NA,NA,NA,NA,NA,NA,NA
16043,1,39,39,0,0,39,39,0,0,39,33,6
16044,2,NA,NA,NA,NA,NA,NA,NA,NA,NA,NA,NA
16045,1,3,3,0,0,3,3,0,0,20,15,5
16046,1,12,12,0,0,12,12,0,0,12,12,0
16047,1,2,2,0,0,2,2,0,0,10,9,1
16048,1,10,0,10,0,10,0,10,0,10,7,3
16049,2,NA,NA,NA,NA,NA,NA,NA,NA,NA,NA,NA
16050,2,NA,NA,NA,NA,NA,NA,NA,NA,NA,NA,NA
16051,98,ND,ND,ND,ND,ND,ND,ND,ND,ND,ND,ND
16052,1,9,7,0,2,9,7,0,2,107,57,50
16053,2,NA,NA,NA,NA,NA,NA,NA,NA,NA,NA,NA
16054,2,NA,NA,NA,NA,NA,NA,NA,NA,NA,NA,NA
16055,2,NA,NA,NA,NA,NA,NA,NA,NA,NA,NA,NA
16056,9,NSS,NSS,NSS,NSS,NSS,NSS,NSS,NSS,NSS,NSS,NSS
16057,2,NA,NA,NA,NA,NA,NA,NA,NA,NA,NA,NA
16058,2,NA,NA,NA,NA,NA,NA,NA,NA,NA,NA,NA
16059,2,NA,NA,NA,NA,NA,NA,NA,NA,NA,NA,NA
16060,2,NA,NA,NA,NA,NA,NA,NA,NA,NA,NA,NA
16061,2,NA,NA,NA,NA,NA,NA,NA,NA,NA,NA,NA
16062,2,NA,NA,NA,NA,NA,NA,NA,NA,NA,NA,NA
16063,1,1,1,0,0,1,1,0,0,9,8,1
16064,2,NA,NA,NA,NA,NA,NA,NA,NA,NA,NA,NA
16065,1,3,3,0,0,3,3,0,0,18,17,1
16066,2,NA,NA,NA,NA,NA,NA,NA,NA,NA,NA,NA
16067,2,NA,NA,NA,NA,NA,NA,NA,NA,NA,NA,NA
16068,1,1,0,1,0,1,0,1,0,58,45,13
16069,2,NA,NA,NA,NA,NA,NA,NA,NA,NA,NA,NA
16070,2,NA,NA,NA,NA,NA,NA,NA,NA,NA,NA,NA
16071,2,NA,NA,NA,NA,NA,NA,NA,NA,NA,NA,NA
16072,2,NA,NA,NA,NA,NA,NA,NA,NA,NA,NA,NA
16073,1,6,6,0,0,6,6,0,0,41,35,6
16074,2,NA,NA,NA,NA,NA,NA,NA,NA,NA,NA,NA
16075,1,21,21,0,0,21,21,0,0,120,100,20
16076,2,NA,NA,NA,NA,NA,NA,NA,NA,NA,NA,NA
16077,2,NA,NA,NA,NA,NA,NA,NA,NA,NA,NA,NA
16078,1,1,1,0,0,1,1,0,0,17,14,3
16079,2,NA,NA,NA,NA,NA,NA,NA,NA,NA,NA,NA
16080,1,3,3,0,0,3,3,0,0,16,11,5
16081,2,NA,NA,NA,NA,NA,NA,NA,NA,NA,NA,NA
16082,1,32,32,0,0,32,32,0,0,32,22,10
16083,1,4,4,0,0,4,4,0,0,33,28,5
16084,2,NA,NA,NA,NA,NA,NA,NA,NA,NA,NA,NA
16085,1,5,5,0,0,5,5,0,0,40,32,8
16086,2,NA,NA,NA,NA,NA,NA,NA,NA,NA,NA,NA
16087,2,NA,NA,NA,NA,NA,NA,NA,NA,NA,NA,NA
16088,1,115,115,0,0,115,115,0,0,115,79,36
16089,2,NA,NA,NA,NA,NA,NA,NA,NA,NA,NA,NA
16090,1,2,2,0,0,2,2,0,0,8,7,1
16091,1,29,29,0,0,29,29,0,0,29,24,5
16092,1,8,8,0,0,8,8,0,0,8,8,0
16093,2,NA,NA,NA,NA,NA,NA,NA,NA,NA,NA,NA
16094,2,NA,NA,NA,NA,NA,NA,NA,NA,NA,NA,NA
16095,1,3,3,0,0,3,3,0,0,24,23,1
16096,2,NA,NA,NA,NA,NA,NA,NA,NA,NA,NA,NA
16097,2,NA,NA,NA,NA,NA,NA,NA,NA,NA,NA,NA
16098,2,NA,NA,NA,NA,NA,NA,NA,NA,NA,NA,NA
16099,2,NA,NA,NA,NA,NA,NA,NA,NA,NA,NA,NA
16100,2,NA,NA,NA,NA,NA,NA,NA,NA,NA,NA,NA
16101,1,2,2,0,0,2,2,0,0,24,19,5
16102,1,18,18,0,0,18,18,0,0,6606,4482,2124
16103,2,NA,NA,NA,NA,NA,NA,NA,NA,NA,NA,NA
16104,2,NA,NA,NA,NA,NA,NA,NA,NA,NA,NA,NA
16105,2,NA,NA,NA,NA,NA,NA,NA,NA,NA,NA,NA
16106,2,NA,NA,NA,NA,NA,NA,NA,NA,NA,NA,NA
16107,2,NA,NA,NA,NA,NA,NA,NA,NA,NA,NA,NA
16108,1,12,12,0,0,12,12,0,0,496,418,78
16109,2,NA,NA,NA,NA,NA,NA,NA,NA,NA,NA,NA
16110,1,50,50,0,0,50,50,0,0,50,45,5
16111,2,NA,NA,NA,NA,NA,NA,NA,NA,NA,NA,NA
16112,1,5,4,1,0,5,4,1,0,417,322,95
16113,2,NA,NA,NA,NA,NA,NA,NA,NA,NA,NA,NA
17001,2,NA,NA,NA,NA,NA,NA,NA,NA,NA,NA,NA
17002,2,NA,NA,NA,NA,NA,NA,NA,NA,NA,NA,NA
17003,2,NA,NA,NA,NA,NA,NA,NA,NA,NA,NA,NA
17004,1,3,3,0,0,3,3,0,0,157,145,12
17005,2,NA,NA,NA,NA,NA,NA,NA,NA,NA,NA,NA
17006,2,NA,NA,NA,NA,NA,NA,NA,NA,NA,NA,NA
17007,1,16,16,0,0,16,16,0,0,327,267,60
17008,9,NSS,NSS,NSS,NSS,NSS,NSS,NSS,NSS,NSS,NSS,NSS
17009,2,NA,NA,NA,NA,NA,NA,NA,NA,NA,NA,NA
17010,1,19,17,2,0,19,17,2,0,19,17,2
17011,1,8,7,1,0,8,7,1,0,95,69,26
17012,1,33,29,0,4,33,29,0,4,33,28,5
17013,1,2,2,0,0,1,1,0,0,25,22,3
17014,2,NA,NA,NA,NA,NA,NA,NA,NA,NA,NA,NA
17015,1,1,1,0,0,1,1,0,0,20,18,2
17016,1,9,9,0,0,9,9,0,0,11,8,3
17017,2,NA,NA,NA,NA,NA,NA,NA,NA,NA,NA,NA
17018,2,NA,NA,NA,NA,NA,NA,NA,NA,NA,NA,NA
17019,1,6,5,1,0,6,5,1,0,162,127,35
17020,2,NA,NA,NA,NA,NA,NA,NA,NA,NA,NA,NA
17021,2,NA,NA,NA,NA,NA,NA,NA,NA,NA,NA,NA
17022,2,NA,NA,NA,NA,NA,NA,NA,NA,NA,NA,NA
17023,2,NA,NA,NA,NA,NA,NA,NA,NA,NA,NA,NA
17024,1,18,18,0,0,18,18,0,0,18,18,0
17025,1,4,2,2,0,4,2,2,0,34,30,4
17026,1,1,1,0,0,1,1,0,0,11,10,1
17027,9,NSS,NSS,NSS,NSS,NSS,NSS,NSS,NSS,NSS,NSS,NSS
17028,1,30,26,4,0,30,26,4,0,30,21,9
17029,1,8,7,1,0,8,7,1,0,45,36,9
17030,2,NA,NA,NA,NA,NA,NA,NA,NA,NA,NA,NA
17031,0,NA,NA,NA,NA,NA,NA,NA,NA,NA,NA,NA
17032,2,NA,NA,NA,NA,NA,NA,NA,NA,NA,NA,NA
17033,1,8,8,0,0,4,4,0,0,21,14,7
17034,2,NA,NA,NA,NA,NA,NA,NA,NA,NA,NA,NA
17035,0,NA,NA,NA,NA,NA,NA,NA,NA,NA,NA,NA
17036,2,NA,NA,NA,NA,NA,NA,NA,NA,NA,NA,NA
18001,2,NA,NA,NA,NA,NA,NA,NA,NA,NA,NA,NA
18002,1,2,2,0,0,2,2,0,0,13,9,4
18003,2,NA,NA,NA,NA,NA,NA,NA,NA,NA,NA,NA
18004,9,NSS,NSS,NSS,NSS,NSS,NSS,NSS,NSS,NSS,NSS,NSS
18005,1,5,2,3,0,5,2,3,0,28,22,6
18006,2,NA,NA,NA,NA,NA,NA,NA,NA,NA,NA,NA
18007,2,NA,NA,NA,NA,NA,NA,NA,NA,NA,NA,NA
18008,2,NA,NA,NA,NA,NA,NA,NA,NA,NA,NA,NA
18009,1,48,48,0,0,48,48,0,0,48,40,8
18010,2,NA,NA,NA,NA,NA,NA,NA,NA,NA,NA,NA
18011,2,NA,NA,NA,NA,NA,NA,NA,NA,NA,NA,NA
18012,1,27,27,0,0,27,27,0,0,27,20,7
18013,2,NA,NA,NA,NA,NA,NA,NA,NA,NA,NA,NA
18014,1,49,44,5,0,49,44,5,0,49,34,15
18015,1,4,1,1,2,4,1,1,2,147,114,33
18016,2,NA,NA,NA,NA,NA,NA,NA,NA,NA,NA,NA
18017,1,3,3,0,0,3,3,0,0,348,298,50
18018,2,NA,NA,NA,NA,NA,NA,NA,NA,NA,NA,NA
18019,1,2,0,2,0,2,0,2,0,11,10,1
18020,1,1,1,0,0,1,1,0,0,30,16,14
19001,9,NSS,NSS,NSS,NSS,NSS,NSS,NSS,NSS,NSS,NSS,NSS
19002,0,NA,NA,NA,NA,NA,NA,NA,NA,NA,NA,NA
19003,2,NA,NA,NA,NA,NA,NA,NA,NA,NA,NA,NA
19004,2,NA,NA,NA,NA,NA,NA,NA,NA,NA,NA,NA
19005,2,NA,NA,NA,NA,NA,NA,NA,NA,NA,NA,NA
19006,1,4,1,3,0,4,1,3,0,795,585,210
19007,9,NSS,NSS,NSS,NSS,NSS,NSS,NSS,NSS,NSS,NSS,NSS
19008,2,NA,NA,NA,NA,NA,NA,NA,NA,NA,NA,NA
19009,1,15,15,0,0,15,15,0,0,194,147,47
19010,1,22,21,1,0,22,21,1,0,73,57,16
19011,2,NA,NA,NA,NA,NA,NA,NA,NA,NA,NA,NA
19012,1,1,1,0,0,1,1,0,0,65,52,13
19013,9,NSS,NSS,NSS,NSS,NSS,NSS,NSS,NSS,NSS,NSS,NSS
19014,9,NSS,NSS,NSS,NSS,NSS,NSS,NSS,NSS,NSS,NSS,NSS
19015,0,NA,NA,NA,NA,NA,NA,NA,NA,NA,NA,NA
19016,2,NA,NA,NA,NA,NA,NA,NA,NA,NA,NA,NA
19017,2,NA,NA,NA,NA,NA,NA,NA,NA,NA,NA,NA
19018,1,848,848,0,0,848,848,0,0,848,660,188
19019,1,8,8,0,0,8,8,0,0,629,495,134
19020,2,NA,NA,NA,NA,NA,NA,NA,NA,NA,NA,NA
19021,9,NSS,NSS,NSS,NSS,NSS,NSS,NSS,NSS,NSS,NSS,NSS
19022,2,NA,NA,NA,NA,NA,NA,NA,NA,NA,NA,NA
19023,0,NA,NA,NA,NA,NA,NA,NA,NA,NA,NA,NA
19024,2,NA,NA,NA,NA,NA,NA,NA,NA,NA,NA,NA
19025,2,NA,NA,NA,NA,NA,NA,NA,NA,NA,NA,NA
19026,1,5,5,0,0,5,5,0,0,5,2,3
19027,2,NA,NA,NA,NA,NA,NA,NA,NA,NA,NA,NA
19028,2,NA,NA,NA,NA,NA,NA,NA,NA,NA,NA,NA
19029,1,9,2,7,0,9,2,7,0,9,8,1
19030,2,NA,NA,NA,NA,NA,NA,NA,NA,NA,NA,NA
19031,1,68,68,0,0,68,68,0,0,68,46,22
19032,2,NA,NA,NA,NA,NA,NA,NA,NA,NA,NA,NA
19033,1,1,1,0,0,1,1,0,0,38,35,3
19034,2,NA,NA,NA,NA,NA,NA,NA,NA,NA,NA,NA
19035,2,NA,NA,NA,NA,NA,NA,NA,NA,NA,NA,NA
19036,1,3,1,2,0,3,1,2,0,18,17,1
19037,1,3,3,0,0,3,3,0,0,11,10,1
19038,9,NSS,NSS,NSS,NSS,NSS,NSS,NSS,NSS,NSS,NSS,NSS
19039,1,2,2,0,0,2,2,0,0,890,660,230
19040,0,NA,NA,NA,NA,NA,NA,NA,NA,NA,NA,NA
19041,9,NSS,NSS,NSS,NSS,NSS,NSS,NSS,NSS,NSS,NSS,NSS
19042,1,2,2,0,0,2,2,0,0,2,1,1
19043,2,NA,NA,NA,NA,NA,NA,NA,NA,NA,NA,NA
19044,2,NA,NA,NA,NA,NA,NA,NA,NA,NA,NA,NA
19045,2,NA,NA,NA,NA,NA,NA,NA,NA,NA,NA,NA
19046,1,19,19,0,0,19,19,0,0,349,274,75
19047,2,NA,NA,NA,NA,NA,NA,NA,NA,NA,NA,NA
19048,2,NA,NA,NA,NA,NA,NA,NA,NA,NA,NA,NA
19049,2,NA,NA,NA,NA,NA,NA,NA,NA,NA,NA,NA
19050,0,NA,NA,NA,NA,NA,NA,NA,NA,NA,NA,NA
19051,2,NA,NA,NA,NA,NA,NA,NA,NA,NA,NA,NA
20001,2,NA,NA,NA,NA,NA,NA,NA,NA,NA,NA,NA
20002,1,4,3,1,0,4,3,1,0,21,17,4
20003,2,NA,NA,NA,NA,NA,NA,NA,NA,NA,NA,NA
20004,1,1,1,0,0,1,1,0,0,6,4,2
20005,1,8,5,3,0,8,5,3,0,30,26,4
20006,1,4,4,0,0,4,4,0,0,20,16,4
20007,2,NA,NA,NA,NA,NA,NA,NA,NA,NA,NA,NA
20008,2,NA,NA,NA,NA,NA,NA,NA,NA,NA,NA,NA
20009,1,1,1,0,0,1,1,0,0,21,17,4
20010,2,NA,NA,NA,NA,NA,NA,NA,NA,NA,NA,NA
20011,2,NA,NA,NA,NA,NA,NA,NA,NA,NA,NA,NA
20012,2,NA,NA,NA,NA,NA,NA,NA,NA,NA,NA,NA
20013,2,NA,NA,NA,NA,NA,NA,NA,NA,NA,NA,NA
20014,1,5,5,0,0,5,5,0,0,65,57,8
20015,2,NA,NA,NA,NA,NA,NA,NA,NA,NA,NA,NA
20016,2,NA,NA,NA,NA,NA,NA,NA,NA,NA,NA,NA
20017,2,NA,NA,NA,NA,NA,NA,NA,NA,NA,NA,NA
20018,2,NA,NA,NA,NA,NA,NA,NA,NA,NA,NA,NA
20019,2,NA,NA,NA,NA,NA,NA,NA,NA,NA,NA,NA
20020,2,NA,NA,NA,NA,NA,NA,NA,NA,NA,NA,NA
20021,1,4,3,1,0,4,3,1,0,19,15,4
20022,1,1,1,0,0,1,1,0,0,11,10,1
20023,1,9,9,0,0,9,9,0,0,32,22,10
20024,2,NA,NA,NA,NA,NA,NA,NA,NA,NA,NA,NA
20025,1,3,3,0,0,3,3,0,0,17,15,2
20026,2,NA,NA,NA,NA,NA,NA,NA,NA,NA,NA,NA
20027,2,NA,NA,NA,NA,NA,NA,NA,NA,NA,NA,NA
20028,1,15,15,0,0,15,15,0,0,10,6,4
20029,2,NA,NA,NA,NA,NA,NA,NA,NA,NA,NA,NA
20030,1,3,2,1,0,3,2,1,0,43,40,3
20031,2,NA,NA,NA,NA,NA,NA,NA,NA,NA,NA,NA
20032,1,7,7,0,0,7,7,0,0,10,10,0
20033,1,3,3,0,0,3,3,0,0,10,6,4
20034,1,2,2,0,0,2,2,0,0,10,10,0
20035,2,NA,NA,NA,NA,NA,NA,NA,NA,NA,NA,NA
20036,2,NA,NA,NA,NA,NA,NA,NA,NA,NA,NA,NA
20037,2,NA,NA,NA,NA,NA,NA,NA,NA,NA,NA,NA
20038,2,NA,NA,NA,NA,NA,NA,NA,NA,NA,NA,NA
20039,2,NA,NA,NA,NA,NA,NA,NA,NA,NA,NA,NA
20040,1,1,1,0,0,1,1,0,0,18,17,1
20041,1,4,4,0,0,4,4,0,0,42,32,10
20042,2,NA,NA,NA,NA,NA,NA,NA,NA,NA,NA,NA
20043,1,5,0,5,0,5,0,5,0,125,125,0
20044,1,2,0,1,1,2,0,1,1,79,54,25
20045,1,2,2,0,0,2,2,0,0,20,17,3
20046,2,NA,NA,NA,NA,NA,NA,NA,NA,NA,NA,NA
20047,2,NA,NA,NA,NA,NA,NA,NA,NA,NA,NA,NA
20048,2,NA,NA,NA,NA,NA,NA,NA,NA,NA,NA,NA
20049,2,NA,NA,NA,NA,NA,NA,NA,NA,NA,NA,NA
20050,2,NA,NA,NA,NA,NA,NA,NA,NA,NA,NA,NA
20051,9,NSS,NSS,NSS,NSS,NSS,NSS,NSS,NSS,NSS,NSS,NSS
20052,2,NA,NA,NA,NA,NA,NA,NA,NA,NA,NA,NA
20053,1,2,2,0,0,2,2,0,0,10,10,0
20054,2,NA,NA,NA,NA,NA,NA,NA,NA,NA,NA,NA
20055,1,1,1,0,0,1,1,0,0,7,7,0
20056,2,NA,NA,NA,NA,NA,NA,NA,NA,NA,NA,NA
20057,1,4,4,0,0,4,4,0,0,47,41,6
20058,2,NA,NA,NA,NA,NA,NA,NA,NA,NA,NA,NA
20059,1,5,5,0,0,5,5,0,0,72,42,30
20060,2,NA,NA,NA,NA,NA,NA,NA,NA,NA,NA,NA
20061,2,NA,NA,NA,NA,NA,NA,NA,NA,NA,NA,NA
20062,2,NA,NA,NA,NA,NA,NA,NA,NA,NA,NA,NA
20063,1,6,4,2,0,6,4,2,0,9,8,1
20064,2,NA,NA,NA,NA,NA,NA,NA,NA,NA,NA,NA
20065,2,NA,NA,NA,NA,NA,NA,NA,NA,NA,NA,NA
20066,2,NA,NA,NA,NA,NA,NA,NA,NA,NA,NA,NA
20067,2,NA,NA,NA,NA,NA,NA,NA,NA,NA,NA,NA
20068,1,6,4,2,0,6,4,2,0,48,39,9
20069,2,NA,NA,NA,NA,NA,NA,NA,NA,NA,NA,NA
20070,1,2,2,0,0,2,2,0,0,10,10,0
20071,1,3,3,0,0,3,3,0,0,15,12,3
20072,2,NA,NA,NA,NA,NA,NA,NA,NA,NA,NA,NA
20073,1,16,8,8,0,16,8,8,0,35,28,7
20074,2,NA,NA,NA,NA,NA,NA,NA,NA,NA,NA,NA
20075,1,2,2,0,0,2,2,0,0,8,7,1
20076,2,NA,NA,NA,NA,NA,NA,NA,NA,NA,NA,NA
20077,2,NA,NA,NA,NA,NA,NA,NA,NA,NA,NA,NA
20078,1,1,1,0,0,1,1,0,0,40,40,0
20079,1,3,3,0,0,3,3,0,0,232,182,50
20080,2,NA,NA,NA,NA,NA,NA,NA,NA,NA,NA,NA
20081,1,5,5,0,0,5,5,0,0,10,10,0
20082,2,NA,NA,NA,NA,NA,NA,NA,NA,NA,NA,NA
20083,2,NA,NA,NA,NA,NA,NA,NA,NA,NA,NA,NA
20084,2,NA,NA,NA,NA,NA,NA,NA,NA,NA,NA,NA
20085,2,NA,NA,NA,NA,NA,NA,NA,NA,NA,NA,NA
20086,2,NA,NA,NA,NA,NA,NA,NA,NA,NA,NA,NA
20087,1,1,1,0,0,1,1,0,0,81,81,0
20088,1,1,1,0,0,1,1,0,0,4,3,1
20089,1,3,3,0,0,3,3,0,0,10,8,2
20090,2,NA,NA,NA,NA,NA,NA,NA,NA,NA,NA,NA
20091,1,10,10,0,0,10,10,0,0,10,8,2
20092,1,1,1,0,0,1,1,0,0,50,49,1
20093,2,NA,NA,NA,NA,NA,NA,NA,NA,NA,NA,NA
20094,2,NA,NA,NA,NA,NA,NA,NA,NA,NA,NA,NA
20095,9,NSS,NSS,NSS,NSS,NSS,NSS,NSS,NSS,NSS,NSS,NSS
20096,2,NA,NA,NA,NA,NA,NA,NA,NA,NA,NA,NA
20097,2,NA,NA,NA,NA,NA,NA,NA,NA,NA,NA,NA
20098,2,NA,NA,NA,NA,NA,NA,NA,NA,NA,NA,NA
20099,2,NA,NA,NA,NA,NA,NA,NA,NA,NA,NA,NA
20100,2,NA,NA,NA,NA,NA,NA,NA,NA,NA,NA,NA
20101,2,NA,NA,NA,NA,NA,NA,NA,NA,NA,NA,NA
20102,1,1,1,0,0,1,1,0,0,29,27,2
20103,1,11,9,2,0,11,9,2,0,19,16,3
20104,2,NA,NA,NA,NA,NA,NA,NA,NA,NA,NA,NA
20105,2,NA,NA,NA,NA,NA,NA,NA,NA,NA,NA,NA
20106,2,NA,NA,NA,NA,NA,NA,NA,NA,NA,NA,NA
20107,2,NA,NA,NA,NA,NA,NA,NA,NA,NA,NA,NA
20108,2,NA,NA,NA,NA,NA,NA,NA,NA,NA,NA,NA
20109,2,NA,NA,NA,NA,NA,NA,NA,NA,NA,NA,NA
20110,2,NA,NA,NA,NA,NA,NA,NA,NA,NA,NA,NA
20111,2,NA,NA,NA,NA,NA,NA,NA,NA,NA,NA,NA
20112,2,NA,NA,NA,NA,NA,NA,NA,NA,NA,NA,NA
20113,1,1,1,0,0,1,1,0,0,24,24,0
20114,2,NA,NA,NA,NA,NA,NA,NA,NA,NA,NA,NA
20115,2,NA,NA,NA,NA,NA,NA,NA,NA,NA,NA,NA
20116,2,NA,NA,NA,NA,NA,NA,NA,NA,NA,NA,NA
20117,2,NA,NA,NA,NA,NA,NA,NA,NA,NA,NA,NA
20118,1,4,4,0,0,4,4,0,0,11,9,2
20119,1,1,1,0,0,1,1,0,0,5,5,0
20120,2,NA,NA,NA,NA,NA,NA,NA,NA,NA,NA,NA
20121,2,NA,NA,NA,NA,NA,NA,NA,NA,NA,NA,NA
20122,2,NA,NA,NA,NA,NA,NA,NA,NA,NA,NA,NA
20123,2,NA,NA,NA,NA,NA,NA,NA,NA,NA,NA,NA
20124,1,2,2,0,0,2,2,0,0,33,29,4
20125,2,NA,NA,NA,NA,NA,NA,NA,NA,NA,NA,NA
20126,2,NA,NA,NA,NA,NA,NA,NA,NA,NA,NA,NA
20127,2,NA,NA,NA,NA,NA,NA,NA,NA,NA,NA,NA
20128,2,NA,NA,NA,NA,NA,NA,NA,NA,NA,NA,NA
20129,2,NA,NA,NA,NA,NA,NA,NA,NA,NA,NA,NA
20130,1,2,2,0,0,2,2,0,0,30,29,1
20131,2,NA,NA,NA,NA,NA,NA,NA,NA,NA,NA,NA
20132,2,NA,NA,NA,NA,NA,NA,NA,NA,NA,NA,NA
20133,2,NA,NA,NA,NA,NA,NA,NA,NA,NA,NA,NA
20134,1,3,3,0,0,3,3,0,0,36,35,1
20135,1,3,3,0,0,3,3,0,0,10,7,3
20136,2,NA,NA,NA,NA,NA,NA,NA,NA,NA,NA,NA
20137,2,NA,NA,NA,NA,NA,NA,NA,NA,NA,NA,NA
20138,2,NA,NA,NA,NA,NA,NA,NA,NA,NA,NA,NA
20139,2,NA,NA,NA,NA,NA,NA,NA,NA,NA,NA,NA
20140,1,1,1,0,0,1,1,0,0,22,22,0
20141,1,1,1,0,0,1,1,0,0,20,20,0
20142,2,NA,NA,NA,NA,NA,NA,NA,NA,NA,NA,NA
20143,2,NA,NA,NA,NA,NA,NA,NA,NA,NA,NA,NA
20144,2,NA,NA,NA,NA,NA,NA,NA,NA,NA,NA,NA
20145,2,NA,NA,NA,NA,NA,NA,NA,NA,NA,NA,NA
20146,2,NA,NA,NA,NA,NA,NA,NA,NA,NA,NA,NA
20147,2,NA,NA,NA,NA,NA,NA,NA,NA,NA,NA,NA
20148,2,NA,NA,NA,NA,NA,NA,NA,NA,NA,NA,NA
20149,2,NA,NA,NA,NA,NA,NA,NA,NA,NA,NA,NA
20150,1,4,4,0,0,4,4,0,0,24,24,0
20151,2,NA,NA,NA,NA,NA,NA,NA,NA,NA,NA,NA
20152,2,NA,NA,NA,NA,NA,NA,NA,NA,NA,NA,NA
20153,2,NA,NA,NA,NA,NA,NA,NA,NA,NA,NA,NA
20154,2,NA,NA,NA,NA,NA,NA,NA,NA,NA,NA,NA
20155,2,NA,NA,NA,NA,NA,NA,NA,NA,NA,NA,NA
20156,2,NA,NA,NA,NA,NA,NA,NA,NA,NA,NA,NA
20157,2,NA,NA,NA,NA,NA,NA,NA,NA,NA,NA,NA
20158,2,NA,NA,NA,NA,NA,NA,NA,NA,NA,NA,NA
20159,2,NA,NA,NA,NA,NA,NA,NA,NA,NA,NA,NA
20160,1,8,6,2,0,8,6,2,0,14,12,2
20161,2,NA,NA,NA,NA,NA,NA,NA,NA,NA,NA,NA
20162,1,3,3,0,0,3,3,0,0,22,21,1
20163,2,NA,NA,NA,NA,NA,NA,NA,NA,NA,NA,NA
20164,1,1,1,0,0,1,1,0,0,24,16,8
20165,2,NA,NA,NA,NA,NA,NA,NA,NA,NA,NA,NA
20166,1,2,2,0,0,2,2,0,0,10,8,2
20167,2,NA,NA,NA,NA,NA,NA,NA,NA,NA,NA,NA
20168,2,NA,NA,NA,NA,NA,NA,NA,NA,NA,NA,NA
20169,1,2,2,0,0,2,2,0,0,12,12,0
20170,2,NA,NA,NA,NA,NA,NA,NA,NA,NA,NA,NA
20171,1,5,5,0,0,5,5,0,0,36,31,5
20172,2,NA,NA,NA,NA,NA,NA,NA,NA,NA,NA,NA
20173,2,NA,NA,NA,NA,NA,NA,NA,NA,NA,NA,NA
20174,2,NA,NA,NA,NA,NA,NA,NA,NA,NA,NA,NA
20175,2,NA,NA,NA,NA,NA,NA,NA,NA,NA,NA,NA
20176,1,1,1,0,0,1,1,0,0,8,8,0
20177,1,1,1,0,0,1,1,0,0,22,18,4
20178,2,NA,NA,NA,NA,NA,NA,NA,NA,NA,NA,NA
20179,2,NA,NA,NA,NA,NA,NA,NA,NA,NA,NA,NA
20180,2,NA,NA,NA,NA,NA,NA,NA,NA,NA,NA,NA
20181,1,2,2,0,0,2,2,0,0,4,4,0
20182,2,NA,NA,NA,NA,NA,NA,NA,NA,NA,NA,NA
20183,2,NA,NA,NA,NA,NA,NA,NA,NA,NA,NA,NA
20184,1,12,9,3,0,12,9,3,0,156,125,31
20185,1,3,1,2,0,3,1,2,0,22,20,2
20186,2,NA,NA,NA,NA,NA,NA,NA,NA,NA,NA,NA
20187,2,NA,NA,NA,NA,NA,NA,NA,NA,NA,NA,NA
20188,1,2,2,0,0,2,2,0,0,8,8,0
20189,2,NA,NA,NA,NA,NA,NA,NA,NA,NA,NA,NA
20190,2,NA,NA,NA,NA,NA,NA,NA,NA,NA,NA,NA
20191,2,NA,NA,NA,NA,NA,NA,NA,NA,NA,NA,NA
20192,2,NA,NA,NA,NA,NA,NA,NA,NA,NA,NA,NA
20193,2,NA,NA,NA,NA,NA,NA,NA,NA,NA,NA,NA
20194,2,NA,NA,NA,NA,NA,NA,NA,NA,NA,NA,NA
20195,2,NA,NA,NA,NA,NA,NA,NA,NA,NA,NA,NA
20196,2,NA,NA,NA,NA,NA,NA,NA,NA,NA,NA,NA
20197,2,NA,NA,NA,NA,NA,NA,NA,NA,NA,NA,NA
20198,1,9,9,0,0,9,9,0,0,68,66,2
20199,2,NA,NA,NA,NA,NA,NA,NA,NA,NA,NA,NA
20200,2,NA,NA,NA,NA,NA,NA,NA,NA,NA,NA,NA
20201,2,NA,NA,NA,NA,NA,NA,NA,NA,NA,NA,NA
20202,2,NA,NA,NA,NA,NA,NA,NA,NA,NA,NA,NA
20203,2,NA,NA,NA,NA,NA,NA,NA,NA,NA,NA,NA
20204,2,NA,NA,NA,NA,NA,NA,NA,NA,NA,NA,NA
20205,0,NA,NA,NA,NA,NA,NA,NA,NA,NA,NA,NA
20206,2,NA,NA,NA,NA,NA,NA,NA,NA,NA,NA,NA
20207,0,NA,NA,NA,NA,NA,NA,NA,NA,NA,NA,NA
20208,2,NA,NA,NA,NA,NA,NA,NA,NA,NA,NA,NA
20209,2,NA,NA,NA,NA,NA,NA,NA,NA,NA,NA,NA
20210,2,NA,NA,NA,NA,NA,NA,NA,NA,NA,NA,NA
20211,2,NA,NA,NA,NA,NA,NA,NA,NA,NA,NA,NA
20212,2,NA,NA,NA,NA,NA,NA,NA,NA,NA,NA,NA
20213,2,NA,NA,NA,NA,NA,NA,NA,NA,NA,NA,NA
20214,2,NA,NA,NA,NA,NA,NA,NA,NA,NA,NA,NA
20215,2,NA,NA,NA,NA,NA,NA,NA,NA,NA,NA,NA
20216,2,NA,NA,NA,NA,NA,NA,NA,NA,NA,NA,NA
20217,2,NA,NA,NA,NA,NA,NA,NA,NA,NA,NA,NA
20218,2,NA,NA,NA,NA,NA,NA,NA,NA,NA,NA,NA
20219,1,3,3,0,0,3,3,0,0,13,10,3
20220,1,1,1,0,0,1,1,0,0,10,10,0
20221,2,NA,NA,NA,NA,NA,NA,NA,NA,NA,NA,NA
20222,2,NA,NA,NA,NA,NA,NA,NA,NA,NA,NA,NA
20223,2,NA,NA,NA,NA,NA,NA,NA,NA,NA,NA,NA
20224,2,NA,NA,NA,NA,NA,NA,NA,NA,NA,NA,NA
20225,2,NA,NA,NA,NA,NA,NA,NA,NA,NA,NA,NA
20226,2,NA,NA,NA,NA,NA,NA,NA,NA,NA,NA,NA
20227,2,NA,NA,NA,NA,NA,NA,NA,NA,NA,NA,NA
20228,2,NA,NA,NA,NA,NA,NA,NA,NA,NA,NA,NA
20229,2,NA,NA,NA,NA,NA,NA,NA,NA,NA,NA,NA
20230,2,NA,NA,NA,NA,NA,NA,NA,NA,NA,NA,NA
20231,2,NA,NA,NA,NA,NA,NA,NA,NA,NA,NA,NA
20232,1,3,2,1,0,3,2,1,0,27,26,1
20233,2,NA,NA,NA,NA,NA,NA,NA,NA,NA,NA,NA
20234,2,NA,NA,NA,NA,NA,NA,NA,NA,NA,NA,NA
20235,2,NA,NA,NA,NA,NA,NA,NA,NA,NA,NA,NA
20236,2,NA,NA,NA,NA,NA,NA,NA,NA,NA,NA,NA
20237,2,NA,NA,NA,NA,NA,NA,NA,NA,NA,NA,NA
20238,2,NA,NA,NA,NA,NA,NA,NA,NA,NA,NA,NA
20239,2,NA,NA,NA,NA,NA,NA,NA,NA,NA,NA,NA
20240,2,NA,NA,NA,NA,NA,NA,NA,NA,NA,NA,NA
20241,2,NA,NA,NA,NA,NA,NA,NA,NA,NA,NA,NA
20242,0,NA,NA,NA,NA,NA,NA,NA,NA,NA,NA,NA
20243,2,NA,NA,NA,NA,NA,NA,NA,NA,NA,NA,NA
20244,2,NA,NA,NA,NA,NA,NA,NA,NA,NA,NA,NA
20245,1,2,2,0,0,2,2,0,0,4,4,0
20246,2,NA,NA,NA,NA,NA,NA,NA,NA,NA,NA,NA
20247,2,NA,NA,NA,NA,NA,NA,NA,NA,NA,NA,NA
20248,2,NA,NA,NA,NA,NA,NA,NA,NA,NA,NA,NA
20249,1,1,1,0,0,1,1,0,0,20,20,0
20250,2,NA,NA,NA,NA,NA,NA,NA,NA,NA,NA,NA
20251,2,NA,NA,NA,NA,NA,NA,NA,NA,NA,NA,NA
20252,2,NA,NA,NA,NA,NA,NA,NA,NA,NA,NA,NA
20253,1,1,1,0,0,1,1,0,0,8,6,2
20254,2,NA,NA,NA,NA,NA,NA,NA,NA,NA,NA,NA
20255,2,NA,NA,NA,NA,NA,NA,NA,NA,NA,NA,NA
20256,2,NA,NA,NA,NA,NA,NA,NA,NA,NA,NA,NA
20257,2,NA,NA,NA,NA,NA,NA,NA,NA,NA,NA,NA
20258,2,NA,NA,NA,NA,NA,NA,NA,NA,NA,NA,NA
20259,2,NA,NA,NA,NA,NA,NA,NA,NA,NA,NA,NA
20260,2,NA,NA,NA,NA,NA,NA,NA,NA,NA,NA,NA
20261,1,2,2,0,0,2,2,0,0,12,12,0
20262,2,NA,NA,NA,NA,NA,NA,NA,NA,NA,NA,NA
20263,1,1,1,0,0,1,1,0,0,14,13,1
20264,2,NA,NA,NA,NA,NA,NA,NA,NA,NA,NA,NA
20265,2,NA,NA,NA,NA,NA,NA,NA,NA,NA,NA,NA
20266,2,NA,NA,NA,NA,NA,NA,NA,NA,NA,NA,NA
20267,2,NA,NA,NA,NA,NA,NA,NA,NA,NA,NA,NA
20268,2,NA,NA,NA,NA,NA,NA,NA,NA,NA,NA,NA
20269,2,NA,NA,NA,NA,NA,NA,NA,NA,NA,NA,NA
20270,2,NA,NA,NA,NA,NA,NA,NA,NA,NA,NA,NA
20271,2,NA,NA,NA,NA,NA,NA,NA,NA,NA,NA,NA
20272,1,5,5,0,0,5,5,0,0,8,4,4
20273,2,NA,NA,NA,NA,NA,NA,NA,NA,NA,NA,NA
20274,2,NA,NA,NA,NA,NA,NA,NA,NA,NA,NA,NA
20275,2,NA,NA,NA,NA,NA,NA,NA,NA,NA,NA,NA
20276,2,NA,NA,NA,NA,NA,NA,NA,NA,NA,NA,NA
20277,2,NA,NA,NA,NA,NA,NA,NA,NA,NA,NA,NA
20278,1,4,4,0,0,4,4,0,0,18,16,2
20279,2,NA,NA,NA,NA,NA,NA,NA,NA,NA,NA,NA
20280,2,NA,NA,NA,NA,NA,NA,NA,NA,NA,NA,NA
20281,2,NA,NA,NA,NA,NA,NA,NA,NA,NA,NA,NA
20282,2,NA,NA,NA,NA,NA,NA,NA,NA,NA,NA,NA
20283,2,NA,NA,NA,NA,NA,NA,NA,NA,NA,NA,NA
20284,2,NA,NA,NA,NA,NA,NA,NA,NA,NA,NA,NA
20285,2,NA,NA,NA,NA,NA,NA,NA,NA,NA,NA,NA
20286,2,NA,NA,NA,NA,NA,NA,NA,NA,NA,NA,NA
20287,2,NA,NA,NA,NA,NA,NA,NA,NA,NA,NA,NA
20288,2,NA,NA,NA,NA,NA,NA,NA,NA,NA,NA,NA
20289,2,NA,NA,NA,NA,NA,NA,NA,NA,NA,NA,NA
20290,1,3,3,0,0,3,3,0,0,5,5,0
20291,2,NA,NA,NA,NA,NA,NA,NA,NA,NA,NA,NA
20292,2,NA,NA,NA,NA,NA,NA,NA,NA,NA,NA,NA
20293,2,NA,NA,NA,NA,NA,NA,NA,NA,NA,NA,NA
20294,1,13,13,0,0,13,13,0,0,17,13,4
20295,1,2,2,0,0,1,1,0,0,10,7,3
20296,1,1,1,0,0,1,1,0,0,2,2,0
20297,2,NA,NA,NA,NA,NA,NA,NA,NA,NA,NA,NA
20298,2,NA,NA,NA,NA,NA,NA,NA,NA,NA,NA,NA
20299,2,NA,NA,NA,NA,NA,NA,NA,NA,NA,NA,NA
20300,2,NA,NA,NA,NA,NA,NA,NA,NA,NA,NA,NA
20301,2,NA,NA,NA,NA,NA,NA,NA,NA,NA,NA,NA
20302,2,NA,NA,NA,NA,NA,NA,NA,NA,NA,NA,NA
20303,2,NA,NA,NA,NA,NA,NA,NA,NA,NA,NA,NA
20304,2,NA,NA,NA,NA,NA,NA,NA,NA,NA,NA,NA
20305,1,2,1,1,0,2,1,1,0,13,10,3
20306,1,1,1,0,0,1,1,0,0,12,11,1
20307,1,1,1,0,0,1,1,0,0,27,20,7
20308,2,NA,NA,NA,NA,NA,NA,NA,NA,NA,NA,NA
20309,1,2,2,0,0,2,2,0,0,84,84,0
20310,2,NA,NA,NA,NA,NA,NA,NA,NA,NA,NA,NA
20311,2,NA,NA,NA,NA,NA,NA,NA,NA,NA,NA,NA
20312,1,3,1,2,0,3,1,2,0,27,26,1
20313,2,NA,NA,NA,NA,NA,NA,NA,NA,NA,NA,NA
20314,2,NA,NA,NA,NA,NA,NA,NA,NA,NA,NA,NA
20315,2,NA,NA,NA,NA,NA,NA,NA,NA,NA,NA,NA
20316,2,NA,NA,NA,NA,NA,NA,NA,NA,NA,NA,NA
20317,0,NA,NA,NA,NA,NA,NA,NA,NA,NA,NA,NA
20318,1,2,2,0,0,2,2,0,0,51,35,16
20319,0,NA,NA,NA,NA,NA,NA,NA,NA,NA,NA,NA
20320,2,NA,NA,NA,NA,NA,NA,NA,NA,NA,NA,NA
20321,2,NA,NA,NA,NA,NA,NA,NA,NA,NA,NA,NA
20322,0,NA,NA,NA,NA,NA,NA,NA,NA,NA,NA,NA
20323,2,NA,NA,NA,NA,NA,NA,NA,NA,NA,NA,NA
20324,1,8,3,5,0,8,3,5,0,68,53,15
20325,2,NA,NA,NA,NA,NA,NA,NA,NA,NA,NA,NA
20326,2,NA,NA,NA,NA,NA,NA,NA,NA,NA,NA,NA
20327,1,5,5,0,0,5,5,0,0,15,13,2
20328,2,NA,NA,NA,NA,NA,NA,NA,NA,NA,NA,NA
20329,2,NA,NA,NA,NA,NA,NA,NA,NA,NA,NA,NA
20330,2,NA,NA,NA,NA,NA,NA,NA,NA,NA,NA,NA
20331,2,NA,NA,NA,NA,NA,NA,NA,NA,NA,NA,NA
20332,2,NA,NA,NA,NA,NA,NA,NA,NA,NA,NA,NA
20333,2,NA,NA,NA,NA,NA,NA,NA,NA,NA,NA,NA
20334,2,NA,NA,NA,NA,NA,NA,NA,NA,NA,NA,NA
20335,2,NA,NA,NA,NA,NA,NA,NA,NA,NA,NA,NA
20336,2,NA,NA,NA,NA,NA,NA,NA,NA,NA,NA,NA
20337,2,NA,NA,NA,NA,NA,NA,NA,NA,NA,NA,NA
20338,1,1,1,0,0,1,1,0,0,23,16,7
20339,2,NA,NA,NA,NA,NA,NA,NA,NA,NA,NA,NA
20340,2,NA,NA,NA,NA,NA,NA,NA,NA,NA,NA,NA
20341,2,NA,NA,NA,NA,NA,NA,NA,NA,NA,NA,NA
20342,0,NA,NA,NA,NA,NA,NA,NA,NA,NA,NA,NA
20343,1,NSS,NSS,0,0,NSS,NSS,0,0,NSS,NSS,NSS
20344,2,NA,NA,NA,NA,NA,NA,NA,NA,NA,NA,NA
20345,2,NA,NA,NA,NA,NA,NA,NA,NA,NA,NA,NA
20346,2,NA,NA,NA,NA,NA,NA,NA,NA,NA,NA,NA
20347,2,NA,NA,NA,NA,NA,NA,NA,NA,NA,NA,NA
20348,2,NA,NA,NA,NA,NA,NA,NA,NA,NA,NA,NA
20349,2,NA,NA,NA,NA,NA,NA,NA,NA,NA,NA,NA
20350,1,7,5,2,0,7,5,2,0,14,10,4
20351,2,NA,NA,NA,NA,NA,NA,NA,NA,NA,NA,NA
20352,2,NA,NA,NA,NA,NA,NA,NA,NA,NA,NA,NA
20353,2,NA,NA,NA,NA,NA,NA,NA,NA,NA,NA,NA
20354,2,NA,NA,NA,NA,NA,NA,NA,NA,NA,NA,NA
20355,2,NA,NA,NA,NA,NA,NA,NA,NA,NA,NA,NA
20356,1,7,7,0,0,7,7,0,0,1,0,1
20357,2,NA,NA,NA,NA,NA,NA,NA,NA,NA,NA,NA
20358,2,NA,NA,NA,NA,NA,NA,NA,NA,NA,NA,NA
20359,2,NA,NA,NA,NA,NA,NA,NA,NA,NA,NA,NA
20360,2,NA,NA,NA,NA,NA,NA,NA,NA,NA,NA,NA
20361,2,NA,NA,NA,NA,NA,NA,NA,NA,NA,NA,NA
20362,2,NA,NA,NA,NA,NA,NA,NA,NA,NA,NA,NA
20363,2,NA,NA,NA,NA,NA,NA,NA,NA,NA,NA,NA
20364,2,NA,NA,NA,NA,NA,NA,NA,NA,NA,NA,NA
20365,2,NA,NA,NA,NA,NA,NA,NA,NA,NA,NA,NA
20366,2,NA,NA,NA,NA,NA,NA,NA,NA,NA,NA,NA
20367,2,NA,NA,NA,NA,NA,NA,NA,NA,NA,NA,NA
20368,2,NA,NA,NA,NA,NA,NA,NA,NA,NA,NA,NA
20369,1,4,4,0,0,4,4,0,0,12,8,4
20370,2,NA,NA,NA,NA,NA,NA,NA,NA,NA,NA,NA
20371,2,NA,NA,NA,NA,NA,NA,NA,NA,NA,NA,NA
20372,2,NA,NA,NA,NA,NA,NA,NA,NA,NA,NA,NA
20373,2,NA,NA,NA,NA,NA,NA,NA,NA,NA,NA,NA
20374,9,NSS,NSS,NSS,NSS,NSS,NSS,NSS,NSS,NSS,NSS,NSS
20375,2,NA,NA,NA,NA,NA,NA,NA,NA,NA,NA,NA
20376,2,NA,NA,NA,NA,NA,NA,NA,NA,NA,NA,NA
20377,2,NA,NA,NA,NA,NA,NA,NA,NA,NA,NA,NA
20378,2,NA,NA,NA,NA,NA,NA,NA,NA,NA,NA,NA
20379,2,NA,NA,NA,NA,NA,NA,NA,NA,NA,NA,NA
20380,2,NA,NA,NA,NA,NA,NA,NA,NA,NA,NA,NA
20381,1,3,3,0,0,3,3,0,0,12,10,2
20382,2,NA,NA,NA,NA,NA,NA,NA,NA,NA,NA,NA
20383,2,NA,NA,NA,NA,NA,NA,NA,NA,NA,NA,NA
20384,2,NA,NA,NA,NA,NA,NA,NA,NA,NA,NA,NA
20385,2,NA,NA,NA,NA,NA,NA,NA,NA,NA,NA,NA
20386,2,NA,NA,NA,NA,NA,NA,NA,NA,NA,NA,NA
20387,1,3,3,0,0,3,3,0,0,8,6,2
20388,2,NA,NA,NA,NA,NA,NA,NA,NA,NA,NA,NA
20389,2,NA,NA,NA,NA,NA,NA,NA,NA,NA,NA,NA
20390,1,1,1,0,0,1,1,0,0,94,56,38
20391,2,NA,NA,NA,NA,NA,NA,NA,NA,NA,NA,NA
20392,2,NA,NA,NA,NA,NA,NA,NA,NA,NA,NA,NA
20393,2,NA,NA,NA,NA,NA,NA,NA,NA,NA,NA,NA
20394,2,NA,NA,NA,NA,NA,NA,NA,NA,NA,NA,NA
20395,2,NA,NA,NA,NA,NA,NA,NA,NA,NA,NA,NA
20396,2,NA,NA,NA,NA,NA,NA,NA,NA,NA,NA,NA
20397,1,1,1,0,0,1,1,0,0,15,13,2
20398,1,4,4,0,0,4,4,0,0,4,4,0
20399,2,NA,NA,NA,NA,NA,NA,NA,NA,NA,NA,NA
20400,1,2,2,0,0,2,2,0,0,6,4,2
20401,9,NSS,NSS,NSS,NSS,NSS,NSS,NSS,NSS,NSS,NSS,NSS
20402,2,NA,NA,NA,NA,NA,NA,NA,NA,NA,NA,NA
20403,1,3,3,0,0,3,3,0,0,62,62,0
20404,1,1,1,0,0,1,1,0,0,3,3,0
20405,2,NA,NA,NA,NA,NA,NA,NA,NA,NA,NA,NA
20406,2,NA,NA,NA,NA,NA,NA,NA,NA,NA,NA,NA
20407,2,NA,NA,NA,NA,NA,NA,NA,NA,NA,NA,NA
20408,2,NA,NA,NA,NA,NA,NA,NA,NA,NA,NA,NA
20409,2,NA,NA,NA,NA,NA,NA,NA,NA,NA,NA,NA
20410,2,NA,NA,NA,NA,NA,NA,NA,NA,NA,NA,NA
20411,2,NA,NA,NA,NA,NA,NA,NA,NA,NA,NA,NA
20412,2,NA,NA,NA,NA,NA,NA,NA,NA,NA,NA,NA
20413,9,NSS,NSS,NSS,NSS,NSS,NSS,NSS,NSS,NSS,NSS,NSS
20414,2,NA,NA,NA,NA,NA,NA,NA,NA,NA,NA,NA
20415,2,NA,NA,NA,NA,NA,NA,NA,NA,NA,NA,NA
20416,2,NA,NA,NA,NA,NA,NA,NA,NA,NA,NA,NA
20417,1,2,2,0,0,2,2,0,0,10,8,2
20418,1,2,2,0,0,2,2,0,0,38,35,3
20419,1,1,1,0,0,1,1,0,0,2,2,0
20420,1,1,1,0,0,1,1,0,0,260,260,0
20421,1,1,1,0,0,1,1,0,0,24,20,4
20422,2,NA,NA,NA,NA,NA,NA,NA,NA,NA,NA,NA
20423,2,NA,NA,NA,NA,NA,NA,NA,NA,NA,NA,NA
20424,2,NA,NA,NA,NA,NA,NA,NA,NA,NA,NA,NA
20425,2,NA,NA,NA,NA,NA,NA,NA,NA,NA,NA,NA
20426,1,5,5,0,0,5,5,0,0,19,16,3
20427,1,4,2,2,0,4,2,2,0,40,39,1
20428,2,NA,NA,NA,NA,NA,NA,NA,NA,NA,NA,NA
20429,2,NA,NA,NA,NA,NA,NA,NA,NA,NA,NA,NA
20430,2,NA,NA,NA,NA,NA,NA,NA,NA,NA,NA,NA
20431,2,NA,NA,NA,NA,NA,NA,NA,NA,NA,NA,NA
20432,2,NA,NA,NA,NA,NA,NA,NA,NA,NA,NA,NA
20433,1,6,6,0,0,6,6,0,0,8,8,0
20434,2,NA,NA,NA,NA,NA,NA,NA,NA,NA,NA,NA
20435,2,NA,NA,NA,NA,NA,NA,NA,NA,NA,NA,NA
20436,2,NA,NA,NA,NA,NA,NA,NA,NA,NA,NA,NA
20437,2,NA,NA,NA,NA,NA,NA,NA,NA,NA,NA,NA
20438,2,NA,NA,NA,NA,NA,NA,NA,NA,NA,NA,NA
20439,2,NA,NA,NA,NA,NA,NA,NA,NA,NA,NA,NA
20440,2,NA,NA,NA,NA,NA,NA,NA,NA,NA,NA,NA
20441,1,3,3,0,0,3,3,0,0,14,12,2
20442,2,NA,NA,NA,NA,NA,NA,NA,NA,NA,NA,NA
20443,2,NA,NA,NA,NA,NA,NA,NA,NA,NA,NA,NA
20444,2,NA,NA,NA,NA,NA,NA,NA,NA,NA,NA,NA
20445,2,NA,NA,NA,NA,NA,NA,NA,NA,NA,NA,NA
20446,2,NA,NA,NA,NA,NA,NA,NA,NA,NA,NA,NA
20447,1,1,1,0,0,1,1,0,0,16,13,3
20448,2,NA,NA,NA,NA,NA,NA,NA,NA,NA,NA,NA
20449,2,NA,NA,NA,NA,NA,NA,NA,NA,NA,NA,NA
20450,2,NA,NA,NA,NA,NA,NA,NA,NA,NA,NA,NA
20451,2,NA,NA,NA,NA,NA,NA,NA,NA,NA,NA,NA
20452,1,1,1,0,0,1,1,0,0,8,8,0
20453,2,NA,NA,NA,NA,NA,NA,NA,NA,NA,NA,NA
20454,2,NA,NA,NA,NA,NA,NA,NA,NA,NA,NA,NA
20455,2,NA,NA,NA,NA,NA,NA,NA,NA,NA,NA,NA
20456,1,3,1,2,0,3,1,2,0,10,8,2
20457,2,NA,NA,NA,NA,NA,NA,NA,NA,NA,NA,NA
20458,2,NA,NA,NA,NA,NA,NA,NA,NA,NA,NA,NA
20459,2,NA,NA,NA,NA,NA,NA,NA,NA,NA,NA,NA
20460,2,NA,NA,NA,NA,NA,NA,NA,NA,NA,NA,NA
20461,2,NA,NA,NA,NA,NA,NA,NA,NA,NA,NA,NA
20462,2,NA,NA,NA,NA,NA,NA,NA,NA,NA,NA,NA
20463,2,NA,NA,NA,NA,NA,NA,NA,NA,NA,NA,NA
20464,2,NA,NA,NA,NA,NA,NA,NA,NA,NA,NA,NA
20465,2,NA,NA,NA,NA,NA,NA,NA,NA,NA,NA,NA
20466,1,6,6,0,0,5,5,0,0,26,21,5
20467,2,NA,NA,NA,NA,NA,NA,NA,NA,NA,NA,NA
20468,2,NA,NA,NA,NA,NA,NA,NA,NA,NA,NA,NA
20469,2,NA,NA,NA,NA,NA,NA,NA,NA,NA,NA,NA
20470,2,NA,NA,NA,NA,NA,NA,NA,NA,NA,NA,NA
20471,2,NA,NA,NA,NA,NA,NA,NA,NA,NA,NA,NA
20472,1,5,5,0,0,5,5,0,0,20,16,4
20473,2,NA,NA,NA,NA,NA,NA,NA,NA,NA,NA,NA
20474,2,NA,NA,NA,NA,NA,NA,NA,NA,NA,NA,NA
20475,1,10,10,0,0,10,10,0,0,13,10,3
20476,2,NA,NA,NA,NA,NA,NA,NA,NA,NA,NA,NA
20477,2,NA,NA,NA,NA,NA,NA,NA,NA,NA,NA,NA
20478,1,1,1,0,0,1,1,0,0,7,7,0
20479,2,NA,NA,NA,NA,NA,NA,NA,NA,NA,NA,NA
20480,2,NA,NA,NA,NA,NA,NA,NA,NA,NA,NA,NA
20481,2,NA,NA,NA,NA,NA,NA,NA,NA,NA,NA,NA
20482,2,NA,NA,NA,NA,NA,NA,NA,NA,NA,NA,NA
20483,2,NA,NA,NA,NA,NA,NA,NA,NA,NA,NA,NA
20484,1,3,3,0,0,3,3,0,0,12,12,0
20485,2,NA,NA,NA,NA,NA,NA,NA,NA,NA,NA,NA
20486,2,NA,NA,NA,NA,NA,NA,NA,NA,NA,NA,NA
20487,2,NA,NA,NA,NA,NA,NA,NA,NA,NA,NA,NA
20488,2,NA,NA,NA,NA,NA,NA,NA,NA,NA,NA,NA
20489,2,NA,NA,NA,NA,NA,NA,NA,NA,NA,NA,NA
20490,2,NA,NA,NA,NA,NA,NA,NA,NA,NA,NA,NA
20491,2,NA,NA,NA,NA,NA,NA,NA,NA,NA,NA,NA
20492,2,NA,NA,NA,NA,NA,NA,NA,NA,NA,NA,NA
20493,2,NA,NA,NA,NA,NA,NA,NA,NA,NA,NA,NA
20494,2,NA,NA,NA,NA,NA,NA,NA,NA,NA,NA,NA
20495,2,NA,NA,NA,NA,NA,NA,NA,NA,NA,NA,NA
20496,2,NA,NA,NA,NA,NA,NA,NA,NA,NA,NA,NA
20497,2,NA,NA,NA,NA,NA,NA,NA,NA,NA,NA,NA
20498,2,NA,NA,NA,NA,NA,NA,NA,NA,NA,NA,NA
20499,2,NA,NA,NA,NA,NA,NA,NA,NA,NA,NA,NA
20500,2,NA,NA,NA,NA,NA,NA,NA,NA,NA,NA,NA
20501,2,NA,NA,NA,NA,NA,NA,NA,NA,NA,NA,NA
20502,1,1,1,0,0,1,1,0,0,14,12,2
20503,2,NA,NA,NA,NA,NA,NA,NA,NA,NA,NA,NA
20504,2,NA,NA,NA,NA,NA,NA,NA,NA,NA,NA,NA
20505,1,2,2,0,0,2,2,0,0,11,9,2
20506,2,NA,NA,NA,NA,NA,NA,NA,NA,NA,NA,NA
20507,2,NA,NA,NA,NA,NA,NA,NA,NA,NA,NA,NA
20508,1,5,5,0,0,5,5,0,0,8,5,3
20509,9,NSS,NSS,NSS,NSS,NSS,NSS,NSS,NSS,NSS,NSS,NSS
20510,2,NA,NA,NA,NA,NA,NA,NA,NA,NA,NA,NA
20511,2,NA,NA,NA,NA,NA,NA,NA,NA,NA,NA,NA
20512,2,NA,NA,NA,NA,NA,NA,NA,NA,NA,NA,NA
20513,1,4,4,0,0,4,4,0,0,27,21,6
20514,2,NA,NA,NA,NA,NA,NA,NA,NA,NA,NA,NA
20515,1,5,3,2,0,5,3,2,0,15,10,5
20516,2,NA,NA,NA,NA,NA,NA,NA,NA,NA,NA,NA
20517,2,NA,NA,NA,NA,NA,NA,NA,NA,NA,NA,NA
20518,2,NA,NA,NA,NA,NA,NA,NA,NA,NA,NA,NA
20519,2,NA,NA,NA,NA,NA,NA,NA,NA,NA,NA,NA
20520,1,8,6,2,0,8,6,2,0,14,12,2
20521,2,NA,NA,NA,NA,NA,NA,NA,NA,NA,NA,NA
20522,2,NA,NA,NA,NA,NA,NA,NA,NA,NA,NA,NA
20523,2,NA,NA,NA,NA,NA,NA,NA,NA,NA,NA,NA
20524,2,NA,NA,NA,NA,NA,NA,NA,NA,NA,NA,NA
20525,1,2,2,0,0,2,2,0,0,14,10,4
20526,2,NA,NA,NA,NA,NA,NA,NA,NA,NA,NA,NA
20527,2,NA,NA,NA,NA,NA,NA,NA,NA,NA,NA,NA
20528,2,NA,NA,NA,NA,NA,NA,NA,NA,NA,NA,NA
20529,1,2,2,0,0,2,2,0,0,12,11,1
20530,2,NA,NA,NA,NA,NA,NA,NA,NA,NA,NA,NA
20531,2,NA,NA,NA,NA,NA,NA,NA,NA,NA,NA,NA
20532,2,NA,NA,NA,NA,NA,NA,NA,NA,NA,NA,NA
20533,9,NSS,NSS,NSS,NSS,NSS,NSS,NSS,NSS,NSS,NSS,NSS
20534,2,NA,NA,NA,NA,NA,NA,NA,NA,NA,NA,NA
20535,2,NA,NA,NA,NA,NA,NA,NA,NA,NA,NA,NA
20536,2,NA,NA,NA,NA,NA,NA,NA,NA,NA,NA,NA
20537,2,NA,NA,NA,NA,NA,NA,NA,NA,NA,NA,NA
20538,2,NA,NA,NA,NA,NA,NA,NA,NA,NA,NA,NA
20539,1,5,5,0,0,5,5,0,0,18,14,4
20540,1,3,3,0,0,3,3,0,0,24,19,5
20541,2,NA,NA,NA,NA,NA,NA,NA,NA,NA,NA,NA
20542,2,NA,NA,NA,NA,NA,NA,NA,NA,NA,NA,NA
20543,2,NA,NA,NA,NA,NA,NA,NA,NA,NA,NA,NA
20544,2,NA,NA,NA,NA,NA,NA,NA,NA,NA,NA,NA
20545,2,NA,NA,NA,NA,NA,NA,NA,NA,NA,NA,NA
20546,9,NSS,NSS,NSS,NSS,NSS,NSS,NSS,NSS,NSS,NSS,NSS
20547,2,NA,NA,NA,NA,NA,NA,NA,NA,NA,NA,NA
20548,2,NA,NA,NA,NA,NA,NA,NA,NA,NA,NA,NA
20549,1,9,4,5,0,9,4,5,0,10,6,4
20550,2,NA,NA,NA,NA,NA,NA,NA,NA,NA,NA,NA
20551,1,5,5,0,0,5,5,0,0,12,9,3
20552,2,NA,NA,NA,NA,NA,NA,NA,NA,NA,NA,NA
20553,2,NA,NA,NA,NA,NA,NA,NA,NA,NA,NA,NA
20554,2,NA,NA,NA,NA,NA,NA,NA,NA,NA,NA,NA
20555,1,7,6,1,0,7,6,1,0,8,5,3
20556,2,NA,NA,NA,NA,NA,NA,NA,NA,NA,NA,NA
20557,1,1,1,0,0,1,1,0,0,20,20,0
20558,2,NA,NA,NA,NA,NA,NA,NA,NA,NA,NA,NA
20559,1,3,3,0,0,3,3,0,0,23,18,5
20560,1,10,10,0,0,10,10,0,0,10,7,3
20561,2,NA,NA,NA,NA,NA,NA,NA,NA,NA,NA,NA
20562,2,NA,NA,NA,NA,NA,NA,NA,NA,NA,NA,NA
20563,2,NA,NA,NA,NA,NA,NA,NA,NA,NA,NA,NA
20564,2,NA,NA,NA,NA,NA,NA,NA,NA,NA,NA,NA
20565,1,22,22,0,0,22,22,0,0,77,60,17
20566,2,NA,NA,NA,NA,NA,NA,NA,NA,NA,NA,NA
20567,1,3,3,0,0,3,3,0,0,9,9,0
20568,2,NA,NA,NA,NA,NA,NA,NA,NA,NA,NA,NA
20569,2,NA,NA,NA,NA,NA,NA,NA,NA,NA,NA,NA
20570,1,5,5,0,0,5,5,0,0,43,27,16
21001,1,1,1,0,0,1,1,0,0,28,17,11
21002,2,NA,NA,NA,NA,NA,NA,NA,NA,NA,NA,NA
21003,2,NA,NA,NA,NA,NA,NA,NA,NA,NA,NA,NA
21004,1,2,2,0,0,2,2,0,0,91,68,23
21005,2,NA,NA,NA,NA,NA,NA,NA,NA,NA,NA,NA
21006,2,NA,NA,NA,NA,NA,NA,NA,NA,NA,NA,NA
21007,2,NA,NA,NA,NA,NA,NA,NA,NA,NA,NA,NA
21008,1,16,16,0,0,16,16,0,0,16,12,4
21009,2,NA,NA,NA,NA,NA,NA,NA,NA,NA,NA,NA
21010,2,NA,NA,NA,NA,NA,NA,NA,NA,NA,NA,NA
21011,2,NA,NA,NA,NA,NA,NA,NA,NA,NA,NA,NA
21012,2,NA,NA,NA,NA,NA,NA,NA,NA,NA,NA,NA
21013,2,NA,NA,NA,NA,NA,NA,NA,NA,NA,NA,NA
21014,1,2,2,0,0,2,2,0,0,2,2,0
21015,2,NA,NA,NA,NA,NA,NA,NA,NA,NA,NA,NA
21016,2,NA,NA,NA,NA,NA,NA,NA,NA,NA,NA,NA
21017,2,NA,NA,NA,NA,NA,NA,NA,NA,NA,NA,NA
21018,2,NA,NA,NA,NA,NA,NA,NA,NA,NA,NA,NA
21019,2,NA,NA,NA,NA,NA,NA,NA,NA,NA,NA,NA
21020,2,NA,NA,NA,NA,NA,NA,NA,NA,NA,NA,NA
21021,2,NA,NA,NA,NA,NA,NA,NA,NA,NA,NA,NA
21022,2,NA,NA,NA,NA,NA,NA,NA,NA,NA,NA,NA
21023,2,NA,NA,NA,NA,NA,NA,NA,NA,NA,NA,NA
21024,1,2,0,2,0,2,0,2,0,5,5,0
21025,2,NA,NA,NA,NA,NA,NA,NA,NA,NA,NA,NA
21026,2,NA,NA,NA,NA,NA,NA,NA,NA,NA,NA,NA
21027,2,NA,NA,NA,NA,NA,NA,NA,NA,NA,NA,NA
21028,2,NA,NA,NA,NA,NA,NA,NA,NA,NA,NA,NA
21029,2,NA,NA,NA,NA,NA,NA,NA,NA,NA,NA,NA
21030,2,NA,NA,NA,NA,NA,NA,NA,NA,NA,NA,NA
21031,1,2,2,0,0,2,2,0,0,6,6,0
21032,2,NA,NA,NA,NA,NA,NA,NA,NA,NA,NA,NA
21033,2,NA,NA,NA,NA,NA,NA,NA,NA,NA,NA,NA
21034,1,4,1,3,0,4,1,3,0,79,57,22
21035,2,NA,NA,NA,NA,NA,NA,NA,NA,NA,NA,NA
21036,2,NA,NA,NA,NA,NA,NA,NA,NA,NA,NA,NA
21037,2,NA,NA,NA,NA,NA,NA,NA,NA,NA,NA,NA
21038,1,5,3,2,0,5,3,2,0,14,8,6
21039,1,5,0,5,0,5,0,5,0,5,4,1
21040,2,NA,NA,NA,NA,NA,NA,NA,NA,NA,NA,NA
21041,2,NA,NA,NA,NA,NA,NA,NA,NA,NA,NA,NA
21042,1,1,1,0,0,1,1,0,0,11,10,1
21043,2,NA,NA,NA,NA,NA,NA,NA,NA,NA,NA,NA
21044,2,NA,NA,NA,NA,NA,NA,NA,NA,NA,NA,NA
21045,9,NSS,NSS,NSS,NSS,NSS,NSS,NSS,NSS,NSS,NSS,NSS
21046,2,NA,NA,NA,NA,NA,NA,NA,NA,NA,NA,NA
21047,2,NA,NA,NA,NA,NA,NA,NA,NA,NA,NA,NA
21048,2,NA,NA,NA,NA,NA,NA,NA,NA,NA,NA,NA
21049,1,5,0,5,0,5,0,5,0,5,3,2
21050,2,NA,NA,NA,NA,NA,NA,NA,NA,NA,NA,NA
21051,1,2,2,0,0,2,2,0,0,42,26,16
21052,2,NA,NA,NA,NA,NA,NA,NA,NA,NA,NA,NA
21053,2,NA,NA,NA,NA,NA,NA,NA,NA,NA,NA,NA
21054,2,NA,NA,NA,NA,NA,NA,NA,NA,NA,NA,NA
21055,1,1,1,0,0,1,1,0,0,10,8,2
21056,1,1,1,0,0,1,1,0,0,7,7,0
21057,1,5,3,2,0,5,3,2,0,17,17,0
21058,2,NA,NA,NA,NA,NA,NA,NA,NA,NA,NA,NA
21059,2,NA,NA,NA,NA,NA,NA,NA,NA,NA,NA,NA
21060,1,5,2,3,0,5,2,3,0,17,9,8
21061,1,10,10,0,0,10,10,0,0,22,19,3
21062,2,NA,NA,NA,NA,NA,NA,NA,NA,NA,NA,NA
21063,2,NA,NA,NA,NA,NA,NA,NA,NA,NA,NA,NA
21064,2,NA,NA,NA,NA,NA,NA,NA,NA,NA,NA,NA
21065,2,NA,NA,NA,NA,NA,NA,NA,NA,NA,NA,NA
21066,2,NA,NA,NA,NA,NA,NA,NA,NA,NA,NA,NA
21067,2,NA,NA,NA,NA,NA,NA,NA,NA,NA,NA,NA
21068,2,NA,NA,NA,NA,NA,NA,NA,NA,NA,NA,NA
21069,2,NA,NA,NA,NA,NA,NA,NA,NA,NA,NA,NA
21070,1,2,2,0,0,2,2,0,0,2,1,1
21071,1,7,4,0,3,7,4,0,3,42,25,17
21072,2,NA,NA,NA,NA,NA,NA,NA,NA,NA,NA,NA
21073,1,2,1,1,0,2,1,1,0,20,16,4
21074,1,16,0,16,0,16,0,16,0,57,37,20
21075,2,NA,NA,NA,NA,NA,NA,NA,NA,NA,NA,NA
21076,1,54,54,0,0,54,54,0,0,54,45,9
21077,2,NA,NA,NA,NA,NA,NA,NA,NA,NA,NA,NA
21078,2,NA,NA,NA,NA,NA,NA,NA,NA,NA,NA,NA
21079,2,NA,NA,NA,NA,NA,NA,NA,NA,NA,NA,NA
21080,2,NA,NA,NA,NA,NA,NA,NA,NA,NA,NA,NA
21081,2,NA,NA,NA,NA,NA,NA,NA,NA,NA,NA,NA
21082,2,NA,NA,NA,NA,NA,NA,NA,NA,NA,NA,NA
21083,1,68,0,68,0,68,0,68,0,31,27,4
21084,2,NA,NA,NA,NA,NA,NA,NA,NA,NA,NA,NA
21085,2,NA,NA,NA,NA,NA,NA,NA,NA,NA,NA,NA
21086,1,5,5,0,0,5,5,0,0,10,10,0
21087,2,NA,NA,NA,NA,NA,NA,NA,NA,NA,NA,NA
21088,9,NSS,NSS,NSS,NSS,NSS,NSS,NSS,NSS,NSS,NSS,NSS
21089,2,NA,NA,NA,NA,NA,NA,NA,NA,NA,NA,NA
21090,2,NA,NA,NA,NA,NA,NA,NA,NA,NA,NA,NA
21091,2,NA,NA,NA,NA,NA,NA,NA,NA,NA,NA,NA
21092,1,4,4,0,0,4,4,0,0,12,10,2
21093,2,NA,NA,NA,NA,NA,NA,NA,NA,NA,NA,NA
21094,1,5,0,5,0,5,0,5,0,15,10,5
21095,2,NA,NA,NA,NA,NA,NA,NA,NA,NA,NA,NA
21096,2,NA,NA,NA,NA,NA,NA,NA,NA,NA,NA,NA
21097,2,NA,NA,NA,NA,NA,NA,NA,NA,NA,NA,NA
21098,2,NA,NA,NA,NA,NA,NA,NA,NA,NA,NA,NA
21099,2,NA,NA,NA,NA,NA,NA,NA,NA,NA,NA,NA
21100,2,NA,NA,NA,NA,NA,NA,NA,NA,NA,NA,NA
21101,2,NA,NA,NA,NA,NA,NA,NA,NA,NA,NA,NA
21102,2,NA,NA,NA,NA,NA,NA,NA,NA,NA,NA,NA
21103,1,3,2,1,0,3,2,1,0,12,10,2
21104,2,NA,NA,NA,NA,NA,NA,NA,NA,NA,NA,NA
21105,2,NA,NA,NA,NA,NA,NA,NA,NA,NA,NA,NA
21106,2,NA,NA,NA,NA,NA,NA,NA,NA,NA,NA,NA
21107,1,4,2,2,0,4,2,2,0,21,20,1
21108,2,NA,NA,NA,NA,NA,NA,NA,NA,NA,NA,NA
21109,2,NA,NA,NA,NA,NA,NA,NA,NA,NA,NA,NA
21110,1,4,0,4,0,4,0,4,0,13,12,1
21111,2,NA,NA,NA,NA,NA,NA,NA,NA,NA,NA,NA
21112,2,NA,NA,NA,NA,NA,NA,NA,NA,NA,NA,NA
21113,1,3,2,0,1,3,2,0,1,7,6,1
21114,1,37,26,11,0,37,26,11,0,1260,821,439
21115,1,13,13,0,0,13,13,0,0,7,3,4
21116,2,NA,NA,NA,NA,NA,NA,NA,NA,NA,NA,NA
21117,2,NA,NA,NA,NA,NA,NA,NA,NA,NA,NA,NA
21118,2,NA,NA,NA,NA,NA,NA,NA,NA,NA,NA,NA
21119,1,205,190,15,0,200,185,15,0,264,161,103
21120,1,1,1,0,0,1,1,0,0,1,0,1
21121,2,NA,NA,NA,NA,NA,NA,NA,NA,NA,NA,NA
21122,2,NA,NA,NA,NA,NA,NA,NA,NA,NA,NA,NA
21123,2,NA,NA,NA,NA,NA,NA,NA,NA,NA,NA,NA
21124,2,NA,NA,NA,NA,NA,NA,NA,NA,NA,NA,NA
21125,1,12,8,4,0,12,8,4,0,12,8,4
21126,2,NA,NA,NA,NA,NA,NA,NA,NA,NA,NA,NA
21127,1,3,3,0,0,3,3,0,0,8,6,2
21128,1,1,1,0,0,1,1,0,0,18,11,7
21129,2,NA,NA,NA,NA,NA,NA,NA,NA,NA,NA,NA
21130,2,NA,NA,NA,NA,NA,NA,NA,NA,NA,NA,NA
21131,2,NA,NA,NA,NA,NA,NA,NA,NA,NA,NA,NA
21132,1,44,20,24,0,43,19,24,0,43,25,18
21133,2,NA,NA,NA,NA,NA,NA,NA,NA,NA,NA,NA
21134,2,NA,NA,NA,NA,NA,NA,NA,NA,NA,NA,NA
21135,2,NA,NA,NA,NA,NA,NA,NA,NA,NA,NA,NA
21136,2,NA,NA,NA,NA,NA,NA,NA,NA,NA,NA,NA
21137,2,NA,NA,NA,NA,NA,NA,NA,NA,NA,NA,NA
21138,2,NA,NA,NA,NA,NA,NA,NA,NA,NA,NA,NA
21139,2,NA,NA,NA,NA,NA,NA,NA,NA,NA,NA,NA
21140,1,161,161,0,0,161,161,0,0,161,133,28
21141,1,1,0,1,0,1,0,1,0,10,9,1
21142,2,NA,NA,NA,NA,NA,NA,NA,NA,NA,NA,NA
21143,1,6,0,0,6,6,0,0,6,10,8,2
21144,2,NA,NA,NA,NA,NA,NA,NA,NA,NA,NA,NA
21145,1,4,2,2,0,4,2,2,0,17,17,0
21146,2,NA,NA,NA,NA,NA,NA,NA,NA,NA,NA,NA
21147,2,NA,NA,NA,NA,NA,NA,NA,NA,NA,NA,NA
21148,2,NA,NA,NA,NA,NA,NA,NA,NA,NA,NA,NA
21149,2,NA,NA,NA,NA,NA,NA,NA,NA,NA,NA,NA
21150,2,NA,NA,NA,NA,NA,NA,NA,NA,NA,NA,NA
21151,2,NA,NA,NA,NA,NA,NA,NA,NA,NA,NA,NA
21152,2,NA,NA,NA,NA,NA,NA,NA,NA,NA,NA,NA
21153,2,NA,NA,NA,NA,NA,NA,NA,NA,NA,NA,NA
21154,1,15,15,0,0,15,15,0,0,15,11,4
21155,1,4,0,4,0,4,0,4,0,9,7,2
21156,2,NA,NA,NA,NA,NA,NA,NA,NA,NA,NA,NA
21157,1,2,2,0,0,2,2,0,0,2,2,0
21158,2,NA,NA,NA,NA,NA,NA,NA,NA,NA,NA,NA
21159,1,4,2,2,0,4,2,2,0,11,11,0
21160,2,NA,NA,NA,NA,NA,NA,NA,NA,NA,NA,NA
21161,2,NA,NA,NA,NA,NA,NA,NA,NA,NA,NA,NA
21162,2,NA,NA,NA,NA,NA,NA,NA,NA,NA,NA,NA
21163,2,NA,NA,NA,NA,NA,NA,NA,NA,NA,NA,NA
21164,2,NA,NA,NA,NA,NA,NA,NA,NA,NA,NA,NA
21165,2,NA,NA,NA,NA,NA,NA,NA,NA,NA,NA,NA
21166,2,NA,NA,NA,NA,NA,NA,NA,NA,NA,NA,NA
21167,2,NA,NA,NA,NA,NA,NA,NA,NA,NA,NA,NA
21168,1,1,0,1,0,1,0,1,0,5,4,1
21169,1,3,3,0,0,3,3,0,0,35,29,6
21170,2,NA,NA,NA,NA,NA,NA,NA,NA,NA,NA,NA
21171,2,NA,NA,NA,NA,NA,NA,NA,NA,NA,NA,NA
21172,2,NA,NA,NA,NA,NA,NA,NA,NA,NA,NA,NA
21173,2,NA,NA,NA,NA,NA,NA,NA,NA,NA,NA,NA
21174,1,4,0,0,4,4,0,0,4,4,3,1
21175,2,NA,NA,NA,NA,NA,NA,NA,NA,NA,NA,NA
21176,2,NA,NA,NA,NA,NA,NA,NA,NA,NA,NA,NA
21177,9,NSS,NSS,NSS,NSS,NSS,NSS,NSS,NSS,NSS,NSS,NSS
21178,1,3,2,1,0,3,2,1,0,16,15,1
21179,2,NA,NA,NA,NA,NA,NA,NA,NA,NA,NA,NA
21180,2,NA,NA,NA,NA,NA,NA,NA,NA,NA,NA,NA
21181,2,NA,NA,NA,NA,NA,NA,NA,NA,NA,NA,NA
21182,2,NA,NA,NA,NA,NA,NA,NA,NA,NA,NA,NA
21183,2,NA,NA,NA,NA,NA,NA,NA,NA,NA,NA,NA
21184,2,NA,NA,NA,NA,NA,NA,NA,NA,NA,NA,NA
21185,2,NA,NA,NA,NA,NA,NA,NA,NA,NA,NA,NA
21186,2,NA,NA,NA,NA,NA,NA,NA,NA,NA,NA,NA
21187,2,NA,NA,NA,NA,NA,NA,NA,NA,NA,NA,NA
21188,2,NA,NA,NA,NA,NA,NA,NA,NA,NA,NA,NA
21189,2,NA,NA,NA,NA,NA,NA,NA,NA,NA,NA,NA
21190,1,1,1,0,0,1,1,0,0,10,8,2
21191,2,NA,NA,NA,NA,NA,NA,NA,NA,NA,NA,NA
21192,2,NA,NA,NA,NA,NA,NA,NA,NA,NA,NA,NA
21193,1,1,0,1,0,1,0,1,0,3,1,2
21194,2,NA,NA,NA,NA,NA,NA,NA,NA,NA,NA,NA
21195,1,2,1,1,0,2,1,1,0,16,14,2
21196,2,NA,NA,NA,NA,NA,NA,NA,NA,NA,NA,NA
21197,1,74,0,74,0,74,0,74,0,74,48,26
21198,2,NA,NA,NA,NA,NA,NA,NA,NA,NA,NA,NA
21199,1,6,4,2,0,3,3,0,0,24,20,4
21200,1,4,1,3,0,4,1,3,0,4,2,2
21201,2,NA,NA,NA,NA,NA,NA,NA,NA,NA,NA,NA
21202,2,NA,NA,NA,NA,NA,NA,NA,NA,NA,NA,NA
21203,9,NSS,NSS,NSS,NSS,NSS,NSS,NSS,NSS,NSS,NSS,NSS
21204,2,NA,NA,NA,NA,NA,NA,NA,NA,NA,NA,NA
21205,2,NA,NA,NA,NA,NA,NA,NA,NA,NA,NA,NA
21206,1,2,0,2,0,2,0,2,0,11,9,2
21207,2,NA,NA,NA,NA,NA,NA,NA,NA,NA,NA,NA
21208,2,NA,NA,NA,NA,NA,NA,NA,NA,NA,NA,NA
21209,2,NA,NA,NA,NA,NA,NA,NA,NA,NA,NA,NA
21210,1,2,0,2,0,2,0,2,0,24,22,2
21211,2,NA,NA,NA,NA,NA,NA,NA,NA,NA,NA,NA
21212,2,NA,NA,NA,NA,NA,NA,NA,NA,NA,NA,NA
21213,1,1,0,1,0,1,0,1,0,15,13,2
21214,2,NA,NA,NA,NA,NA,NA,NA,NA,NA,NA,NA
21215,2,NA,NA,NA,NA,NA,NA,NA,NA,NA,NA,NA
21216,2,NA,NA,NA,NA,NA,NA,NA,NA,NA,NA,NA
21217,2,NA,NA,NA,NA,NA,NA,NA,NA,NA,NA,NA
22001,1,1,0,1,0,1,0,1,0,39,32,7
22002,1,4,2,2,0,4,2,2,0,21,16,5
22003,1,6,3,3,0,6,3,3,0,11,8,3
22004,1,16,16,0,0,16,16,0,0,68,52,16
22005,1,9,8,1,0,9,8,1,0,69,57,12
22006,1,15,12,3,0,15,12,3,0,414,309,105
22007,1,20,20,0,0,20,20,0,0,20,15,5
22008,1,43,43,0,0,43,43,0,0,43,41,2
22009,1,48,48,0,0,48,48,0,0,48,39,9
22010,1,10,6,4,0,10,6,4,0,21,17,4
22011,1,19,12,7,0,19,12,7,0,235,155,80
22012,1,86,63,23,0,86,63,23,0,66,50,16
22013,1,13,4,9,0,13,4,9,0,82,41,41
22014,1,77,67,7,3,77,67,7,3,6373,4425,1948
22015,1,12,12,0,0,6,6,0,0,13,11,2
22016,1,8,8,0,0,8,8,0,0,318,222,96
22017,1,10,10,0,0,10,10,0,0,68,53,15
22018,1,36,31,5,0,36,31,5,0,36,31,5
23001,1,2,1,1,0,2,1,1,0,199,139,60
23002,1,6,3,3,0,6,3,3,0,6,3,3
23003,1,10,0,10,0,10,0,10,0,10,5,5
23004,1,91,44,2,45,91,44,2,45,248,148,100
23005,1,43,19,14,10,43,19,14,10,1800,1200,600
23006,2,NA,NA,NA,NA,NA,NA,NA,NA,NA,NA,NA
23007,2,NA,NA,NA,NA,NA,NA,NA,NA,NA,NA,NA
23008,1,135,135,0,0,135,135,0,0,796,534,262
23009,1,27,14,10,3,25,14,10,1,204,152,52
23010,1,2,2,0,0,2,2,0,0,19,11,8
23011,1,24,9,0,15,24,9,0,15,84,45,39
24001,2,NA,NA,NA,NA,NA,NA,NA,NA,NA,NA,NA
24002,2,NA,NA,NA,NA,NA,NA,NA,NA,NA,NA,NA
24003,2,NA,NA,NA,NA,NA,NA,NA,NA,NA,NA,NA
24004,2,NA,NA,NA,NA,NA,NA,NA,NA,NA,NA,NA
24005,2,NA,NA,NA,NA,NA,NA,NA,NA,NA,NA,NA
24006,2,NA,NA,NA,NA,NA,NA,NA,NA,NA,NA,NA
24007,1,3,3,0,0,3,3,0,0,13,9,4
24008,1,3,1,2,0,3,1,2,0,7,5,2
24009,9,NSS,NSS,NSS,NSS,NSS,NSS,NSS,NSS,NSS,NSS,NSS
24010,2,NA,NA,NA,NA,NA,NA,NA,NA,NA,NA,NA
24011,1,20,9,11,0,20,9,11,0,20,12,8
24012,2,NA,NA,NA,NA,NA,NA,NA,NA,NA,NA,NA
24013,1,10,10,0,0,7,7,0,0,7,4,3
24014,2,NA,NA,NA,NA,NA,NA,NA,NA,NA,NA,NA
24015,2,NA,NA,NA,NA,NA,NA,NA,NA,NA,NA,NA
24016,2,NA,NA,NA,NA,NA,NA,NA,NA,NA,NA,NA
24017,1,5,1,4,0,5,1,4,0,7,6,1
24018,2,NA,NA,NA,NA,NA,NA,NA,NA,NA,NA,NA
24019,2,NA,NA,NA,NA,NA,NA,NA,NA,NA,NA,NA
24020,2,NA,NA,NA,NA,NA,NA,NA,NA,NA,NA,NA
24021,1,13,0,13,0,13,0,13,0,13,12,1
24022,2,NA,NA,NA,NA,NA,NA,NA,NA,NA,NA,NA
24023,1,1,1,0,0,1,1,0,0,3,3,0
24024,1,31,27,4,0,31,27,4,0,31,21,10
24025,2,NA,NA,NA,NA,NA,NA,NA,NA,NA,NA,NA
24026,2,NA,NA,NA,NA,NA,NA,NA,NA,NA,NA,NA
24027,2,NA,NA,NA,NA,NA,NA,NA,NA,NA,NA,NA
24028,1,9,9,0,0,9,9,0,0,350,275,75
24029,2,NA,NA,NA,NA,NA,NA,NA,NA,NA,NA,NA
24030,0,NA,NA,NA,NA,NA,NA,NA,NA,NA,NA,NA
24031,2,NA,NA,NA,NA,NA,NA,NA,NA,NA,NA,NA
24032,2,NA,NA,NA,NA,NA,NA,NA,NA,NA,NA,NA
24033,1,4,4,0,0,4,4,0,0,2,2,0
24034,2,NA,NA,NA,NA,NA,NA,NA,NA,NA,NA,NA
24035,1,6,6,0,0,6,6,0,0,106,56,50
24036,2,NA,NA,NA,NA,NA,NA,NA,NA,NA,NA,NA
24037,2,NA,NA,NA,NA,NA,NA,NA,NA,NA,NA,NA
24038,2,NA,NA,NA,NA,NA,NA,NA,NA,NA,NA,NA
24039,2,NA,NA,NA,NA,NA,NA,NA,NA,NA,NA,NA
24040,2,NA,NA,NA,NA,NA,NA,NA,NA,NA,NA,NA
24041,2,NA,NA,NA,NA,NA,NA,NA,NA,NA,NA,NA
24042,2,NA,NA,NA,NA,NA,NA,NA,NA,NA,NA,NA
24043,2,NA,NA,NA,NA,NA,NA,NA,NA,NA,NA,NA
24044,2,NA,NA,NA,NA,NA,NA,NA,NA,NA,NA,NA
24045,2,NA,NA,NA,NA,NA,NA,NA,NA,NA,NA,NA
24046,2,NA,NA,NA,NA,NA,NA,NA,NA,NA,NA,NA
24047,1,6,3,3,0,6,3,3,0,4,2,2
24048,2,NA,NA,NA,NA,NA,NA,NA,NA,NA,NA,NA
24049,1,8,8,0,0,8,8,0,0,11,6,5
24050,1,8,2,6,0,8,2,6,0,24,21,3
24051,2,NA,NA,NA,NA,NA,NA,NA,NA,NA,NA,NA
24052,2,NA,NA,NA,NA,NA,NA,NA,NA,NA,NA,NA
24053,2,NA,NA,NA,NA,NA,NA,NA,NA,NA,NA,NA
24054,2,NA,NA,NA,NA,NA,NA,NA,NA,NA,NA,NA
24055,2,NA,NA,NA,NA,NA,NA,NA,NA,NA,NA,NA
24056,2,NA,NA,NA,NA,NA,NA,NA,NA,NA,NA,NA
24057,2,NA,NA,NA,NA,NA,NA,NA,NA,NA,NA,NA
24058,2,NA,NA,NA,NA,NA,NA,NA,NA,NA,NA,NA
25001,2,NA,NA,NA,NA,NA,NA,NA,NA,NA,NA,NA
25002,2,NA,NA,NA,NA,NA,NA,NA,NA,NA,NA,NA
25003,1,9,3,6,0,9,3,6,0,22,17,5
25004,1,6,0,6,0,6,0,6,0,26,24,2
25005,1,5,0,5,0,5,0,5,0,6,3,3
25006,1,366,366,0,0,366,366,0,0,366,324,42
25007,1,3,3,0,0,3,3,0,0,27,26,1
25008,2,NA,NA,NA,NA,NA,NA,NA,NA,NA,NA,NA
25009,2,NA,NA,NA,NA,NA,NA,NA,NA,NA,NA,NA
25010,1,3,3,0,0,3,3,0,0,17,14,3
25011,1,245,235,10,0,245,235,10,0,245,206,39
25012,2,NA,NA,NA,NA,NA,NA,NA,NA,NA,NA,NA
25013,1,23,23,0,0,23,23,0,0,23,18,5
25014,2,NA,NA,NA,NA,NA,NA,NA,NA,NA,NA,NA
25015,1,83,82,1,0,83,82,1,0,83,60,23
25016,2,NA,NA,NA,NA,NA,NA,NA,NA,NA,NA,NA
25017,2,NA,NA,NA,NA,NA,NA,NA,NA,NA,NA,NA
25018,1,150,73,77,0,150,73,77,0,150,98,52
26001,2,NA,NA,NA,NA,NA,NA,NA,NA,NA,NA,NA
26002,1,9,5,4,0,9,5,4,0,19,18,1
26003,1,1,1,0,0,1,1,0,0,11,11,0
26004,1,3,2,1,0,3,2,1,0,22,21,1
26005,2,NA,NA,NA,NA,NA,NA,NA,NA,NA,NA,NA
26006,2,NA,NA,NA,NA,NA,NA,NA,NA,NA,NA,NA
26007,1,1,0,0,1,1,0,0,1,3,2,1
26008,2,NA,NA,NA,NA,NA,NA,NA,NA,NA,NA,NA
26009,2,NA,NA,NA,NA,NA,NA,NA,NA,NA,NA,NA
26010,2,NA,NA,NA,NA,NA,NA,NA,NA,NA,NA,NA
26011,2,NA,NA,NA,NA,NA,NA,NA,NA,NA,NA,NA
26012,1,1,1,0,0,1,1,0,0,79,62,17
26013,2,NA,NA,NA,NA,NA,NA,NA,NA,NA,NA,NA
26014,1,3,1,2,0,3,1,2,0,5,5,0
26015,2,NA,NA,NA,NA,NA,NA,NA,NA,NA,NA,NA
26016,1,17,0,17,0,17,0,17,0,17,13,4
26017,1,9,9,0,0,9,9,0,0,87,62,25
26018,1,38,33,5,0,38,33,5,0,1099,891,208
26019,1,32,15,9,8,32,15,9,8,176,164,12
26020,1,4,0,4,0,4,0,4,0,5,4,1
26021,1,5,0,5,0,5,0,5,0,5,5,0
26022,2,NA,NA,NA,NA,NA,NA,NA,NA,NA,NA,NA
26023,2,NA,NA,NA,NA,NA,NA,NA,NA,NA,NA,NA
26024,2,NA,NA,NA,NA,NA,NA,NA,NA,NA,NA,NA
26025,1,1,1,0,0,1,1,0,0,75,63,12
26026,1,9,4,5,0,9,4,5,0,89,72,17
26027,2,NA,NA,NA,NA,NA,NA,NA,NA,NA,NA,NA
26028,1,7,2,5,0,7,2,5,0,1,1,0
26029,2,NA,NA,NA,NA,NA,NA,NA,NA,NA,NA,NA
26030,1,1,1,0,0,1,1,0,0,27,20,7
26031,2,NA,NA,NA,NA,NA,NA,NA,NA,NA,NA,NA
26032,2,NA,NA,NA,NA,NA,NA,NA,NA,NA,NA,NA
26033,2,NA,NA,NA,NA,NA,NA,NA,NA,NA,NA,NA
26034,1,4,3,1,0,4,3,1,0,3,3,0
26035,2,NA,NA,NA,NA,NA,NA,NA,NA,NA,NA,NA
26036,1,38,0,38,0,38,0,38,0,38,33,5
26037,1,2,1,1,0,2,1,1,0,3,3,0
26038,1,1,1,0,0,1,1,0,0,9,6,3
26039,1,3,0,3,0,3,0,3,0,3,1,2
26040,2,NA,NA,NA,NA,NA,NA,NA,NA,NA,NA,NA
26041,1,2,0,2,0,2,0,2,0,47,37,10
26042,2,NA,NA,NA,NA,NA,NA,NA,NA,NA,NA,NA
26043,1,58,40,18,0,58,40,18,0,539,464,75
26044,2,NA,NA,NA,NA,NA,NA,NA,NA,NA,NA,NA
26045,9,NSS,NSS,NSS,NSS,NSS,NSS,NSS,NSS,NSS,NSS,NSS
26046,2,NA,NA,NA,NA,NA,NA,NA,NA,NA,NA,NA
26047,1,6,1,0,5,6,1,0,5,11,8,3
26048,2,NA,NA,NA,NA,NA,NA,NA,NA,NA,NA,NA
26049,2,NA,NA,NA,NA,NA,NA,NA,NA,NA,NA,NA
26050,1,2,1,1,0,2,1,1,0,3,3,0
26051,1,1,0,1,0,1,0,1,0,4,3,1
26052,1,4,0,4,0,4,0,4,0,12,9,3
26053,2,NA,NA,NA,NA,NA,NA,NA,NA,NA,NA,NA
26054,2,NA,NA,NA,NA,NA,NA,NA,NA,NA,NA,NA
26055,1,5,3,2,0,5,3,2,0,232,178,54
26056,2,NA,NA,NA,NA,NA,NA,NA,NA,NA,NA,NA
26057,2,NA,NA,NA,NA,NA,NA,NA,NA,NA,NA,NA
26058,1,2,1,1,0,2,1,1,0,6,4,2
26059,2,NA,NA,NA,NA,NA,NA,NA,NA,NA,NA,NA
26060,2,NA,NA,NA,NA,NA,NA,NA,NA,NA,NA,NA
26061,1,5,0,5,0,5,0,5,0,1,1,0
26062,2,NA,NA,NA,NA,NA,NA,NA,NA,NA,NA,NA
26063,2,NA,NA,NA,NA,NA,NA,NA,NA,NA,NA,NA
26064,2,NA,NA,NA,NA,NA,NA,NA,NA,NA,NA,NA
26065,1,1,0,0,1,1,0,0,1,1,1,0
26066,1,9,2,7,0,9,2,7,0,12,7,5
26067,1,3,1,2,0,3,1,2,0,3,3,0
26068,1,2,0,2,0,2,0,2,0,3,2,1
26069,2,NA,NA,NA,NA,NA,NA,NA,NA,NA,NA,NA
26070,1,25,25,0,0,25,25,0,0,25,22,3
26071,1,1,1,0,0,1,1,0,0,37,33,4
26072,9,NSS,NSS,NSS,NSS,NSS,NSS,NSS,NSS,NSS,NSS,NSS
27001,1,2,2,0,0,2,2,0,0,53,42,11
27002,2,NA,NA,NA,NA,NA,NA,NA,NA,NA,NA,NA
27003,1,90,90,0,0,90,90,0,0,90,82,8
27004,0,NA,NA,NA,NA,NA,NA,NA,NA,NA,NA,NA
27005,2,NA,NA,NA,NA,NA,NA,NA,NA,NA,NA,NA
27006,2,NA,NA,NA,NA,NA,NA,NA,NA,NA,NA,NA
27007,1,56,9,47,0,56,9,47,0,56,55,1
27008,2,NA,NA,NA,NA,NA,NA,NA,NA,NA,NA,NA
27009,2,NA,NA,NA,NA,NA,NA,NA,NA,NA,NA,NA
27010,2,NA,NA,NA,NA,NA,NA,NA,NA,NA,NA,NA
27011,2,NA,NA,NA,NA,NA,NA,NA,NA,NA,NA,NA
27012,2,NA,NA,NA,NA,NA,NA,NA,NA,NA,NA,NA
27013,2,NA,NA,NA,NA,NA,NA,NA,NA,NA,NA,NA
27014,1,38,4,34,0,38,4,34,0,38,34,4
27015,2,NA,NA,NA,NA,NA,NA,NA,NA,NA,NA,NA
27016,1,9,9,0,0,9,9,0,0,197,192,5
27017,1,2,2,0,0,2,2,0,0,116,103,13
28001,0,NA,NA,NA,NA,NA,NA,NA,NA,NA,NA,NA
28002,0,NA,NA,NA,NA,NA,NA,NA,NA,NA,NA,NA
28003,0,NA,NA,NA,NA,NA,NA,NA,NA,NA,NA,NA
28004,0,NA,NA,NA,NA,NA,NA,NA,NA,NA,NA,NA
28005,0,NA,NA,NA,NA,NA,NA,NA,NA,NA,NA,NA
28006,0,NA,NA,NA,NA,NA,NA,NA,NA,NA,NA,NA
28007,0,NA,NA,NA,NA,NA,NA,NA,NA,NA,NA,NA
28008,0,NA,NA,NA,NA,NA,NA,NA,NA,NA,NA,NA
28009,0,NA,NA,NA,NA,NA,NA,NA,NA,NA,NA,NA
28010,0,NA,NA,NA,NA,NA,NA,NA,NA,NA,NA,NA
28011,0,NA,NA,NA,NA,NA,NA,NA,NA,NA,NA,NA
28012,0,NA,NA,NA,NA,NA,NA,NA,NA,NA,NA,NA
28013,0,NA,NA,NA,NA,NA,NA,NA,NA,NA,NA,NA
28014,0,NA,NA,NA,NA,NA,NA,NA,NA,NA,NA,NA
28015,0,NA,NA,NA,NA,NA,NA,NA,NA,NA,NA,NA
28016,0,NA,NA,NA,NA,NA,NA,NA,NA,NA,NA,NA
28017,0,NA,NA,NA,NA,NA,NA,NA,NA,NA,NA,NA
28018,0,NA,NA,NA,NA,NA,NA,NA,NA,NA,NA,NA
28019,0,NA,NA,NA,NA,NA,NA,NA,NA,NA,NA,NA
28020,0,NA,NA,NA,NA,NA,NA,NA,NA,NA,NA,NA
28021,0,NA,NA,NA,NA,NA,NA,NA,NA,NA,NA,NA
28022,0,NA,NA,NA,NA,NA,NA,NA,NA,NA,NA,NA
28023,0,NA,NA,NA,NA,NA,NA,NA,NA,NA,NA,NA
28024,0,NA,NA,NA,NA,NA,NA,NA,NA,NA,NA,NA
28025,0,NA,NA,NA,NA,NA,NA,NA,NA,NA,NA,NA
28026,0,NA,NA,NA,NA,NA,NA,NA,NA,NA,NA,NA
28027,0,NA,NA,NA,NA,NA,NA,NA,NA,NA,NA,NA
28028,0,NA,NA,NA,NA,NA,NA,NA,NA,NA,NA,NA
28029,0,NA,NA,NA,NA,NA,NA,NA,NA,NA,NA,NA
28030,0,NA,NA,NA,NA,NA,NA,NA,NA,NA,NA,NA
28031,0,NA,NA,NA,NA,NA,NA,NA,NA,NA,NA,NA
28032,0,NA,NA,NA,NA,NA,NA,NA,NA,NA,NA,NA
28033,0,NA,NA,NA,NA,NA,NA,NA,NA,NA,NA,NA
28034,0,NA,NA,NA,NA,NA,NA,NA,NA,NA,NA,NA
28035,0,NA,NA,NA,NA,NA,NA,NA,NA,NA,NA,NA
28036,0,NA,NA,NA,NA,NA,NA,NA,NA,NA,NA,NA
28037,0,NA,NA,NA,NA,NA,NA,NA,NA,NA,NA,NA
28038,0,NA,NA,NA,NA,NA,NA,NA,NA,NA,NA,NA
28039,0,NA,NA,NA,NA,NA,NA,NA,NA,NA,NA,NA
28040,0,NA,NA,NA,NA,NA,NA,NA,NA,NA,NA,NA
28041,0,NA,NA,NA,NA,NA,NA,NA,NA,NA,NA,NA
28042,0,NA,NA,NA,NA,NA,NA,NA,NA,NA,NA,NA
28043,0,NA,NA,NA,NA,NA,NA,NA,NA,NA,NA,NA
29001,1,3,2,1,0,3,2,1,0,19,16,3
29002,1,35,17,18,0,13,13,0,0,35,21,14
29003,1,2,2,0,0,2,2,0,0,12,7,5
29004,1,5,3,2,0,5,3,2,0,26,23,3
29005,1,8,8,0,0,8,8,0,0,130,100,30
29006,1,123,123,0,0,123,123,0,0,131,96,35
29007,1,8,5,3,0,8,5,3,0,21,17,4
29008,1,8,6,2,0,8,6,2,0,25,21,4
29009,2,NA,NA,NA,NA,NA,NA,NA,NA,NA,NA,NA
29010,1,1,1,0,0,1,1,0,0,124,89,35
29011,2,NA,NA,NA,NA,NA,NA,NA,NA,NA,NA,NA
29012,1,5,5,0,0,5,5,0,0,20,12,8
29013,1,1,0,1,0,1,0,1,0,10,8,2
29014,2,NA,NA,NA,NA,NA,NA,NA,NA,NA,NA,NA
29015,1,4,3,1,0,4,3,1,0,52,23,29
29016,1,9,5,4,0,9,5,4,0,20,17,3
29017,2,NA,NA,NA,NA,NA,NA,NA,NA,NA,NA,NA
29018,2,NA,NA,NA,NA,NA,NA,NA,NA,NA,NA,NA
29019,1,50,0,50,0,50,0,50,0,50,39,11
29020,1,5,4,1,0,5,4,1,0,23,17,6
29021,2,NA,NA,NA,NA,NA,NA,NA,NA,NA,NA,NA
29022,2,NA,NA,NA,NA,NA,NA,NA,NA,NA,NA,NA
29023,2,NA,NA,NA,NA,NA,NA,NA,NA,NA,NA,NA
29024,2,NA,NA,NA,NA,NA,NA,NA,NA,NA,NA,NA
29025,1,14,14,0,0,14,14,0,0,71,55,16
29026,1,5,4,1,0,1,1,0,0,41,29,12
29027,2,NA,NA,NA,NA,NA,NA,NA,NA,NA,NA,NA
29028,1,1,1,0,0,1,1,0,0,41,34,7
29029,1,7,7,0,0,7,7,0,0,32,26,6
29030,1,12,12,0,0,12,12,0,0,18,16,2
29031,1,5,2,3,0,5,2,3,0,70,38,32
29032,2,NA,NA,NA,NA,NA,NA,NA,NA,NA,NA,NA
29033,2,NA,NA,NA,NA,NA,NA,NA,NA,NA,NA,NA
29034,1,1,1,0,0,1,1,0,0,6,5,1
29035,1,15,10,5,0,15,10,5,0,16,12,4
29036,2,NA,NA,NA,NA,NA,NA,NA,NA,NA,NA,NA
29037,2,NA,NA,NA,NA,NA,NA,NA,NA,NA,NA,NA
29038,1,28,28,0,0,28,28,0,0,35,25,10
29039,1,17,8,9,0,17,8,9,0,18,14,4
29040,2,NA,NA,NA,NA,NA,NA,NA,NA,NA,NA,NA
29041,2,NA,NA,NA,NA,NA,NA,NA,NA,NA,NA,NA
29042,1,2,2,0,0,2,2,0,0,5,4,1
29043,2,NA,NA,NA,NA,NA,NA,NA,NA,NA,NA,NA
29044,2,NA,NA,NA,NA,NA,NA,NA,NA,NA,NA,NA
29045,1,20,20,0,0,20,20,0,0,16,11,5
29046,1,3,3,0,0,3,3,0,0,3,2,1
29047,2,NA,NA,NA,NA,NA,NA,NA,NA,NA,NA,NA
29048,1,67,20,47,0,67,20,47,0,24,16,8
29049,1,4,4,0,0,4,4,0,0,4,3,1
29050,2,NA,NA,NA,NA,NA,NA,NA,NA,NA,NA,NA
29051,2,NA,NA,NA,NA,NA,NA,NA,NA,NA,NA,NA
29052,2,NA,NA,NA,NA,NA,NA,NA,NA,NA,NA,NA
29053,1,6,4,2,0,6,4,2,0,14,10,4
29054,2,NA,NA,NA,NA,NA,NA,NA,NA,NA,NA,NA
29055,1,10,9,1,0,10,9,1,0,9,7,2
29056,2,NA,NA,NA,NA,NA,NA,NA,NA,NA,NA,NA
29057,2,NA,NA,NA,NA,NA,NA,NA,NA,NA,NA,NA
29058,1,6,5,1,0,6,5,1,0,15,10,5
29059,2,NA,NA,NA,NA,NA,NA,NA,NA,NA,NA,NA
29060,1,20,20,0,0,20,20,0,0,20,13,7
30001,1,4,4,0,0,4,4,0,0,9,7,2
30002,1,6,6,0,0,6,6,0,0,9,8,1
30003,1,6,3,3,0,6,3,3,0,3,3,0
30004,2,NA,NA,NA,NA,NA,NA,NA,NA,NA,NA,NA
30005,2,NA,NA,NA,NA,NA,NA,NA,NA,NA,NA,NA
30006,9,NSS,NSS,NSS,NSS,NSS,NSS,NSS,NSS,NSS,NSS,NSS
30007,2,NA,NA,NA,NA,NA,NA,NA,NA,NA,NA,NA
30008,1,7,2,5,0,7,2,5,0,9,7,2
30009,1,7,4,3,0,7,4,3,0,33,27,6
30010,1,1,1,0,0,1,1,0,0,47,38,9
30011,1,1,1,0,0,1,1,0,0,36,27,9
30012,2,NA,NA,NA,NA,NA,NA,NA,NA,NA,NA,NA
30013,1,10,0,10,0,10,0,10,0,40,32,8
30014,9,NSS,NSS,NSS,NSS,NSS,NSS,NSS,NSS,NSS,NSS,NSS
30015,2,NA,NA,NA,NA,NA,NA,NA,NA,NA,NA,NA
30016,9,NSS,NSS,NSS,NSS,NSS,NSS,NSS,NSS,NSS,NSS,NSS
30017,2,NA,NA,NA,NA,NA,NA,NA,NA,NA,NA,NA
30018,2,NA,NA,NA,NA,NA,NA,NA,NA,NA,NA,NA
30019,1,5,4,1,0,5,4,1,0,13,10,3
30020,1,7,7,0,0,7,7,0,0,23,22,1
30021,2,NA,NA,NA,NA,NA,NA,NA,NA,NA,NA,NA
30022,2,NA,NA,NA,NA,NA,NA,NA,NA,NA,NA,NA
30023,2,NA,NA,NA,NA,NA,NA,NA,NA,NA,NA,NA
30024,2,NA,NA,NA,NA,NA,NA,NA,NA,NA,NA,NA
30025,2,NA,NA,NA,NA,NA,NA,NA,NA,NA,NA,NA
30026,1,9,9,0,0,9,9,0,0,42,37,5
30027,2,NA,NA,NA,NA,NA,NA,NA,NA,NA,NA,NA
30028,1,2,1,1,0,2,1,1,0,110,91,19
30029,2,NA,NA,NA,NA,NA,NA,NA,NA,NA,NA,NA
30030,9,NSS,NSS,NSS,NSS,NSS,NSS,NSS,NSS,NSS,NSS,NSS
30031,1,4,3,1,0,4,3,1,0,18,16,2
30032,2,NA,NA,NA,NA,NA,NA,NA,NA,NA,NA,NA
30033,2,NA,NA,NA,NA,NA,NA,NA,NA,NA,NA,NA
30034,2,NA,NA,NA,NA,NA,NA,NA,NA,NA,NA,NA
30035,1,1,1,0,0,1,1,0,0,18,14,4
30036,1,4,4,0,0,4,4,0,0,17,15,2
30037,2,NA,NA,NA,NA,NA,NA,NA,NA,NA,NA,NA
30038,1,71,0,71,0,71,0,71,0,71,52,19
30039,1,25,25,0,0,25,25,0,0,356,235,121
30040,2,NA,NA,NA,NA,NA,NA,NA,NA,NA,NA,NA
30041,1,1,0,1,0,1,0,1,0,3,3,0
30042,2,NA,NA,NA,NA,NA,NA,NA,NA,NA,NA,NA
30043,1,8,8,0,0,8,8,0,0,8,7,1
30044,1,9,5,4,0,9,5,4,0,138,101,37
30045,2,NA,NA,NA,NA,NA,NA,NA,NA,NA,NA,NA
30046,1,3,0,3,0,3,0,3,0,6,5,1
30047,1,2,2,0,0,2,2,0,0,7,7,0
30048,2,NA,NA,NA,NA,NA,NA,NA,NA,NA,NA,NA
30049,2,NA,NA,NA,NA,NA,NA,NA,NA,NA,NA,NA
30050,2,NA,NA,NA,NA,NA,NA,NA,NA,NA,NA,NA
30051,2,NA,NA,NA,NA,NA,NA,NA,NA,NA,NA,NA
30052,1,1,1,0,0,1,1,0,0,1,1,0
30053,1,4,0,4,0,4,0,4,0,20,16,4
30054,1,1,0,1,0,1,0,1,0,1,1,0
30055,2,NA,NA,NA,NA,NA,NA,NA,NA,NA,NA,NA
30056,2,NA,NA,NA,NA,NA,NA,NA,NA,NA,NA,NA
30057,2,NA,NA,NA,NA,NA,NA,NA,NA,NA,NA,NA
30058,2,NA,NA,NA,NA,NA,NA,NA,NA,NA,NA,NA
30059,2,NA,NA,NA,NA,NA,NA,NA,NA,NA,NA,NA
30060,2,NA,NA,NA,NA,NA,NA,NA,NA,NA,NA,NA
30061,1,48,24,24,0,48,24,24,0,81,68,13
30062,1,1,0,1,0,1,0,1,0,17,15,2
30063,2,NA,NA,NA,NA,NA,NA,NA,NA,NA,NA,NA
30064,2,NA,NA,NA,NA,NA,NA,NA,NA,NA,NA,NA
30065,1,1,0,1,0,1,0,1,0,8,5,3
30066,2,NA,NA,NA,NA,NA,NA,NA,NA,NA,NA,NA
30067,2,NA,NA,NA,NA,NA,NA,NA,NA,NA,NA,NA
30068,2,NA,NA,NA,NA,NA,NA,NA,NA,NA,NA,NA
30069,1,2,2,0,0,2,2,0,0,11,10,1
30070,1,2,1,1,0,2,1,1,0,7,7,0
30071,1,10,3,7,0,10,3,7,0,25,21,4
30072,2,NA,NA,NA,NA,NA,NA,NA,NA,NA,NA,NA
30073,9,NSS,NSS,NSS,NSS,NSS,NSS,NSS,NSS,NSS,NSS,NSS
30074,9,NSS,NSS,NSS,NSS,NSS,NSS,NSS,NSS,NSS,NSS,NSS
30075,9,NSS,NSS,NSS,NSS,NSS,NSS,NSS,NSS,NSS,NSS,NSS
30076,2,NA,NA,NA,NA,NA,NA,NA,NA,NA,NA,NA
30077,2,NA,NA,NA,NA,NA,NA,NA,NA,NA,NA,NA
30078,2,NA,NA,NA,NA,NA,NA,NA,NA,NA,NA,NA
30079,1,8,6,2,0,8,6,2,0,8,6,2
30080,2,NA,NA,NA,NA,NA,NA,NA,NA,NA,NA,NA
30081,1,3,1,2,0,3,1,2,0,12,9,3
30082,9,NSS,NSS,NSS,NSS,NSS,NSS,NSS,NSS,NSS,NSS,NSS
30083,2,NA,NA,NA,NA,NA,NA,NA,NA,NA,NA,NA
30084,2,NA,NA,NA,NA,NA,NA,NA,NA,NA,NA,NA
30085,2,NA,NA,NA,NA,NA,NA,NA,NA,NA,NA,NA
30086,2,NA,NA,NA,NA,NA,NA,NA,NA,NA,NA,NA
30087,1,18,18,0,0,18,18,0,0,18,6,12
30088,2,NA,NA,NA,NA,NA,NA,NA,NA,NA,NA,NA
30089,1,4,4,0,0,4,4,0,0,49,45,4
30090,9,NSS,NSS,NSS,NSS,NSS,NSS,NSS,NSS,NSS,NSS,NSS
30091,2,NA,NA,NA,NA,NA,NA,NA,NA,NA,NA,NA
30092,9,NSS,NSS,NSS,NSS,NSS,NSS,NSS,NSS,NSS,NSS,NSS
30093,9,NSS,NSS,NSS,NSS,NSS,NSS,NSS,NSS,NSS,NSS,NSS
30094,2,NA,NA,NA,NA,NA,NA,NA,NA,NA,NA,NA
30095,2,NA,NA,NA,NA,NA,NA,NA,NA,NA,NA,NA
30096,2,NA,NA,NA,NA,NA,NA,NA,NA,NA,NA,NA
30097,1,24,24,0,0,24,24,0,0,24,20,4
30098,2,NA,NA,NA,NA,NA,NA,NA,NA,NA,NA,NA
30099,9,NSS,NSS,NSS,NSS,NSS,NSS,NSS,NSS,NSS,NSS,NSS
30100,2,NA,NA,NA,NA,NA,NA,NA,NA,NA,NA,NA
30101,2,NA,NA,NA,NA,NA,NA,NA,NA,NA,NA,NA
30102,2,NA,NA,NA,NA,NA,NA,NA,NA,NA,NA,NA
30103,2,NA,NA,NA,NA,NA,NA,NA,NA,NA,NA,NA
30104,2,NA,NA,NA,NA,NA,NA,NA,NA,NA,NA,NA
30105,9,NSS,NSS,NSS,NSS,NSS,NSS,NSS,NSS,NSS,NSS,NSS
30106,1,4,4,0,0,4,4,0,0,11,7,4
30107,1,1,0,1,0,1,0,1,0,8,8,0
30108,1,2,0,2,0,2,0,2,0,2,1,1
30109,2,NA,NA,NA,NA,NA,NA,NA,NA,NA,NA,NA
30110,1,3,3,0,0,3,3,0,0,11,9,2
30111,2,NA,NA,NA,NA,NA,NA,NA,NA,NA,NA,NA
30112,2,NA,NA,NA,NA,NA,NA,NA,NA,NA,NA,NA
30113,1,2,2,0,0,2,2,0,0,9,8,1
30114,2,NA,NA,NA,NA,NA,NA,NA,NA,NA,NA,NA
30115,1,1,1,0,0,1,1,0,0,4,2,2
30116,2,NA,NA,NA,NA,NA,NA,NA,NA,NA,NA,NA
30117,2,NA,NA,NA,NA,NA,NA,NA,NA,NA,NA,NA
30118,2,NA,NA,NA,NA,NA,NA,NA,NA,NA,NA,NA
30119,9,NSS,NSS,NSS,NSS,NSS,NSS,NSS,NSS,NSS,NSS,NSS
30120,2,NA,NA,NA,NA,NA,NA,NA,NA,NA,NA,NA
30121,2,NA,NA,NA,NA,NA,NA,NA,NA,NA,NA,NA
30122,2,NA,NA,NA,NA,NA,NA,NA,NA,NA,NA,NA
30123,2,NA,NA,NA,NA,NA,NA,NA,NA,NA,NA,NA
30124,9,NSS,NSS,NSS,NSS,NSS,NSS,NSS,NSS,NSS,NSS,NSS
30125,9,NSS,NSS,NSS,NSS,NSS,NSS,NSS,NSS,NSS,NSS,NSS
30126,2,NA,NA,NA,NA,NA,NA,NA,NA,NA,NA,NA
30127,2,NA,NA,NA,NA,NA,NA,NA,NA,NA,NA,NA
30128,1,1,1,0,0,1,1,0,0,75,65,10
30129,2,NA,NA,NA,NA,NA,NA,NA,NA,NA,NA,NA
30130,1,2,2,0,0,2,2,0,0,37,34,3
30131,1,2,2,0,0,2,2,0,0,114,85,29
30132,1,4,4,0,0,4,4,0,0,16,14,2
30133,1,3,0,0,3,3,0,0,3,14,10,4
30134,2,NA,NA,NA,NA,NA,NA,NA,NA,NA,NA,NA
30135,1,1,1,0,0,1,1,0,0,25,21,4
30136,1,7,4,3,0,7,4,3,0,14,11,3
30137,2,NA,NA,NA,NA,NA,NA,NA,NA,NA,NA,NA
30138,9,NSS,NSS,NSS,NSS,NSS,NSS,NSS,NSS,NSS,NSS,NSS
30139,2,NA,NA,NA,NA,NA,NA,NA,NA,NA,NA,NA
30140,1,5,5,0,0,5,5,0,0,14,11,3
30141,1,3,0,3,0,3,0,3,0,195,161,34
30142,2,NA,NA,NA,NA,NA,NA,NA,NA,NA,NA,NA
30143,2,NA,NA,NA,NA,NA,NA,NA,NA,NA,NA,NA
30144,9,NSS,NSS,NSS,NSS,NSS,NSS,NSS,NSS,NSS,NSS,NSS
30145,1,1,1,0,0,1,1,0,0,8,8,0
30146,1,3,2,1,0,3,2,1,0,7,6,1
30147,9,NSS,NSS,NSS,NSS,NSS,NSS,NSS,NSS,NSS,NSS,NSS
30148,1,2,0,2,0,2,0,2,0,17,15,2
30149,2,NA,NA,NA,NA,NA,NA,NA,NA,NA,NA,NA
30150,2,NA,NA,NA,NA,NA,NA,NA,NA,NA,NA,NA
30151,2,NA,NA,NA,NA,NA,NA,NA,NA,NA,NA,NA
30152,2,NA,NA,NA,NA,NA,NA,NA,NA,NA,NA,NA
30153,2,NA,NA,NA,NA,NA,NA,NA,NA,NA,NA,NA
30154,2,NA,NA,NA,NA,NA,NA,NA,NA,NA,NA,NA
30155,1,24,0,24,0,24,0,24,0,24,22,2
30156,1,1,1,0,0,1,1,0,0,13,12,1
30157,2,NA,NA,NA,NA,NA,NA,NA,NA,NA,NA,NA
30158,2,NA,NA,NA,NA,NA,NA,NA,NA,NA,NA,NA
30159,1,3,3,0,0,3,3,0,0,13,13,0
30160,2,NA,NA,NA,NA,NA,NA,NA,NA,NA,NA,NA
30161,2,NA,NA,NA,NA,NA,NA,NA,NA,NA,NA,NA
30162,1,2,0,2,0,2,0,2,0,2,2,0
30163,2,NA,NA,NA,NA,NA,NA,NA,NA,NA,NA,NA
30164,1,2,2,0,0,2,2,0,0,13,12,1
30165,2,NA,NA,NA,NA,NA,NA,NA,NA,NA,NA,NA
30166,1,2,2,0,0,2,2,0,0,4,3,1
30167,1,5,0,5,0,5,0,5,0,5,5,0
30168,1,2,2,0,0,2,2,0,0,7,5,2
30169,9,NSS,NSS,NSS,NSS,NSS,NSS,NSS,NSS,NSS,NSS,NSS
30170,1,2,1,1,0,2,1,1,0,6,4,2
30171,1,1,1,0,0,1,1,0,0,14,12,2
30172,1,1,0,1,0,1,0,1,0,19,18,1
30173,1,2,2,0,0,2,2,0,0,14,14,0
30174,1,3,1,2,0,3,1,2,0,69,58,11
30175,2,NA,NA,NA,NA,NA,NA,NA,NA,NA,NA,NA
30176,2,NA,NA,NA,NA,NA,NA,NA,NA,NA,NA,NA
30177,2,NA,NA,NA,NA,NA,NA,NA,NA,NA,NA,NA
30178,1,1,0,0,1,1,0,0,1,15,15,0
30179,2,NA,NA,NA,NA,NA,NA,NA,NA,NA,NA,NA
30180,1,1,1,0,0,1,1,0,0,5,5,0
30181,2,NA,NA,NA,NA,NA,NA,NA,NA,NA,NA,NA
30182,2,NA,NA,NA,NA,NA,NA,NA,NA,NA,NA,NA
30183,2,NA,NA,NA,NA,NA,NA,NA,NA,NA,NA,NA
30184,2,NA,NA,NA,NA,NA,NA,NA,NA,NA,NA,NA
30185,2,NA,NA,NA,NA,NA,NA,NA,NA,NA,NA,NA
30186,1,11,3,8,0,11,3,8,0,12,11,1
30187,1,5,2,3,0,5,2,3,0,12,12,0
30188,1,1,1,0,0,1,1,0,0,9,8,1
30189,1,1,0,1,0,1,0,1,0,6,2,4
30190,2,NA,NA,NA,NA,NA,NA,NA,NA,NA,NA,NA
30191,9,NSS,NSS,NSS,NSS,NSS,NSS,NSS,NSS,NSS,NSS,NSS
30192,2,NA,NA,NA,NA,NA,NA,NA,NA,NA,NA,NA
30193,1,11,7,4,0,11,7,4,0,133,102,31
30194,2,NA,NA,NA,NA,NA,NA,NA,NA,NA,NA,NA
30195,1,4,2,2,0,4,2,2,0,9,7,2
30196,2,NA,NA,NA,NA,NA,NA,NA,NA,NA,NA,NA
30197,2,NA,NA,NA,NA,NA,NA,NA,NA,NA,NA,NA
30198,2,NA,NA,NA,NA,NA,NA,NA,NA,NA,NA,NA
30199,2,NA,NA,NA,NA,NA,NA,NA,NA,NA,NA,NA
30200,2,NA,NA,NA,NA,NA,NA,NA,NA,NA,NA,NA
30201,1,4,3,1,0,4,3,1,0,26,24,2
30202,1,2,0,2,0,2,0,2,0,18,17,1
30203,1,3,3,0,0,3,3,0,0,33,31,2
30204,2,NA,NA,NA,NA,NA,NA,NA,NA,NA,NA,NA
30205,2,NA,NA,NA,NA,NA,NA,NA,NA,NA,NA,NA
30206,1,36,1,35,0,36,1,35,0,36,25,11
30207,2,NA,NA,NA,NA,NA,NA,NA,NA,NA,NA,NA
30208,2,NA,NA,NA,NA,NA,NA,NA,NA,NA,NA,NA
30209,2,NA,NA,NA,NA,NA,NA,NA,NA,NA,NA,NA
30210,2,NA,NA,NA,NA,NA,NA,NA,NA,NA,NA,NA
30211,2,NA,NA,NA,NA,NA,NA,NA,NA,NA,NA,NA
30212,1,2,2,0,0,2,2,0,0,20,17,3
31001,2,NA,NA,NA,NA,NA,NA,NA,NA,NA,NA,NA
31002,2,NA,NA,NA,NA,NA,NA,NA,NA,NA,NA,NA
31003,1,3,3,0,0,3,3,0,0,28,20,8
31004,2,NA,NA,NA,NA,NA,NA,NA,NA,NA,NA,NA
31005,2,NA,NA,NA,NA,NA,NA,NA,NA,NA,NA,NA
31006,2,NA,NA,NA,NA,NA,NA,NA,NA,NA,NA,NA
31007,2,NA,NA,NA,NA,NA,NA,NA,NA,NA,NA,NA
31008,2,NA,NA,NA,NA,NA,NA,NA,NA,NA,NA,NA
31009,2,NA,NA,NA,NA,NA,NA,NA,NA,NA,NA,NA
31010,1,4,1,3,0,4,1,3,0,10,7,3
31011,1,2,2,0,0,2,2,0,0,14,10,4
31012,2,NA,NA,NA,NA,NA,NA,NA,NA,NA,NA,NA
31013,2,NA,NA,NA,NA,NA,NA,NA,NA,NA,NA,NA
31014,1,8,2,6,0,8,2,6,0,10,9,1
31015,2,NA,NA,NA,NA,NA,NA,NA,NA,NA,NA,NA
31016,1,2,2,0,0,2,2,0,0,19,17,2
31017,1,2,2,0,0,2,2,0,0,3,3,0
31018,1,2,2,0,0,2,2,0,0,24,22,2
31019,1,2,2,0,0,2,2,0,0,50,40,10
31020,1,2,2,0,0,2,2,0,0,7,5,2
31021,1,2,2,0,0,2,2,0,0,72,64,8
31022,1,3,3,0,0,3,3,0,0,10,8,2
31023,1,1,1,0,0,1,1,0,0,10,8,2
31024,1,2,2,0,0,2,2,0,0,16,13,3
31025,2,NA,NA,NA,NA,NA,NA,NA,NA,NA,NA,NA
31026,1,5,5,0,0,5,5,0,0,10,5,5
31027,2,NA,NA,NA,NA,NA,NA,NA,NA,NA,NA,NA
31028,2,NA,NA,NA,NA,NA,NA,NA,NA,NA,NA,NA
31029,2,NA,NA,NA,NA,NA,NA,NA,NA,NA,NA,NA
31030,2,NA,NA,NA,NA,NA,NA,NA,NA,NA,NA,NA
31031,1,2,2,0,0,2,2,0,0,12,10,2
31032,2,NA,NA,NA,NA,NA,NA,NA,NA,NA,NA,NA
31033,1,4,4,0,0,4,4,0,0,20,17,3
31034,2,NA,NA,NA,NA,NA,NA,NA,NA,NA,NA,NA
31035,2,NA,NA,NA,NA,NA,NA,NA,NA,NA,NA,NA
31036,2,NA,NA,NA,NA,NA,NA,NA,NA,NA,NA,NA
31037,1,7,7,0,0,6,6,0,0,14,10,4
31038,2,NA,NA,NA,NA,NA,NA,NA,NA,NA,NA,NA
31039,1,1,1,0,0,1,1,0,0,12,9,3
31040,2,NA,NA,NA,NA,NA,NA,NA,NA,NA,NA,NA
31041,2,NA,NA,NA,NA,NA,NA,NA,NA,NA,NA,NA
31042,1,6,6,0,0,6,6,0,0,23,19,4
31043,1,5,5,0,0,5,5,0,0,19,17,2
31044,2,NA,NA,NA,NA,NA,NA,NA,NA,NA,NA,NA
31045,1,1,1,0,0,1,1,0,0,6,5,1
31046,1,3,3,0,0,3,3,0,0,13,13,0
31047,1,5,5,0,0,5,5,0,0,16,12,4
31048,2,NA,NA,NA,NA,NA,NA,NA,NA,NA,NA,NA
31049,1,2,1,1,0,2,1,1,0,16,12,4
31050,1,48,42,5,1,48,42,5,1,374,326,48
31051,2,NA,NA,NA,NA,NA,NA,NA,NA,NA,NA,NA
31052,2,NA,NA,NA,NA,NA,NA,NA,NA,NA,NA,NA
31053,2,NA,NA,NA,NA,NA,NA,NA,NA,NA,NA,NA
31054,2,NA,NA,NA,NA,NA,NA,NA,NA,NA,NA,NA
31055,1,4,4,0,0,4,4,0,0,7,5,2
31056,1,3,2,1,0,3,2,1,0,53,43,10
31057,2,NA,NA,NA,NA,NA,NA,NA,NA,NA,NA,NA
31058,2,NA,NA,NA,NA,NA,NA,NA,NA,NA,NA,NA
31059,1,2,1,1,0,2,1,1,0,67,50,17
31060,2,NA,NA,NA,NA,NA,NA,NA,NA,NA,NA,NA
31061,2,NA,NA,NA,NA,NA,NA,NA,NA,NA,NA,NA
31062,1,10,10,0,0,10,10,0,0,20,16,4
31063,1,3,3,0,0,3,3,0,0,17,12,5
31064,2,NA,NA,NA,NA,NA,NA,NA,NA,NA,NA,NA
31065,2,NA,NA,NA,NA,NA,NA,NA,NA,NA,NA,NA
31066,2,NA,NA,NA,NA,NA,NA,NA,NA,NA,NA,NA
31067,2,NA,NA,NA,NA,NA,NA,NA,NA,NA,NA,NA
31068,2,NA,NA,NA,NA,NA,NA,NA,NA,NA,NA,NA
31069,1,3,3,0,0,3,3,0,0,35,35,0
31070,1,8,2,6,0,8,2,6,0,19,17,2
31071,2,NA,NA,NA,NA,NA,NA,NA,NA,NA,NA,NA
31072,2,NA,NA,NA,NA,NA,NA,NA,NA,NA,NA,NA
31073,2,NA,NA,NA,NA,NA,NA,NA,NA,NA,NA,NA
31074,2,NA,NA,NA,NA,NA,NA,NA,NA,NA,NA,NA
31075,1,3,3,0,0,3,3,0,0,18,15,3
31076,1,1,1,0,0,1,1,0,0,46,31,15
31077,2,NA,NA,NA,NA,NA,NA,NA,NA,NA,NA,NA
31078,2,NA,NA,NA,NA,NA,NA,NA,NA,NA,NA,NA
31079,1,7,5,2,0,5,4,1,0,65,34,31
31080,1,6,6,0,0,6,6,0,0,12,10,2
31081,1,10,9,1,0,10,9,1,0,15,12,3
31082,2,NA,NA,NA,NA,NA,NA,NA,NA,NA,NA,NA
31083,2,NA,NA,NA,NA,NA,NA,NA,NA,NA,NA,NA
31084,2,NA,NA,NA,NA,NA,NA,NA,NA,NA,NA,NA
31085,2,NA,NA,NA,NA,NA,NA,NA,NA,NA,NA,NA
31086,2,NA,NA,NA,NA,NA,NA,NA,NA,NA,NA,NA
31087,1,2,1,1,0,2,1,1,0,17,13,4
31088,2,NA,NA,NA,NA,NA,NA,NA,NA,NA,NA,NA
31089,1,10,10,0,0,10,10,0,0,53,43,10
31090,2,NA,NA,NA,NA,NA,NA,NA,NA,NA,NA,NA
31091,2,NA,NA,NA,NA,NA,NA,NA,NA,NA,NA,NA
31092,2,NA,NA,NA,NA,NA,NA,NA,NA,NA,NA,NA
31093,2,NA,NA,NA,NA,NA,NA,NA,NA,NA,NA,NA
31094,1,1,1,0,0,1,1,0,0,22,21,1
31095,1,4,2,2,0,4,2,2,0,11,7,4
31096,2,NA,NA,NA,NA,NA,NA,NA,NA,NA,NA,NA
31097,2,NA,NA,NA,NA,NA,NA,NA,NA,NA,NA,NA
31098,1,1,1,0,0,1,1,0,0,8,7,1
31099,1,1,1,0,0,1,1,0,0,14,13,1
31100,1,2,2,0,0,2,2,0,0,4,2,2
31101,1,11,11,0,0,11,11,0,0,221,184,37
31102,1,4,3,1,0,4,3,1,0,138,100,38
31103,2,NA,NA,NA,NA,NA,NA,NA,NA,NA,NA,NA
31104,1,7,7,0,0,7,7,0,0,34,32,2
31105,2,NA,NA,NA,NA,NA,NA,NA,NA,NA,NA,NA
31106,2,NA,NA,NA,NA,NA,NA,NA,NA,NA,NA,NA
32001,2,NA,NA,NA,NA,NA,NA,NA,NA,NA,NA,NA
32002,0,NA,NA,NA,NA,NA,NA,NA,NA,NA,NA,NA
32003,2,NA,NA,NA,NA,NA,NA,NA,NA,NA,NA,NA
32004,2,NA,NA,NA,NA,NA,NA,NA,NA,NA,NA,NA
32005,1,4,0,4,0,4,0,4,0,21,18,3
32006,2,NA,NA,NA,NA,NA,NA,NA,NA,NA,NA,NA
32007,2,NA,NA,NA,NA,NA,NA,NA,NA,NA,NA,NA
32008,1,NSS,NSS,NSS,NSS,NSS,NSS,NSS,NSS,NSS,NSS,NSS
32009,2,NA,NA,NA,NA,NA,NA,NA,NA,NA,NA,NA
32010,1,10,6,4,0,10,6,4,0,10,3,7
32011,2,NA,NA,NA,NA,NA,NA,NA,NA,NA,NA,NA
32012,2,NA,NA,NA,NA,NA,NA,NA,NA,NA,NA,NA
32013,1,3,2,1,0,3,2,1,0,4,3,1
32014,2,NA,NA,NA,NA,NA,NA,NA,NA,NA,NA,NA
32015,2,NA,NA,NA,NA,NA,NA,NA,NA,NA,NA,NA
32016,1,3,3,0,0,3,3,0,0,21,18,3
32017,1,33,33,0,0,33,33,0,0,274,184,90
32018,2,NA,NA,NA,NA,NA,NA,NA,NA,NA,NA,NA
32019,2,NA,NA,NA,NA,NA,NA,NA,NA,NA,NA,NA
32020,1,12,10,2,0,12,10,2,0,61,32,29
32021,1,3,3,0,0,3,3,0,0,1,0,1
32022,2,NA,NA,NA,NA,NA,NA,NA,NA,NA,NA,NA
32023,2,NA,NA,NA,NA,NA,NA,NA,NA,NA,NA,NA
32024,1,7,7,0,0,7,7,0,0,17,14,3
32025,2,NA,NA,NA,NA,NA,NA,NA,NA,NA,NA,NA
32026,2,NA,NA,NA,NA,NA,NA,NA,NA,NA,NA,NA
32027,2,NA,NA,NA,NA,NA,NA,NA,NA,NA,NA,NA
32028,2,NA,NA,NA,NA,NA,NA,NA,NA,NA,NA,NA
32029,2,NA,NA,NA,NA,NA,NA,NA,NA,NA,NA,NA
32030,2,NA,NA,NA,NA,NA,NA,NA,NA,NA,NA,NA
32031,2,NA,NA,NA,NA,NA,NA,NA,NA,NA,NA,NA
32032,9,NSS,NSS,NSS,NSS,NSS,NSS,NSS,NSS,NSS,NSS,NSS
32033,1,1,1,0,0,1,1,0,0,10,9,1
32034,1,1,1,0,0,1,1,0,0,15,13,2
32035,1,3,3,0,0,3,3,0,0,2,2,0
32036,2,NA,NA,NA,NA,NA,NA,NA,NA,NA,NA,NA
32037,2,NA,NA,NA,NA,NA,NA,NA,NA,NA,NA,NA
32038,1,3,3,0,0,3,3,0,0,3,3,0
32039,1,15,15,0,0,10,10,0,0,15,13,2
32040,1,2,0,2,0,2,0,2,0,4,3,1
32041,2,NA,NA,NA,NA,NA,NA,NA,NA,NA,NA,NA
32042,1,10,10,0,0,10,10,0,0,20,17,3
32043,2,NA,NA,NA,NA,NA,NA,NA,NA,NA,NA,NA
32044,1,5,5,0,0,5,5,0,0,7,5,2
32045,2,NA,NA,NA,NA,NA,NA,NA,NA,NA,NA,NA
32046,2,NA,NA,NA,NA,NA,NA,NA,NA,NA,NA,NA
32047,2,NA,NA,NA,NA,NA,NA,NA,NA,NA,NA,NA
32048,2,NA,NA,NA,NA,NA,NA,NA,NA,NA,NA,NA
32049,2,NA,NA,NA,NA,NA,NA,NA,NA,NA,NA,NA
32050,1,2,1,1,0,2,1,1,0,2,2,0
32051,2,NA,NA,NA,NA,NA,NA,NA,NA,NA,NA,NA
32052,2,NA,NA,NA,NA,NA,NA,NA,NA,NA,NA,NA
32053,2,NA,NA,NA,NA,NA,NA,NA,NA,NA,NA,NA
32054,2,NA,NA,NA,NA,NA,NA,NA,NA,NA,NA,NA
32055,1,3,3,0,0,3,3,0,0,3,2,1
32056,9,NSS,NSS,NSS,NSS,NSS,NSS,NSS,NSS,NSS,NSS,NSS
32057,1,2,2,0,0,2,2,0,0,6,4,2
32058,2,NA,NA,NA,NA,NA,NA,NA,NA,NA,NA,NA
